2025-09-29 14:35:01 | PROCESAMIENTO ACTIVADO manualmente
2025-09-29 14:35:58 | CORREO RECHAZADO - Dominio: /o=exchangelabs/ou=exchange administrative group (fydibohf23spdlt)/cn=recipients/cn=ae5593c6f8e94e678c4f8ff7f06b45ed-4e71df3e-8c - Asunto: RV: RENOVACIÓN PÓLIZA DE VIDA INDIVIDUAL 251894796 COUTTOLENC GARCIA TERUEL ALEJANDRO
2025-09-29 14:38:00 | CORREO RECHAZADO - Dominio: /o=exchangelabs/ou=exchange administrative group (fydibohf23spdlt)/cn=recipients/cn=ae5593c6f8e94e678c4f8ff7f06b45ed-4e71df3e-8c - Asunto: RV: RENOVACIÓN PÓLIZA DE VIDA INDIVIDUAL 251894796 COUTTOLENC GARCIA TERUEL ALEJANDRO
2025-09-29 14:43:35 | PROCESAMIENTO ACTIVADO manualmente
2025-09-29 14:44:22 | === INICIANDO DETECCIÓN DE EMAIL ===
2025-09-29 14:44:22 | Tipo de email: EX
2025-09-29 14:44:22 | SenderEmailAddress: /O=EXCHANGELABS/OU=EXCHANGE ADMINISTRATIVE GROUP (FYDIBOHF23SPDLT)/CN=RECIPIENTS/CN=AE5593C6F8E94E678C4F8FF7F06B45ED-4E71DF3E-8C
2025-09-29 14:44:22 | SenderName: Acevedo Couttolenc / Ricardo Gaspariano Galán
2025-09-29 14:44:22 | ?? Detectada cuenta EXCHANGE, extrayendo email real...
2025-09-29 14:44:22 | ? Email REAL obtenido de Exchange: programador@ACEVEDOCOUTTOLENC.COM
2025-09-29 14:44:22 | ?? Comparando dominio: acevedocouttolenc.com vs acevedocuttolenc.com
2025-09-29 14:44:22 | ? DOMINIO NO COINCIDE
2025-09-29 14:44:22 | CORREO RECHAZADO - Dominio: programador@acevedocouttolenc.com - Asunto: RV: RENOVACIÓN PÓLIZA DE VIDA INDIVIDUAL 251894796 COUTTOLENC GARCIA TERUEL ALEJANDRO
2025-09-29 14:47:18 | PROCESAMIENTO ACTIVADO manualmente
2025-09-29 14:47:59 | === INICIANDO DETECCIÓN DE EMAIL ===
2025-09-29 14:47:59 | Tipo de email: EX
2025-09-29 14:47:59 | SenderEmailAddress: /O=EXCHANGELABS/OU=EXCHANGE ADMINISTRATIVE GROUP (FYDIBOHF23SPDLT)/CN=RECIPIENTS/CN=AE5593C6F8E94E678C4F8FF7F06B45ED-4E71DF3E-8C
2025-09-29 14:47:59 | SenderName: Acevedo Couttolenc / Ricardo Gaspariano Galán
2025-09-29 14:47:59 | ?? Detectada cuenta EXCHANGE, extrayendo email real...
2025-09-29 14:47:59 | ? Email REAL obtenido de Exchange: programador@ACEVEDOCOUTTOLENC.COM
2025-09-29 14:47:59 | ?? Comparando dominio: acevedocouttolenc.com vs acevedocouttolenc.com
2025-09-29 14:47:59 | ? DOMINIO COINCIDE
2025-09-29 14:47:59 | CORREO ACEPTADO - Dominio: programador@acevedocouttolenc.com - Asunto: RV: RENOVACIÓN PÓLIZA DE VIDA INDIVIDUAL 251894796 COUTTOLENC GARCIA TERUEL ALEJANDRO
2025-09-29 14:50:25 | PROCESAMIENTO ACTIVADO manualmente
2025-09-29 14:51:02 | === INICIANDO DETECCIÓN DE EMAIL ===
2025-09-29 14:51:02 | Tipo de email: EX
2025-09-29 14:51:02 | SenderEmailAddress: /O=EXCHANGELABS/OU=EXCHANGE ADMINISTRATIVE GROUP (FYDIBOHF23SPDLT)/CN=RECIPIENTS/CN=AE5593C6F8E94E678C4F8FF7F06B45ED-4E71DF3E-8C
2025-09-29 14:51:02 | SenderName: Acevedo Couttolenc / Ricardo Gaspariano Galán
2025-09-29 14:51:02 | ?? Detectada cuenta EXCHANGE, extrayendo email real...
2025-09-29 14:51:02 | ? Email REAL obtenido de Exchange: programador@ACEVEDOCOUTTOLENC.COM
2025-09-29 14:51:02 | ?? Comparando dominio: acevedocouttolenc.com vs acevedocouttolenc.com
2025-09-29 14:51:02 | ? DOMINIO COINCIDE
2025-09-29 14:51:02 | CORREO ACEPTADO - Dominio: programador@acevedocouttolenc.com - Asunto: RV: RENOVACIÓN PÓLIZA DE VIDA INDIVIDUAL 251894796 COUTTOLENC GARCIA TERUEL ALEJANDRO
2025-09-29 14:52:34 | PROCESAMIENTO ACTIVADO manualmente
2025-09-29 14:53:46 | === INICIANDO DETECCIÓN DE EMAIL ===
2025-09-29 14:53:46 | Tipo de email: EX
2025-09-29 14:53:46 | SenderEmailAddress: /O=EXCHANGELABS/OU=EXCHANGE ADMINISTRATIVE GROUP (FYDIBOHF23SPDLT)/CN=RECIPIENTS/CN=AE5593C6F8E94E678C4F8FF7F06B45ED-4E71DF3E-8C
2025-09-29 14:53:46 | SenderName: Acevedo Couttolenc / Ricardo Gaspariano Galán
2025-09-29 14:53:46 | ?? Detectada cuenta EXCHANGE, extrayendo email real...
2025-09-29 14:53:46 | ? Email REAL obtenido de Exchange: programador@ACEVEDOCOUTTOLENC.COM
2025-09-29 14:53:46 | ?? Comparando dominio: acevedocouttolenc.com vs acevedocouttolenc.com
2025-09-29 14:53:46 | ? DOMINIO COINCIDE
2025-09-29 14:53:46 | CORREO ACEPTADO - Dominio: programador@acevedocouttolenc.com - Asunto: RV: RENOVACIÓN PÓLIZA DE VIDA INDIVIDUAL 251894796 COUTTOLENC GARCIA TERUEL ALEJANDRO
2025-09-29 14:57:27 | PROCESAMIENTO ACTIVADO manualmente
2025-09-29 14:59:01 | === INICIANDO DETECCIÓN DE EMAIL ===
2025-09-29 14:59:01 | Tipo de email: EX
2025-09-29 14:59:01 | SenderEmailAddress: /O=EXCHANGELABS/OU=EXCHANGE ADMINISTRATIVE GROUP (FYDIBOHF23SPDLT)/CN=RECIPIENTS/CN=AE5593C6F8E94E678C4F8FF7F06B45ED-4E71DF3E-8C
2025-09-29 14:59:01 | SenderName: Acevedo Couttolenc / Ricardo Gaspariano Galán
2025-09-29 14:59:01 | ?? Detectada cuenta EXCHANGE, extrayendo email real...
2025-09-29 14:59:01 | ? Email REAL obtenido de Exchange: programador@ACEVEDOCOUTTOLENC.COM
2025-09-29 14:59:01 | ?? Comparando dominio: acevedocouttolenc.com vs acevedocouttolenc.com
2025-09-29 14:59:01 | ? DOMINIO COINCIDE
2025-09-29 14:59:01 | CORREO ACEPTADO - Dominio: programador@acevedocouttolenc.com - Asunto: 
2025-09-29 14:59:01 | PDF DESCARGADO: 20250929_145901_programador_sin_nombre_10102025_251894796_COUTTOLENC_GARCIA_TERUEL_ALEJANDRO.pdf - De: programador@acevedocouttolenc.com
2025-09-29 14:59:01 | TOTAL PDFs DESCARGADOS: 1 de programador@acevedocouttolenc.com
2025-09-29 14:59:22 | === INICIANDO DETECCIÓN DE EMAIL ===
2025-09-29 14:59:22 | Tipo de email: SMTP
2025-09-29 14:59:22 | SenderEmailAddress: pyd.proyectos1@hotmail.com
2025-09-29 14:59:22 | SenderName: PYD Roberto SERRA
2025-09-29 14:59:22 | ? Email obtenido por SenderEmailAddress: pyd.proyectos1@hotmail.com
2025-09-29 14:59:22 | ?? Comparando dominio: hotmail.com vs acevedocouttolenc.com
2025-09-29 14:59:22 | ? DOMINIO NO COINCIDE
2025-09-29 14:59:22 | CORREO RECHAZADO - Dominio: pyd.proyectos1@hotmail.com - Asunto: Re: 100077761 // PROYECTOS Y DESARROLLO SERRA // VW JETTA HIGHLINE TIP MOD 2019
2025-09-29 15:18:36 | ? Email obtenido por SenderEmailAddress: informaciondetickets@sicas.com.mx
2025-09-29 15:18:36 | ?? Comparando dominio: sicas.com.mx vs acevedocouttolenc.com
2025-09-29 15:18:36 | ? DOMINIO NO COINCIDE
2025-09-29 15:18:36 | ? Email obtenido por SenderEmailAddress: informaciondetickets@sicas.com.mx
2025-09-29 15:18:36 | ?? Comparando dominio: sicas.com.mx vs acevedocouttolenc.com
2025-09-29 15:18:36 | ? DOMINIO NO COINCIDE
2025-09-29 15:18:36 | ? Email obtenido por SenderEmailAddress: informaciondetickets@sicas.com.mx
2025-09-29 15:18:36 | ?? Comparando dominio: sicas.com.mx vs acevedocouttolenc.com
2025-09-29 15:18:36 | ? DOMINIO NO COINCIDE
2025-09-29 15:18:36 | ? Email obtenido por SenderEmailAddress: informaciondetickets@sicas.com.mx
2025-09-29 15:18:36 | ?? Comparando dominio: sicas.com.mx vs acevedocouttolenc.com
2025-09-29 15:18:36 | ? DOMINIO NO COINCIDE
2025-09-29 15:18:36 | ? Email obtenido por SenderEmailAddress: informaciondetickets@sicas.com.mx
2025-09-29 15:18:36 | ?? Comparando dominio: sicas.com.mx vs acevedocouttolenc.com
2025-09-29 15:18:36 | ? DOMINIO NO COINCIDE
2025-09-29 15:18:36 | ? Email obtenido por SenderEmailAddress: informaciondetickets@sicas.com.mx
2025-09-29 15:18:36 | ?? Comparando dominio: sicas.com.mx vs acevedocouttolenc.com
2025-09-29 15:18:36 | ? DOMINIO NO COINCIDE
2025-09-29 15:18:36 | ? Email obtenido por SenderEmailAddress: informaciondetickets@sicas.com.mx
2025-09-29 15:18:36 | ?? Comparando dominio: sicas.com.mx vs acevedocouttolenc.com
2025-09-29 15:18:36 | ? DOMINIO NO COINCIDE
2025-09-29 15:18:36 | ? Email obtenido por SenderEmailAddress: informaciondetickets@sicas.com.mx
2025-09-29 15:18:36 | ?? Comparando dominio: sicas.com.mx vs acevedocouttolenc.com
2025-09-29 15:18:36 | ? DOMINIO NO COINCIDE
2025-09-29 15:18:36 | ? Email obtenido por SenderEmailAddress: informaciondetickets@sicas.com.mx
2025-09-29 15:18:36 | ?? Comparando dominio: sicas.com.mx vs acevedocouttolenc.com
2025-09-29 15:18:36 | ? DOMINIO NO COINCIDE
2025-09-29 15:18:36 | ? Email obtenido por SenderEmailAddress: ricardo.gaspariano.g@gmail.com
2025-09-29 15:18:36 | ?? Comparando dominio: gmail.com vs acevedocouttolenc.com
2025-09-29 15:18:36 | ? DOMINIO NO COINCIDE
2025-09-29 15:18:36 | ? Email obtenido por SenderEmailAddress: informaciondetickets@sicas.com.mx
2025-09-29 15:18:36 | ?? Comparando dominio: sicas.com.mx vs acevedocouttolenc.com
2025-09-29 15:18:36 | ? DOMINIO NO COINCIDE
2025-09-29 15:18:36 | ? Email obtenido por SenderEmailAddress: informaciondetickets@sicas.com.mx
2025-09-29 15:18:36 | ?? Comparando dominio: sicas.com.mx vs acevedocouttolenc.com
2025-09-29 15:18:36 | ? DOMINIO NO COINCIDE
2025-09-29 15:18:36 | ? Email obtenido por SenderEmailAddress: informaciondetickets@sicas.com.mx
2025-09-29 15:18:36 | ?? Comparando dominio: sicas.com.mx vs acevedocouttolenc.com
2025-09-29 15:18:36 | ? DOMINIO NO COINCIDE
2025-09-29 15:18:36 | ? Email obtenido por SenderEmailAddress: informaciondetickets@sicas.com.mx
2025-09-29 15:18:36 | ?? Comparando dominio: sicas.com.mx vs acevedocouttolenc.com
2025-09-29 15:18:36 | ? DOMINIO NO COINCIDE
2025-09-29 15:18:36 | ? Email obtenido por SenderEmailAddress: informaciondetickets@sicas.com.mx
2025-09-29 15:18:36 | ?? Comparando dominio: sicas.com.mx vs acevedocouttolenc.com
2025-09-29 15:18:36 | ? DOMINIO NO COINCIDE
2025-09-29 15:18:36 | ?? Detectada cuenta EXCHANGE, extrayendo email real...
2025-09-29 15:18:36 | ? Email REAL obtenido de Exchange: recursoshumanos@ACEVEDOCOUTTOLENC.COM
2025-09-29 15:18:36 | ?? Comparando dominio: acevedocouttolenc.com vs acevedocouttolenc.com
2025-09-29 15:18:36 | ? DOMINIO COINCIDE
2025-09-29 15:18:36 | ?? Detectada cuenta EXCHANGE, extrayendo email real...
2025-09-29 15:18:36 | ? Email REAL obtenido de Exchange: recursoshumanos@ACEVEDOCOUTTOLENC.COM
2025-09-29 15:18:36 | ?? Comparando dominio: acevedocouttolenc.com vs acevedocouttolenc.com
2025-09-29 15:18:36 | ? DOMINIO COINCIDE
2025-09-29 15:18:36 | ?? Detectada cuenta EXCHANGE, extrayendo email real...
2025-09-29 15:18:36 | ? Email REAL obtenido de Exchange: alejandroa@ACEVEDOCOUTTOLENC.COM
2025-09-29 15:18:36 | ?? Comparando dominio: acevedocouttolenc.com vs acevedocouttolenc.com
2025-09-29 15:18:36 | ? DOMINIO COINCIDE
2025-09-29 15:18:36 | ? Email obtenido por SenderEmailAddress: cursos@sicas.com.mx
2025-09-29 15:18:36 | ?? Comparando dominio: sicas.com.mx vs acevedocouttolenc.com
2025-09-29 15:18:36 | ? DOMINIO NO COINCIDE
2025-09-29 15:18:36 | ? Email obtenido por SenderEmailAddress: ricardo.gaspariano.g@gmail.com
2025-09-29 15:18:36 | ?? Comparando dominio: gmail.com vs acevedocouttolenc.com
2025-09-29 15:18:36 | ? DOMINIO NO COINCIDE
2025-09-29 15:18:36 | ? Email obtenido por SenderEmailAddress: puebla@4netw.com
2025-09-29 15:18:36 | ?? Comparando dominio: 4netw.com vs acevedocouttolenc.com
2025-09-29 15:18:36 | ? DOMINIO NO COINCIDE
2025-09-29 15:18:36 | ?? Detectada cuenta EXCHANGE, extrayendo email real...
2025-09-29 15:18:36 | ? Email REAL obtenido de Exchange: recursoshumanos@ACEVEDOCOUTTOLENC.COM
2025-09-29 15:18:36 | ?? Comparando dominio: acevedocouttolenc.com vs acevedocouttolenc.com
2025-09-29 15:18:36 | ? DOMINIO COINCIDE
2025-09-29 15:18:36 | ?? Detectada cuenta EXCHANGE, extrayendo email real...
2025-09-29 15:18:36 | ? Email REAL obtenido de Exchange: sistemas1@ACEVEDOCOUTTOLENC.COM
2025-09-29 15:18:36 | ?? Comparando dominio: acevedocouttolenc.com vs acevedocouttolenc.com
2025-09-29 15:18:36 | ? DOMINIO COINCIDE
2025-09-29 15:25:29 | ? Email obtenido por SenderEmailAddress: informaciondetickets@sicas.com.mx
2025-09-29 15:25:29 | ?? Comparando dominio: sicas.com.mx vs acevedocouttolenc.com
2025-09-29 15:25:29 | ? DOMINIO NO COINCIDE
2025-09-29 15:25:29 | ? Email obtenido por SenderEmailAddress: informaciondetickets@sicas.com.mx
2025-09-29 15:25:29 | ?? Comparando dominio: sicas.com.mx vs acevedocouttolenc.com
2025-09-29 15:25:29 | ? DOMINIO NO COINCIDE
2025-09-29 15:25:29 | ? Email obtenido por SenderEmailAddress: informaciondetickets@sicas.com.mx
2025-09-29 15:25:29 | ?? Comparando dominio: sicas.com.mx vs acevedocouttolenc.com
2025-09-29 15:25:29 | ? DOMINIO NO COINCIDE
2025-09-29 15:25:29 | ? Email obtenido por SenderEmailAddress: informaciondetickets@sicas.com.mx
2025-09-29 15:25:29 | ?? Comparando dominio: sicas.com.mx vs acevedocouttolenc.com
2025-09-29 15:25:29 | ? DOMINIO NO COINCIDE
2025-09-29 15:25:29 | ? Email obtenido por SenderEmailAddress: informaciondetickets@sicas.com.mx
2025-09-29 15:25:29 | ?? Comparando dominio: sicas.com.mx vs acevedocouttolenc.com
2025-09-29 15:25:29 | ? DOMINIO NO COINCIDE
2025-09-29 15:25:29 | ? Email obtenido por SenderEmailAddress: informaciondetickets@sicas.com.mx
2025-09-29 15:25:29 | ?? Comparando dominio: sicas.com.mx vs acevedocouttolenc.com
2025-09-29 15:25:29 | ? DOMINIO NO COINCIDE
2025-09-29 15:25:29 | ? Email obtenido por SenderEmailAddress: informaciondetickets@sicas.com.mx
2025-09-29 15:25:29 | ?? Comparando dominio: sicas.com.mx vs acevedocouttolenc.com
2025-09-29 15:25:29 | ? DOMINIO NO COINCIDE
2025-09-29 15:25:29 | ? Email obtenido por SenderEmailAddress: informaciondetickets@sicas.com.mx
2025-09-29 15:25:29 | ?? Comparando dominio: sicas.com.mx vs acevedocouttolenc.com
2025-09-29 15:25:29 | ? DOMINIO NO COINCIDE
2025-09-29 15:25:29 | ? Email obtenido por SenderEmailAddress: informaciondetickets@sicas.com.mx
2025-09-29 15:25:29 | ?? Comparando dominio: sicas.com.mx vs acevedocouttolenc.com
2025-09-29 15:25:29 | ? DOMINIO NO COINCIDE
2025-09-29 15:25:29 | ? Email obtenido por SenderEmailAddress: ricardo.gaspariano.g@gmail.com
2025-09-29 15:25:29 | ?? Comparando dominio: gmail.com vs acevedocouttolenc.com
2025-09-29 15:25:29 | ? DOMINIO NO COINCIDE
2025-09-29 15:25:29 | ? Email obtenido por SenderEmailAddress: informaciondetickets@sicas.com.mx
2025-09-29 15:25:29 | ?? Comparando dominio: sicas.com.mx vs acevedocouttolenc.com
2025-09-29 15:25:29 | ? DOMINIO NO COINCIDE
2025-09-29 15:25:29 | ? Email obtenido por SenderEmailAddress: informaciondetickets@sicas.com.mx
2025-09-29 15:25:29 | ?? Comparando dominio: sicas.com.mx vs acevedocouttolenc.com
2025-09-29 15:25:29 | ? DOMINIO NO COINCIDE
2025-09-29 15:25:29 | ? Email obtenido por SenderEmailAddress: informaciondetickets@sicas.com.mx
2025-09-29 15:25:29 | ?? Comparando dominio: sicas.com.mx vs acevedocouttolenc.com
2025-09-29 15:25:29 | ? DOMINIO NO COINCIDE
2025-09-29 15:25:29 | ? Email obtenido por SenderEmailAddress: informaciondetickets@sicas.com.mx
2025-09-29 15:25:29 | ?? Comparando dominio: sicas.com.mx vs acevedocouttolenc.com
2025-09-29 15:25:29 | ? DOMINIO NO COINCIDE
2025-09-29 15:25:29 | ? Email obtenido por SenderEmailAddress: informaciondetickets@sicas.com.mx
2025-09-29 15:25:29 | ?? Comparando dominio: sicas.com.mx vs acevedocouttolenc.com
2025-09-29 15:25:29 | ? DOMINIO NO COINCIDE
2025-09-29 15:25:29 | ?? Detectada cuenta EXCHANGE, extrayendo email real...
2025-09-29 15:25:29 | ? Email REAL obtenido de Exchange: recursoshumanos@ACEVEDOCOUTTOLENC.COM
2025-09-29 15:25:29 | ?? Comparando dominio: acevedocouttolenc.com vs acevedocouttolenc.com
2025-09-29 15:25:29 | ? DOMINIO COINCIDE
2025-09-29 15:25:29 | ?? Detectada cuenta EXCHANGE, extrayendo email real...
2025-09-29 15:25:29 | ? Email REAL obtenido de Exchange: recursoshumanos@ACEVEDOCOUTTOLENC.COM
2025-09-29 15:25:29 | ?? Comparando dominio: acevedocouttolenc.com vs acevedocouttolenc.com
2025-09-29 15:25:29 | ? DOMINIO COINCIDE
2025-09-29 15:25:29 | ?? Detectada cuenta EXCHANGE, extrayendo email real...
2025-09-29 15:25:29 | ? Email REAL obtenido de Exchange: alejandroa@ACEVEDOCOUTTOLENC.COM
2025-09-29 15:25:29 | ?? Comparando dominio: acevedocouttolenc.com vs acevedocouttolenc.com
2025-09-29 15:25:29 | ? DOMINIO COINCIDE
2025-09-29 15:25:29 | ? Email obtenido por SenderEmailAddress: cursos@sicas.com.mx
2025-09-29 15:25:29 | ?? Comparando dominio: sicas.com.mx vs acevedocouttolenc.com
2025-09-29 15:25:29 | ? DOMINIO NO COINCIDE
2025-09-29 15:25:29 | ? Email obtenido por SenderEmailAddress: ricardo.gaspariano.g@gmail.com
2025-09-29 15:25:29 | ?? Comparando dominio: gmail.com vs acevedocouttolenc.com
2025-09-29 15:25:29 | ? DOMINIO NO COINCIDE
2025-09-29 15:25:29 | ? Email obtenido por SenderEmailAddress: puebla@4netw.com
2025-09-29 15:25:29 | ?? Comparando dominio: 4netw.com vs acevedocouttolenc.com
2025-09-29 15:25:29 | ? DOMINIO NO COINCIDE
2025-09-29 15:25:29 | ?? Detectada cuenta EXCHANGE, extrayendo email real...
2025-09-29 15:25:29 | ? Email REAL obtenido de Exchange: recursoshumanos@ACEVEDOCOUTTOLENC.COM
2025-09-29 15:25:29 | ?? Comparando dominio: acevedocouttolenc.com vs acevedocouttolenc.com
2025-09-29 15:25:29 | ? DOMINIO COINCIDE
2025-09-29 15:25:29 | ?? Detectada cuenta EXCHANGE, extrayendo email real...
2025-09-29 15:25:29 | ? Email REAL obtenido de Exchange: sistemas1@ACEVEDOCOUTTOLENC.COM
2025-09-29 15:25:29 | ?? Comparando dominio: acevedocouttolenc.com vs acevedocouttolenc.com
2025-09-29 15:25:29 | ? DOMINIO COINCIDE
2025-09-29 15:25:51 | ? Email obtenido por SenderEmailAddress: informaciondetickets@sicas.com.mx
2025-09-29 15:25:51 | ?? Comparando dominio: sicas.com.mx vs acevedocouttolenc.com
2025-09-29 15:25:51 | ? DOMINIO NO COINCIDE
2025-09-29 15:25:51 | ? Email obtenido por SenderEmailAddress: informaciondetickets@sicas.com.mx
2025-09-29 15:25:51 | ?? Comparando dominio: sicas.com.mx vs acevedocouttolenc.com
2025-09-29 15:25:51 | ? DOMINIO NO COINCIDE
2025-09-29 15:25:51 | ? Email obtenido por SenderEmailAddress: informaciondetickets@sicas.com.mx
2025-09-29 15:25:51 | ?? Comparando dominio: sicas.com.mx vs acevedocouttolenc.com
2025-09-29 15:25:51 | ? DOMINIO NO COINCIDE
2025-09-29 15:25:51 | ? Email obtenido por SenderEmailAddress: informaciondetickets@sicas.com.mx
2025-09-29 15:25:51 | ?? Comparando dominio: sicas.com.mx vs acevedocouttolenc.com
2025-09-29 15:25:51 | ? DOMINIO NO COINCIDE
2025-09-29 15:25:51 | ? Email obtenido por SenderEmailAddress: informaciondetickets@sicas.com.mx
2025-09-29 15:25:51 | ?? Comparando dominio: sicas.com.mx vs acevedocouttolenc.com
2025-09-29 15:25:51 | ? DOMINIO NO COINCIDE
2025-09-29 15:25:51 | ? Email obtenido por SenderEmailAddress: informaciondetickets@sicas.com.mx
2025-09-29 15:25:51 | ?? Comparando dominio: sicas.com.mx vs acevedocouttolenc.com
2025-09-29 15:25:51 | ? DOMINIO NO COINCIDE
2025-09-29 15:25:51 | ? Email obtenido por SenderEmailAddress: informaciondetickets@sicas.com.mx
2025-09-29 15:25:51 | ?? Comparando dominio: sicas.com.mx vs acevedocouttolenc.com
2025-09-29 15:25:51 | ? DOMINIO NO COINCIDE
2025-09-29 15:25:51 | ? Email obtenido por SenderEmailAddress: informaciondetickets@sicas.com.mx
2025-09-29 15:25:51 | ?? Comparando dominio: sicas.com.mx vs acevedocouttolenc.com
2025-09-29 15:25:51 | ? DOMINIO NO COINCIDE
2025-09-29 15:25:51 | ? Email obtenido por SenderEmailAddress: informaciondetickets@sicas.com.mx
2025-09-29 15:25:51 | ?? Comparando dominio: sicas.com.mx vs acevedocouttolenc.com
2025-09-29 15:25:51 | ? DOMINIO NO COINCIDE
2025-09-29 15:25:51 | ? Email obtenido por SenderEmailAddress: ricardo.gaspariano.g@gmail.com
2025-09-29 15:25:51 | ?? Comparando dominio: gmail.com vs acevedocouttolenc.com
2025-09-29 15:25:51 | ? DOMINIO NO COINCIDE
2025-09-29 15:25:51 | ? Email obtenido por SenderEmailAddress: informaciondetickets@sicas.com.mx
2025-09-29 15:25:51 | ?? Comparando dominio: sicas.com.mx vs acevedocouttolenc.com
2025-09-29 15:25:51 | ? DOMINIO NO COINCIDE
2025-09-29 15:25:51 | ? Email obtenido por SenderEmailAddress: informaciondetickets@sicas.com.mx
2025-09-29 15:25:51 | ?? Comparando dominio: sicas.com.mx vs acevedocouttolenc.com
2025-09-29 15:25:51 | ? DOMINIO NO COINCIDE
2025-09-29 15:25:51 | ? Email obtenido por SenderEmailAddress: informaciondetickets@sicas.com.mx
2025-09-29 15:25:51 | ?? Comparando dominio: sicas.com.mx vs acevedocouttolenc.com
2025-09-29 15:25:51 | ? DOMINIO NO COINCIDE
2025-09-29 15:25:51 | ? Email obtenido por SenderEmailAddress: informaciondetickets@sicas.com.mx
2025-09-29 15:25:51 | ?? Comparando dominio: sicas.com.mx vs acevedocouttolenc.com
2025-09-29 15:25:51 | ? DOMINIO NO COINCIDE
2025-09-29 15:25:51 | ? Email obtenido por SenderEmailAddress: informaciondetickets@sicas.com.mx
2025-09-29 15:25:51 | ?? Comparando dominio: sicas.com.mx vs acevedocouttolenc.com
2025-09-29 15:25:51 | ? DOMINIO NO COINCIDE
2025-09-29 15:25:51 | ?? Detectada cuenta EXCHANGE, extrayendo email real...
2025-09-29 15:25:51 | ? Email REAL obtenido de Exchange: recursoshumanos@ACEVEDOCOUTTOLENC.COM
2025-09-29 15:25:51 | ?? Comparando dominio: acevedocouttolenc.com vs acevedocouttolenc.com
2025-09-29 15:25:51 | ? DOMINIO COINCIDE
2025-09-29 15:25:51 | ?? Detectada cuenta EXCHANGE, extrayendo email real...
2025-09-29 15:25:51 | ? Email REAL obtenido de Exchange: recursoshumanos@ACEVEDOCOUTTOLENC.COM
2025-09-29 15:25:51 | ?? Comparando dominio: acevedocouttolenc.com vs acevedocouttolenc.com
2025-09-29 15:25:51 | ? DOMINIO COINCIDE
2025-09-29 15:25:51 | ?? Detectada cuenta EXCHANGE, extrayendo email real...
2025-09-29 15:25:51 | ? Email REAL obtenido de Exchange: alejandroa@ACEVEDOCOUTTOLENC.COM
2025-09-29 15:25:51 | ?? Comparando dominio: acevedocouttolenc.com vs acevedocouttolenc.com
2025-09-29 15:25:51 | ? DOMINIO COINCIDE
2025-09-29 15:25:51 | ? Email obtenido por SenderEmailAddress: cursos@sicas.com.mx
2025-09-29 15:25:51 | ?? Comparando dominio: sicas.com.mx vs acevedocouttolenc.com
2025-09-29 15:25:51 | ? DOMINIO NO COINCIDE
2025-09-29 15:25:51 | ? Email obtenido por SenderEmailAddress: ricardo.gaspariano.g@gmail.com
2025-09-29 15:25:51 | ?? Comparando dominio: gmail.com vs acevedocouttolenc.com
2025-09-29 15:25:51 | ? DOMINIO NO COINCIDE
2025-09-29 15:25:51 | ? Email obtenido por SenderEmailAddress: puebla@4netw.com
2025-09-29 15:25:51 | ?? Comparando dominio: 4netw.com vs acevedocouttolenc.com
2025-09-29 15:25:51 | ? DOMINIO NO COINCIDE
2025-09-29 15:25:51 | ?? Detectada cuenta EXCHANGE, extrayendo email real...
2025-09-29 15:25:51 | ? Email REAL obtenido de Exchange: recursoshumanos@ACEVEDOCOUTTOLENC.COM
2025-09-29 15:25:51 | ?? Comparando dominio: acevedocouttolenc.com vs acevedocouttolenc.com
2025-09-29 15:25:51 | ? DOMINIO COINCIDE
2025-09-29 15:25:51 | ?? Detectada cuenta EXCHANGE, extrayendo email real...
2025-09-29 15:25:51 | ? Email REAL obtenido de Exchange: sistemas1@ACEVEDOCOUTTOLENC.COM
2025-09-29 15:25:51 | ?? Comparando dominio: acevedocouttolenc.com vs acevedocouttolenc.com
2025-09-29 15:25:51 | ? DOMINIO COINCIDE
2025-09-29 15:29:25 | ? Email obtenido por SenderEmailAddress: informaciondetickets@sicas.com.mx
2025-09-29 15:29:25 | ?? Comparando dominio: sicas.com.mx vs acevedocouttolenc.com
2025-09-29 15:29:25 | ? DOMINIO NO COINCIDE
2025-09-29 15:29:25 | ? Email obtenido por SenderEmailAddress: informaciondetickets@sicas.com.mx
2025-09-29 15:29:25 | ?? Comparando dominio: sicas.com.mx vs acevedocouttolenc.com
2025-09-29 15:29:25 | ? DOMINIO NO COINCIDE
2025-09-29 15:29:25 | ? Email obtenido por SenderEmailAddress: informaciondetickets@sicas.com.mx
2025-09-29 15:29:25 | ?? Comparando dominio: sicas.com.mx vs acevedocouttolenc.com
2025-09-29 15:29:25 | ? DOMINIO NO COINCIDE
2025-09-29 15:29:25 | ? Email obtenido por SenderEmailAddress: informaciondetickets@sicas.com.mx
2025-09-29 15:29:25 | ?? Comparando dominio: sicas.com.mx vs acevedocouttolenc.com
2025-09-29 15:29:25 | ? DOMINIO NO COINCIDE
2025-09-29 15:29:25 | ? Email obtenido por SenderEmailAddress: informaciondetickets@sicas.com.mx
2025-09-29 15:29:25 | ?? Comparando dominio: sicas.com.mx vs acevedocouttolenc.com
2025-09-29 15:29:25 | ? DOMINIO NO COINCIDE
2025-09-29 15:29:25 | ? Email obtenido por SenderEmailAddress: informaciondetickets@sicas.com.mx
2025-09-29 15:29:25 | ?? Comparando dominio: sicas.com.mx vs acevedocouttolenc.com
2025-09-29 15:29:25 | ? DOMINIO NO COINCIDE
2025-09-29 15:29:25 | ? Email obtenido por SenderEmailAddress: informaciondetickets@sicas.com.mx
2025-09-29 15:29:25 | ?? Comparando dominio: sicas.com.mx vs acevedocouttolenc.com
2025-09-29 15:29:25 | ? DOMINIO NO COINCIDE
2025-09-29 15:29:25 | ? Email obtenido por SenderEmailAddress: informaciondetickets@sicas.com.mx
2025-09-29 15:29:25 | ?? Comparando dominio: sicas.com.mx vs acevedocouttolenc.com
2025-09-29 15:29:25 | ? DOMINIO NO COINCIDE
2025-09-29 15:29:25 | ? Email obtenido por SenderEmailAddress: informaciondetickets@sicas.com.mx
2025-09-29 15:29:25 | ?? Comparando dominio: sicas.com.mx vs acevedocouttolenc.com
2025-09-29 15:29:25 | ? DOMINIO NO COINCIDE
2025-09-29 15:29:25 | ? Email obtenido por SenderEmailAddress: ricardo.gaspariano.g@gmail.com
2025-09-29 15:29:25 | ?? Comparando dominio: gmail.com vs acevedocouttolenc.com
2025-09-29 15:29:25 | ? DOMINIO NO COINCIDE
2025-09-29 15:29:25 | ? Email obtenido por SenderEmailAddress: informaciondetickets@sicas.com.mx
2025-09-29 15:29:25 | ?? Comparando dominio: sicas.com.mx vs acevedocouttolenc.com
2025-09-29 15:29:25 | ? DOMINIO NO COINCIDE
2025-09-29 15:29:25 | ? Email obtenido por SenderEmailAddress: informaciondetickets@sicas.com.mx
2025-09-29 15:29:25 | ?? Comparando dominio: sicas.com.mx vs acevedocouttolenc.com
2025-09-29 15:29:25 | ? DOMINIO NO COINCIDE
2025-09-29 15:29:25 | ? Email obtenido por SenderEmailAddress: informaciondetickets@sicas.com.mx
2025-09-29 15:29:25 | ?? Comparando dominio: sicas.com.mx vs acevedocouttolenc.com
2025-09-29 15:29:25 | ? DOMINIO NO COINCIDE
2025-09-29 15:29:25 | ? Email obtenido por SenderEmailAddress: informaciondetickets@sicas.com.mx
2025-09-29 15:29:25 | ?? Comparando dominio: sicas.com.mx vs acevedocouttolenc.com
2025-09-29 15:29:25 | ? DOMINIO NO COINCIDE
2025-09-29 15:29:25 | ? Email obtenido por SenderEmailAddress: informaciondetickets@sicas.com.mx
2025-09-29 15:29:25 | ?? Comparando dominio: sicas.com.mx vs acevedocouttolenc.com
2025-09-29 15:29:25 | ? DOMINIO NO COINCIDE
2025-09-29 15:29:25 | ?? Detectada cuenta EXCHANGE, extrayendo email real...
2025-09-29 15:29:25 | ? Email REAL obtenido de Exchange: recursoshumanos@ACEVEDOCOUTTOLENC.COM
2025-09-29 15:29:25 | ?? Comparando dominio: acevedocouttolenc.com vs acevedocouttolenc.com
2025-09-29 15:29:25 | ? DOMINIO COINCIDE
2025-09-29 15:29:25 | ?? Detectada cuenta EXCHANGE, extrayendo email real...
2025-09-29 15:29:25 | ? Email REAL obtenido de Exchange: recursoshumanos@ACEVEDOCOUTTOLENC.COM
2025-09-29 15:29:25 | ?? Comparando dominio: acevedocouttolenc.com vs acevedocouttolenc.com
2025-09-29 15:29:25 | ? DOMINIO COINCIDE
2025-09-29 15:29:25 | ?? Detectada cuenta EXCHANGE, extrayendo email real...
2025-09-29 15:29:25 | ? Email REAL obtenido de Exchange: alejandroa@ACEVEDOCOUTTOLENC.COM
2025-09-29 15:29:25 | ?? Comparando dominio: acevedocouttolenc.com vs acevedocouttolenc.com
2025-09-29 15:29:25 | ? DOMINIO COINCIDE
2025-09-29 15:29:25 | ? Email obtenido por SenderEmailAddress: cursos@sicas.com.mx
2025-09-29 15:29:25 | ?? Comparando dominio: sicas.com.mx vs acevedocouttolenc.com
2025-09-29 15:29:25 | ? DOMINIO NO COINCIDE
2025-09-29 15:29:25 | ? Email obtenido por SenderEmailAddress: ricardo.gaspariano.g@gmail.com
2025-09-29 15:29:25 | ?? Comparando dominio: gmail.com vs acevedocouttolenc.com
2025-09-29 15:29:25 | ? DOMINIO NO COINCIDE
2025-09-29 15:29:25 | ? Email obtenido por SenderEmailAddress: puebla@4netw.com
2025-09-29 15:29:25 | ?? Comparando dominio: 4netw.com vs acevedocouttolenc.com
2025-09-29 15:29:25 | ? DOMINIO NO COINCIDE
2025-09-29 15:29:25 | ?? Detectada cuenta EXCHANGE, extrayendo email real...
2025-09-29 15:29:25 | ? Email REAL obtenido de Exchange: recursoshumanos@ACEVEDOCOUTTOLENC.COM
2025-09-29 15:29:25 | ?? Comparando dominio: acevedocouttolenc.com vs acevedocouttolenc.com
2025-09-29 15:29:25 | ? DOMINIO COINCIDE
2025-09-29 15:29:25 | ?? Detectada cuenta EXCHANGE, extrayendo email real...
2025-09-29 15:29:25 | ? Email REAL obtenido de Exchange: sistemas1@ACEVEDOCOUTTOLENC.COM
2025-09-29 15:29:25 | ?? Comparando dominio: acevedocouttolenc.com vs acevedocouttolenc.com
2025-09-29 15:29:25 | ? DOMINIO COINCIDE
2025-09-29 15:30:28 | ? Email obtenido por SenderEmailAddress: informaciondetickets@sicas.com.mx
2025-09-29 15:30:28 | ?? Comparando dominio: sicas.com.mx vs acevedocouttolenc.com
2025-09-29 15:30:28 | ? DOMINIO NO COINCIDE
2025-09-29 15:30:28 | ? Email obtenido por SenderEmailAddress: informaciondetickets@sicas.com.mx
2025-09-29 15:30:28 | ?? Comparando dominio: sicas.com.mx vs acevedocouttolenc.com
2025-09-29 15:30:28 | ? DOMINIO NO COINCIDE
2025-09-29 15:30:28 | ? Email obtenido por SenderEmailAddress: informaciondetickets@sicas.com.mx
2025-09-29 15:30:28 | ?? Comparando dominio: sicas.com.mx vs acevedocouttolenc.com
2025-09-29 15:30:28 | ? DOMINIO NO COINCIDE
2025-09-29 15:30:28 | ? Email obtenido por SenderEmailAddress: informaciondetickets@sicas.com.mx
2025-09-29 15:30:28 | ?? Comparando dominio: sicas.com.mx vs acevedocouttolenc.com
2025-09-29 15:30:28 | ? DOMINIO NO COINCIDE
2025-09-29 15:30:28 | ? Email obtenido por SenderEmailAddress: informaciondetickets@sicas.com.mx
2025-09-29 15:30:28 | ?? Comparando dominio: sicas.com.mx vs acevedocouttolenc.com
2025-09-29 15:30:28 | ? DOMINIO NO COINCIDE
2025-09-29 15:30:28 | ? Email obtenido por SenderEmailAddress: informaciondetickets@sicas.com.mx
2025-09-29 15:30:28 | ?? Comparando dominio: sicas.com.mx vs acevedocouttolenc.com
2025-09-29 15:30:28 | ? DOMINIO NO COINCIDE
2025-09-29 15:30:28 | ? Email obtenido por SenderEmailAddress: informaciondetickets@sicas.com.mx
2025-09-29 15:30:28 | ?? Comparando dominio: sicas.com.mx vs acevedocouttolenc.com
2025-09-29 15:30:28 | ? DOMINIO NO COINCIDE
2025-09-29 15:30:28 | ? Email obtenido por SenderEmailAddress: informaciondetickets@sicas.com.mx
2025-09-29 15:30:28 | ?? Comparando dominio: sicas.com.mx vs acevedocouttolenc.com
2025-09-29 15:30:28 | ? DOMINIO NO COINCIDE
2025-09-29 15:30:28 | ? Email obtenido por SenderEmailAddress: informaciondetickets@sicas.com.mx
2025-09-29 15:30:28 | ?? Comparando dominio: sicas.com.mx vs acevedocouttolenc.com
2025-09-29 15:30:28 | ? DOMINIO NO COINCIDE
2025-09-29 15:30:28 | ? Email obtenido por SenderEmailAddress: ricardo.gaspariano.g@gmail.com
2025-09-29 15:30:28 | ?? Comparando dominio: gmail.com vs acevedocouttolenc.com
2025-09-29 15:30:28 | ? DOMINIO NO COINCIDE
2025-09-29 15:30:28 | ? Email obtenido por SenderEmailAddress: informaciondetickets@sicas.com.mx
2025-09-29 15:30:28 | ?? Comparando dominio: sicas.com.mx vs acevedocouttolenc.com
2025-09-29 15:30:28 | ? DOMINIO NO COINCIDE
2025-09-29 15:30:28 | ? Email obtenido por SenderEmailAddress: informaciondetickets@sicas.com.mx
2025-09-29 15:30:28 | ?? Comparando dominio: sicas.com.mx vs acevedocouttolenc.com
2025-09-29 15:30:28 | ? DOMINIO NO COINCIDE
2025-09-29 15:30:28 | ? Email obtenido por SenderEmailAddress: informaciondetickets@sicas.com.mx
2025-09-29 15:30:28 | ?? Comparando dominio: sicas.com.mx vs acevedocouttolenc.com
2025-09-29 15:30:28 | ? DOMINIO NO COINCIDE
2025-09-29 15:30:28 | ? Email obtenido por SenderEmailAddress: informaciondetickets@sicas.com.mx
2025-09-29 15:30:28 | ?? Comparando dominio: sicas.com.mx vs acevedocouttolenc.com
2025-09-29 15:30:28 | ? DOMINIO NO COINCIDE
2025-09-29 15:30:28 | ? Email obtenido por SenderEmailAddress: informaciondetickets@sicas.com.mx
2025-09-29 15:30:28 | ?? Comparando dominio: sicas.com.mx vs acevedocouttolenc.com
2025-09-29 15:30:28 | ? DOMINIO NO COINCIDE
2025-09-29 15:30:28 | ?? Detectada cuenta EXCHANGE, extrayendo email real...
2025-09-29 15:30:28 | ? Email REAL obtenido de Exchange: recursoshumanos@ACEVEDOCOUTTOLENC.COM
2025-09-29 15:30:28 | ?? Comparando dominio: acevedocouttolenc.com vs acevedocouttolenc.com
2025-09-29 15:30:28 | ? DOMINIO COINCIDE
2025-09-29 15:30:28 | ?? Detectada cuenta EXCHANGE, extrayendo email real...
2025-09-29 15:30:28 | ? Email REAL obtenido de Exchange: recursoshumanos@ACEVEDOCOUTTOLENC.COM
2025-09-29 15:30:28 | ?? Comparando dominio: acevedocouttolenc.com vs acevedocouttolenc.com
2025-09-29 15:30:28 | ? DOMINIO COINCIDE
2025-09-29 15:30:28 | ?? Detectada cuenta EXCHANGE, extrayendo email real...
2025-09-29 15:30:28 | ? Email REAL obtenido de Exchange: alejandroa@ACEVEDOCOUTTOLENC.COM
2025-09-29 15:30:28 | ?? Comparando dominio: acevedocouttolenc.com vs acevedocouttolenc.com
2025-09-29 15:30:28 | ? DOMINIO COINCIDE
2025-09-29 15:30:28 | ? Email obtenido por SenderEmailAddress: cursos@sicas.com.mx
2025-09-29 15:30:28 | ?? Comparando dominio: sicas.com.mx vs acevedocouttolenc.com
2025-09-29 15:30:28 | ? DOMINIO NO COINCIDE
2025-09-29 15:30:28 | ? Email obtenido por SenderEmailAddress: ricardo.gaspariano.g@gmail.com
2025-09-29 15:30:28 | ?? Comparando dominio: gmail.com vs acevedocouttolenc.com
2025-09-29 15:30:28 | ? DOMINIO NO COINCIDE
2025-09-29 15:30:28 | ? Email obtenido por SenderEmailAddress: puebla@4netw.com
2025-09-29 15:30:28 | ?? Comparando dominio: 4netw.com vs acevedocouttolenc.com
2025-09-29 15:30:28 | ? DOMINIO NO COINCIDE
2025-09-29 15:30:28 | ?? Detectada cuenta EXCHANGE, extrayendo email real...
2025-09-29 15:30:28 | ? Email REAL obtenido de Exchange: recursoshumanos@ACEVEDOCOUTTOLENC.COM
2025-09-29 15:30:28 | ?? Comparando dominio: acevedocouttolenc.com vs acevedocouttolenc.com
2025-09-29 15:30:28 | ? DOMINIO COINCIDE
2025-09-29 15:30:28 | ?? Detectada cuenta EXCHANGE, extrayendo email real...
2025-09-29 15:30:28 | ? Email REAL obtenido de Exchange: sistemas1@ACEVEDOCOUTTOLENC.COM
2025-09-29 15:30:28 | ?? Comparando dominio: acevedocouttolenc.com vs acevedocouttolenc.com
2025-09-29 15:30:28 | ? DOMINIO COINCIDE
2025-09-29 15:30:41 | PROCESAMIENTO ACTIVADO manualmente
2025-09-29 15:31:07 | ? Email obtenido por SenderEmailAddress: informaciondetickets@sicas.com.mx
2025-09-29 15:31:07 | ?? Comparando dominio: sicas.com.mx vs acevedocouttolenc.com
2025-09-29 15:31:07 | ? DOMINIO NO COINCIDE
2025-09-29 15:31:07 | ? Email obtenido por SenderEmailAddress: informaciondetickets@sicas.com.mx
2025-09-29 15:31:07 | ?? Comparando dominio: sicas.com.mx vs acevedocouttolenc.com
2025-09-29 15:31:07 | ? DOMINIO NO COINCIDE
2025-09-29 15:31:07 | ? Email obtenido por SenderEmailAddress: informaciondetickets@sicas.com.mx
2025-09-29 15:31:07 | ?? Comparando dominio: sicas.com.mx vs acevedocouttolenc.com
2025-09-29 15:31:07 | ? DOMINIO NO COINCIDE
2025-09-29 15:31:07 | ? Email obtenido por SenderEmailAddress: informaciondetickets@sicas.com.mx
2025-09-29 15:31:07 | ?? Comparando dominio: sicas.com.mx vs acevedocouttolenc.com
2025-09-29 15:31:07 | ? DOMINIO NO COINCIDE
2025-09-29 15:31:07 | ? Email obtenido por SenderEmailAddress: informaciondetickets@sicas.com.mx
2025-09-29 15:31:07 | ?? Comparando dominio: sicas.com.mx vs acevedocouttolenc.com
2025-09-29 15:31:07 | ? DOMINIO NO COINCIDE
2025-09-29 15:31:07 | ? Email obtenido por SenderEmailAddress: informaciondetickets@sicas.com.mx
2025-09-29 15:31:07 | ?? Comparando dominio: sicas.com.mx vs acevedocouttolenc.com
2025-09-29 15:31:07 | ? DOMINIO NO COINCIDE
2025-09-29 15:31:07 | ? Email obtenido por SenderEmailAddress: informaciondetickets@sicas.com.mx
2025-09-29 15:31:07 | ?? Comparando dominio: sicas.com.mx vs acevedocouttolenc.com
2025-09-29 15:31:07 | ? DOMINIO NO COINCIDE
2025-09-29 15:31:07 | ? Email obtenido por SenderEmailAddress: informaciondetickets@sicas.com.mx
2025-09-29 15:31:07 | ?? Comparando dominio: sicas.com.mx vs acevedocouttolenc.com
2025-09-29 15:31:07 | ? DOMINIO NO COINCIDE
2025-09-29 15:31:07 | ? Email obtenido por SenderEmailAddress: informaciondetickets@sicas.com.mx
2025-09-29 15:31:07 | ?? Comparando dominio: sicas.com.mx vs acevedocouttolenc.com
2025-09-29 15:31:07 | ? DOMINIO NO COINCIDE
2025-09-29 15:31:07 | ? Email obtenido por SenderEmailAddress: ricardo.gaspariano.g@gmail.com
2025-09-29 15:31:07 | ?? Comparando dominio: gmail.com vs acevedocouttolenc.com
2025-09-29 15:31:07 | ? DOMINIO NO COINCIDE
2025-09-29 15:31:07 | ? Email obtenido por SenderEmailAddress: informaciondetickets@sicas.com.mx
2025-09-29 15:31:07 | ?? Comparando dominio: sicas.com.mx vs acevedocouttolenc.com
2025-09-29 15:31:07 | ? DOMINIO NO COINCIDE
2025-09-29 15:31:07 | ? Email obtenido por SenderEmailAddress: informaciondetickets@sicas.com.mx
2025-09-29 15:31:07 | ?? Comparando dominio: sicas.com.mx vs acevedocouttolenc.com
2025-09-29 15:31:07 | ? DOMINIO NO COINCIDE
2025-09-29 15:31:07 | ? Email obtenido por SenderEmailAddress: informaciondetickets@sicas.com.mx
2025-09-29 15:31:07 | ?? Comparando dominio: sicas.com.mx vs acevedocouttolenc.com
2025-09-29 15:31:07 | ? DOMINIO NO COINCIDE
2025-09-29 15:31:07 | ? Email obtenido por SenderEmailAddress: informaciondetickets@sicas.com.mx
2025-09-29 15:31:07 | ?? Comparando dominio: sicas.com.mx vs acevedocouttolenc.com
2025-09-29 15:31:07 | ? DOMINIO NO COINCIDE
2025-09-29 15:31:07 | ? Email obtenido por SenderEmailAddress: informaciondetickets@sicas.com.mx
2025-09-29 15:31:07 | ?? Comparando dominio: sicas.com.mx vs acevedocouttolenc.com
2025-09-29 15:31:07 | ? DOMINIO NO COINCIDE
2025-09-29 15:31:07 | ?? Detectada cuenta EXCHANGE, extrayendo email real...
2025-09-29 15:31:07 | ? Email REAL obtenido de Exchange: recursoshumanos@ACEVEDOCOUTTOLENC.COM
2025-09-29 15:31:07 | ?? Comparando dominio: acevedocouttolenc.com vs acevedocouttolenc.com
2025-09-29 15:31:07 | ? DOMINIO COINCIDE
2025-09-29 15:31:07 | ?? Detectada cuenta EXCHANGE, extrayendo email real...
2025-09-29 15:31:07 | ? Email REAL obtenido de Exchange: recursoshumanos@ACEVEDOCOUTTOLENC.COM
2025-09-29 15:31:07 | ?? Comparando dominio: acevedocouttolenc.com vs acevedocouttolenc.com
2025-09-29 15:31:07 | ? DOMINIO COINCIDE
2025-09-29 15:31:07 | ?? Detectada cuenta EXCHANGE, extrayendo email real...
2025-09-29 15:31:07 | ? Email REAL obtenido de Exchange: alejandroa@ACEVEDOCOUTTOLENC.COM
2025-09-29 15:31:07 | ?? Comparando dominio: acevedocouttolenc.com vs acevedocouttolenc.com
2025-09-29 15:31:07 | ? DOMINIO COINCIDE
2025-09-29 15:31:07 | ? Email obtenido por SenderEmailAddress: cursos@sicas.com.mx
2025-09-29 15:31:07 | ?? Comparando dominio: sicas.com.mx vs acevedocouttolenc.com
2025-09-29 15:31:07 | ? DOMINIO NO COINCIDE
2025-09-29 15:31:07 | ? Email obtenido por SenderEmailAddress: ricardo.gaspariano.g@gmail.com
2025-09-29 15:31:07 | ?? Comparando dominio: gmail.com vs acevedocouttolenc.com
2025-09-29 15:31:07 | ? DOMINIO NO COINCIDE
2025-09-29 15:31:07 | ? Email obtenido por SenderEmailAddress: puebla@4netw.com
2025-09-29 15:31:07 | ?? Comparando dominio: 4netw.com vs acevedocouttolenc.com
2025-09-29 15:31:07 | ? DOMINIO NO COINCIDE
2025-09-29 15:31:07 | ?? Detectada cuenta EXCHANGE, extrayendo email real...
2025-09-29 15:31:07 | ? Email REAL obtenido de Exchange: recursoshumanos@ACEVEDOCOUTTOLENC.COM
2025-09-29 15:31:07 | ?? Comparando dominio: acevedocouttolenc.com vs acevedocouttolenc.com
2025-09-29 15:31:07 | ? DOMINIO COINCIDE
2025-09-29 15:31:07 | ?? Detectada cuenta EXCHANGE, extrayendo email real...
2025-09-29 15:31:07 | ? Email REAL obtenido de Exchange: sistemas1@ACEVEDOCOUTTOLENC.COM
2025-09-29 15:31:07 | ?? Comparando dominio: acevedocouttolenc.com vs acevedocouttolenc.com
2025-09-29 15:31:07 | ? DOMINIO COINCIDE
2025-09-29 15:32:14 | ?? CORREO SALIENTE DETECTADO - Asunto: produccion_final
2025-09-29 15:32:14 | ?? Buscando archivo Excel en correo produccion_final...
2025-09-29 15:32:14 | Total adjuntos: 1
2025-09-29 15:32:14 | Adjunto: LogExport_61862609346.xlsx
2025-09-29 15:32:14 | ? Verificación Excel: LogExport_61862609346.xlsx -> NO es Excel
2025-09-29 15:32:14 | ?? No se encontró archivo Excel en el correo produccion_final
2025-09-29 15:32:36 | ?? NUEVO CORREO DETECTADO - Iniciando procesamiento...
2025-09-29 15:32:36 | === PROCESANDO CORREO ENTRANTE ===
2025-09-29 15:32:36 | Asunto: produccion_final
2025-09-29 15:32:36 | Remitente: Acevedo Couttolenc / Ricardo Gaspariano Galán
2025-09-29 15:32:36 | ?? Detectada cuenta EXCHANGE, extrayendo email real...
2025-09-29 15:32:36 | ? Email REAL obtenido de Exchange: programador@ACEVEDOCOUTTOLENC.COM
2025-09-29 15:32:36 | Email remitente: programador@acevedocouttolenc.com
2025-09-29 15:32:36 | Dominio detectado: acevedocouttolenc.com
2025-09-29 15:32:36 | ?? Comparando dominio: acevedocouttolenc.com vs acevedocouttolenc.com
2025-09-29 15:32:36 | ? DOMINIO COINCIDE
2025-09-29 15:32:36 | ? CORREO ACEPTADO - Dominio coincide
2025-09-29 15:32:36 | Buscando adjuntos. Total: 1
2025-09-29 15:32:36 | Adjunto: LogExport_61862609346.xlsx
2025-09-29 15:32:36 | ? Verificación PDF: LogExport_61862609346.xlsx -> NO es PDF
2025-09-29 15:32:36 | RESUMEN: 0 PDFs encontrados, 0 descargados
2025-09-29 16:01:17 | ?? NUEVO CORREO DETECTADO - Iniciando procesamiento...
2025-09-29 16:01:17 | === PROCESANDO CORREO ENTRANTE ===
2025-09-29 16:01:17 | Asunto: 006-075-07000031-08   -  CARAMELOS DON PICOSO S.A. DE C.V.  -   SEGURO RC EXPORTACION
2025-09-29 16:01:17 | Remitente: Acevedo Couttolenc / Facundo Hernández
2025-09-29 16:01:17 | ?? Detectada cuenta EXCHANGE, extrayendo email real...
2025-09-29 16:01:17 | ? Email REAL obtenido de Exchange: danos2@ACEVEDOCOUTTOLENC.COM
2025-09-29 16:01:17 | Email remitente: danos2@acevedocouttolenc.com
2025-09-29 16:01:17 | Dominio detectado: acevedocouttolenc.com
2025-09-29 16:01:17 | ?? Comparando dominio: acevedocouttolenc.com vs acevedocouttolenc.com
2025-09-29 16:01:17 | ? DOMINIO COINCIDE
2025-09-29 16:01:17 | ? CORREO ACEPTADO - Dominio coincide
2025-09-29 16:01:17 | Buscando adjuntos. Total: 5
2025-09-29 16:01:17 | Adjunto: CARATULA DE POLIZA _006-075-07000031-00000-08  CARAMELOS DON PICOSO.pdf
2025-09-29 16:01:17 | ? Verificación PDF: CARATULA DE POLIZA _006-075-07000031-00000-08  CARAMELOS DON PICOSO.pdf -> EXTENSIÓN VÁLIDA
2025-09-29 16:01:17 | ? PDF ENCONTRADO: CARATULA DE POLIZA _006-075-07000031-00000-08  CARAMELOS DON PICOSO.pdf
2025-09-29 16:01:17 | Guardando como: 20250929_160117_danos2_006-075-07000031-08___-__CARAM_CARATULA_DE_POLIZA__006-075-07000031-00000-08__CARAMELOS_DON_PICOSO.pdf
2025-09-29 16:01:17 | Ruta completa: C:\laragon\www\analizer_files\data\20250929_160117_danos2_006-075-07000031-08___-__CARAM_CARATULA_DE_POLIZA__006-075-07000031-00000-08__CARAMELOS_DON_PICOSO.pdf
2025-09-29 16:01:18 | ? PDF DESCARGADO EXITOSAMENTE: 20250929_160117_danos2_006-075-07000031-08___-__CARAM_CARATULA_DE_POLIZA__006-075-07000031-00000-08__CARAMELOS_DON_PICOSO.pdf
2025-09-29 16:01:18 | Adjunto: RECIBO DE PAGO POLIZA_006-075-07000031-00000-08 CARAMELOS DON PICOSO.pdf
2025-09-29 16:01:18 | ? Verificación PDF: RECIBO DE PAGO POLIZA_006-075-07000031-00000-08 CARAMELOS DON PICOSO.pdf -> EXTENSIÓN VÁLIDA
2025-09-29 16:01:18 | ? PDF ENCONTRADO: RECIBO DE PAGO POLIZA_006-075-07000031-00000-08 CARAMELOS DON PICOSO.pdf
2025-09-29 16:01:18 | Guardando como: 20250929_160118_danos2_006-075-07000031-08___-__CARAM_RECIBO_DE_PAGO_POLIZA_006-075-07000031-00000-08_CARAMELOS_DON_PICOSO.pdf
2025-09-29 16:01:18 | Ruta completa: C:\laragon\www\analizer_files\data\20250929_160118_danos2_006-075-07000031-08___-__CARAM_RECIBO_DE_PAGO_POLIZA_006-075-07000031-00000-08_CARAMELOS_DON_PICOSO.pdf
2025-09-29 16:01:18 | ? PDF DESCARGADO EXITOSAMENTE: 20250929_160118_danos2_006-075-07000031-08___-__CARAM_RECIBO_DE_PAGO_POLIZA_006-075-07000031-00000-08_CARAMELOS_DON_PICOSO.pdf
2025-09-29 16:01:18 | Adjunto: CONDICIONES POLIZA _006-075-07000031-00000-08  CARAMELOS DON PICOSO.pdf
2025-09-29 16:01:18 | ? Verificación PDF: CONDICIONES POLIZA _006-075-07000031-00000-08  CARAMELOS DON PICOSO.pdf -> EXTENSIÓN VÁLIDA
2025-09-29 16:01:18 | ? PDF ENCONTRADO: CONDICIONES POLIZA _006-075-07000031-00000-08  CARAMELOS DON PICOSO.pdf
2025-09-29 16:01:18 | Guardando como: 20250929_160118_danos2_006-075-07000031-08___-__CARAM_CONDICIONES_POLIZA__006-075-07000031-00000-08__CARAMELOS_DON_PICOSO.pdf
2025-09-29 16:01:18 | Ruta completa: C:\laragon\www\analizer_files\data\20250929_160118_danos2_006-075-07000031-08___-__CARAM_CONDICIONES_POLIZA__006-075-07000031-00000-08__CARAMELOS_DON_PICOSO.pdf
2025-09-29 16:01:18 | ? PDF DESCARGADO EXITOSAMENTE: 20250929_160118_danos2_006-075-07000031-08___-__CARAM_CONDICIONES_POLIZA__006-075-07000031-00000-08__CARAMELOS_DON_PICOSO.pdf
2025-09-29 16:01:18 | Adjunto: image001.png
2025-09-29 16:01:18 | ? Verificación PDF: image001.png -> NO es PDF
2025-09-29 16:01:18 | Adjunto: image003.png
2025-09-29 16:01:18 | ? Verificación PDF: image003.png -> NO es PDF
2025-09-29 16:01:18 | RESUMEN: 3 PDFs encontrados, 3 descargados
2025-09-29 16:05:47 | ?? CORREO SALIENTE DETECTADO - Asunto: produccion_final
2025-09-29 16:05:47 | ?? Buscando archivo Excel en correo produccion_final...
2025-09-29 16:05:47 | Total adjuntos: 1
2025-09-29 16:05:47 | Adjunto: LogExport_61862609346.xlsx
2025-09-29 16:05:47 | ? Verificación Excel: LogExport_61862609346.xlsx -> NO es Excel
2025-09-29 16:05:47 | ?? No se encontró archivo Excel en el correo produccion_final
2025-09-29 16:06:09 | ?? NUEVO CORREO DETECTADO - Iniciando procesamiento...
2025-09-29 16:06:09 | === PROCESANDO CORREO ENTRANTE ===
2025-09-29 16:06:09 | Asunto: produccion_final
2025-09-29 16:06:09 | Remitente: Acevedo Couttolenc / Ricardo Gaspariano Galán
2025-09-29 16:06:09 | ?? Detectada cuenta EXCHANGE, extrayendo email real...
2025-09-29 16:06:09 | ? Email REAL obtenido de Exchange: programador@ACEVEDOCOUTTOLENC.COM
2025-09-29 16:06:09 | Email remitente: programador@acevedocouttolenc.com
2025-09-29 16:06:09 | Dominio detectado: acevedocouttolenc.com
2025-09-29 16:06:09 | ?? Comparando dominio: acevedocouttolenc.com vs acevedocouttolenc.com
2025-09-29 16:06:09 | ? DOMINIO COINCIDE
2025-09-29 16:06:09 | ? CORREO ACEPTADO - Dominio coincide
2025-09-29 16:06:09 | Buscando adjuntos. Total: 1
2025-09-29 16:06:09 | Adjunto: LogExport_61862609346.xlsx
2025-09-29 16:06:09 | ? Verificación PDF: LogExport_61862609346.xlsx -> NO es PDF
2025-09-29 16:06:09 | RESUMEN: 0 PDFs encontrados, 0 descargados
2025-09-29 16:10:54 | PROCESAMIENTO ACTIVADO manualmente
2025-09-29 16:11:15 | ?? CORREO SALIENTE DETECTADO - Asunto: produccion_final
2025-09-29 16:11:15 | ?? Buscando archivo Excel en correo produccion_final...
2025-09-29 16:11:15 | Total adjuntos: 1
2025-09-29 16:11:15 | Adjunto: LogExport_61862609346.xlsx
2025-09-29 16:11:15 | ? Verificación Excel: LogExport_61862609346.xlsx -> EXTENSIÓN VÁLIDA
2025-09-29 16:11:15 | ? EXCEL ENCONTRADO: LogExport_61862609346.xlsx
2025-09-29 16:11:15 | ?? Guardando Excel como: produccion_final_20250929_161115.xlsx
2025-09-29 16:11:15 | ?? Ruta: C:\laragon\www\analizer_files\data\produccion_final\produccion_final_20250929_161115.xlsx
2025-09-29 16:11:15 | ? EXCEL DESCARGADO EXITOSAMENTE: produccion_final_20250929_161115.xlsx
2025-09-29 16:11:35 | ?? NUEVO CORREO DETECTADO - Iniciando procesamiento...
2025-09-29 16:11:35 | === PROCESANDO CORREO ENTRANTE ===
2025-09-29 16:11:35 | Asunto: produccion_final
2025-09-29 16:11:35 | Remitente: Acevedo Couttolenc / Ricardo Gaspariano Galán
2025-09-29 16:11:35 | ?? Detectada cuenta EXCHANGE, extrayendo email real...
2025-09-29 16:11:35 | ? Email REAL obtenido de Exchange: programador@ACEVEDOCOUTTOLENC.COM
2025-09-29 16:11:35 | Email remitente: programador@acevedocouttolenc.com
2025-09-29 16:11:35 | Dominio detectado: acevedocouttolenc.com
2025-09-29 16:11:35 | ?? Comparando dominio: acevedocouttolenc.com vs acevedocouttolenc.com
2025-09-29 16:11:35 | ? DOMINIO COINCIDE
2025-09-29 16:11:35 | ? CORREO ACEPTADO - Dominio coincide
2025-09-29 16:11:35 | Buscando adjuntos. Total: 1
2025-09-29 16:11:35 | Adjunto: LogExport_61862609346.xlsx
2025-09-29 16:11:35 | ? Verificación PDF: LogExport_61862609346.xlsx -> NO es PDF
2025-09-29 16:11:35 | RESUMEN: 0 PDFs encontrados, 0 descargados
2025-09-29 16:18:47 | ?? NUEVO CORREO DETECTADO - Iniciando procesamiento...
2025-09-29 16:18:47 | === PROCESANDO CORREO ENTRANTE ===
2025-09-29 16:18:47 | Asunto: RV: 2-430-1400003369 / ALTA TECNOLOGIA EN PROTESIS Y REHABILITACION DENTAL, S.C. / RENOVACIÓN EMPRESARIAL
2025-09-29 16:18:47 | Remitente: Acevedo Couttolenc / Facundo Hernández
2025-09-29 16:18:47 | ?? Detectada cuenta EXCHANGE, extrayendo email real...
2025-09-29 16:18:47 | ? Email REAL obtenido de Exchange: danos2@ACEVEDOCOUTTOLENC.COM
2025-09-29 16:18:47 | Email remitente: danos2@acevedocouttolenc.com
2025-09-29 16:18:47 | Dominio detectado: acevedocouttolenc.com
2025-09-29 16:18:47 | ?? Comparando dominio: acevedocouttolenc.com vs acevedocouttolenc.com
2025-09-29 16:18:47 | ? DOMINIO COINCIDE
2025-09-29 16:18:47 | ? CORREO ACEPTADO - Dominio coincide
2025-09-29 16:18:47 | Buscando adjuntos. Total: 5
2025-09-29 16:18:47 | Adjunto: image001.png
2025-09-29 16:18:47 | ? Verificación PDF: image001.png -> NO es PDF
2025-09-29 16:18:47 | Adjunto: image002.png
2025-09-29 16:18:47 | ? Verificación PDF: image002.png -> NO es PDF
2025-09-29 16:18:47 | Adjunto: 2 430 1400003369.pdf
2025-09-29 16:18:47 | ? Verificación PDF: 2 430 1400003369.pdf -> EXTENSIÓN VÁLIDA
2025-09-29 16:18:47 | ? PDF ENCONTRADO: 2 430 1400003369.pdf
2025-09-29 16:18:47 | Guardando como: 20250929_161847_danos2_RV__2-430-1400003369___ALTA_TE_2_430_1400003369.pdf
2025-09-29 16:18:47 | Ruta completa: C:\laragon\www\analizer_files\data\20250929_161847_danos2_RV__2-430-1400003369___ALTA_TE_2_430_1400003369.pdf
2025-09-29 16:18:47 | ? PDF DESCARGADO EXITOSAMENTE: 20250929_161847_danos2_RV__2-430-1400003369___ALTA_TE_2_430_1400003369.pdf
2025-09-29 16:18:47 | Adjunto: image003.png
2025-09-29 16:18:47 | ? Verificación PDF: image003.png -> NO es PDF
2025-09-29 16:18:47 | Adjunto: CaratulaEmisionEmpresa_E2_430_M_1400003369.PDF
2025-09-29 16:18:47 | ? Verificación PDF: CaratulaEmisionEmpresa_E2_430_M_1400003369.PDF -> EXTENSIÓN VÁLIDA
2025-09-29 16:18:47 | ? PDF ENCONTRADO: CaratulaEmisionEmpresa_E2_430_M_1400003369.PDF
2025-09-29 16:18:47 | Guardando como: 20250929_161847_danos2_RV__2-430-1400003369___ALTA_TE_CaratulaEmisionEmpresa_E2_430_M_1400003369.pdf
2025-09-29 16:18:47 | Ruta completa: C:\laragon\www\analizer_files\data\20250929_161847_danos2_RV__2-430-1400003369___ALTA_TE_CaratulaEmisionEmpresa_E2_430_M_1400003369.pdf
2025-09-29 16:18:47 | ? PDF DESCARGADO EXITOSAMENTE: 20250929_161847_danos2_RV__2-430-1400003369___ALTA_TE_CaratulaEmisionEmpresa_E2_430_M_1400003369.pdf
2025-09-29 16:18:47 | RESUMEN: 2 PDFs encontrados, 2 descargados
2025-09-29 16:20:43 | ?? CORREO SALIENTE DETECTADO - Asunto: produccion_final
2025-09-29 16:20:43 | ?? Buscando archivo Excel en correo produccion_final...
2025-09-29 16:20:43 | Total adjuntos: 2
2025-09-29 16:20:43 | Adjunto: gnp.xlsx
2025-09-29 16:20:43 | ? Verificación Excel: gnp.xlsx -> EXTENSIÓN VÁLIDA
2025-09-29 16:20:43 | ? EXCEL ENCONTRADO: gnp.xlsx
2025-09-29 16:20:43 | ?? Guardando Excel como: produccion_final_20250929_162043.xlsx
2025-09-29 16:20:43 | ?? Ruta: C:\laragon\www\analizer_files\data\produccion_final\produccion_final_20250929_162043.xlsx
2025-09-29 16:20:43 | ? EXCEL DESCARGADO EXITOSAMENTE: produccion_final_20250929_162043.xlsx
2025-09-29 16:20:49 | ?? NUEVO CORREO DETECTADO - Iniciando procesamiento...
2025-09-29 16:20:49 | === PROCESANDO CORREO ENTRANTE ===
2025-09-29 16:20:49 | Asunto: produccion_final
2025-09-29 16:20:49 | Remitente: Acevedo Couttolenc / Ricardo Gaspariano Galán
2025-09-29 16:20:49 | ?? Detectada cuenta EXCHANGE, extrayendo email real...
2025-09-29 16:20:49 | ? Email REAL obtenido de Exchange: programador@ACEVEDOCOUTTOLENC.COM
2025-09-29 16:20:49 | Email remitente: programador@acevedocouttolenc.com
2025-09-29 16:20:49 | Dominio detectado: acevedocouttolenc.com
2025-09-29 16:20:49 | ?? Comparando dominio: acevedocouttolenc.com vs acevedocouttolenc.com
2025-09-29 16:20:49 | ? DOMINIO COINCIDE
2025-09-29 16:20:49 | ? CORREO ACEPTADO - Dominio coincide
2025-09-29 16:20:49 | Buscando adjuntos. Total: 2
2025-09-29 16:20:49 | Adjunto: image001.jpg
2025-09-29 16:20:49 | ? Verificación PDF: image001.jpg -> NO es PDF
2025-09-29 16:20:49 | Adjunto: gnp.xlsx
2025-09-29 16:20:49 | ? Verificación PDF: gnp.xlsx -> NO es PDF
2025-09-29 16:20:49 | RESUMEN: 0 PDFs encontrados, 0 descargados
2025-09-29 16:27:45 | ?? NUEVO CORREO DETECTADO - Iniciando procesamiento...
2025-09-29 16:27:46 | === PROCESANDO CORREO ENTRANTE ===
2025-09-29 16:27:46 | Asunto: Reexpedición POL ANTERIOR  2882500037902 POL. NUEVA 2882500043912 CADENA ARREOLA MARCO ANTONIO
2025-09-29 16:27:46 | Remitente: Acevedo Couttolenc / Yesbeck Hutzil
2025-09-29 16:27:46 | ?? Detectada cuenta EXCHANGE, extrayendo email real...
2025-09-29 16:27:46 | ? Email REAL obtenido de Exchange: gmm@ACEVEDOCOUTTOLENC.COM
2025-09-29 16:27:46 | Email remitente: gmm@acevedocouttolenc.com
2025-09-29 16:27:46 | Dominio detectado: acevedocouttolenc.com
2025-09-29 16:27:46 | ?? Comparando dominio: acevedocouttolenc.com vs acevedocouttolenc.com
2025-09-29 16:27:46 | ? DOMINIO COINCIDE
2025-09-29 16:27:46 | ? CORREO ACEPTADO - Dominio coincide
2025-09-29 16:27:46 | Buscando adjuntos. Total: 5
2025-09-29 16:27:46 | Adjunto: image004.png
2025-09-29 16:27:46 | ? Verificación PDF: image004.png -> NO es PDF
2025-09-29 16:27:46 | Adjunto: Póliza-2882500043912 CADENA ARREOLA MARCO ANTONIO ANT SEM.pdf
2025-09-29 16:27:46 | ? Verificación PDF: Póliza-2882500043912 CADENA ARREOLA MARCO ANTONIO ANT SEM.pdf -> EXTENSIÓN VÁLIDA
2025-09-29 16:27:46 | ? PDF ENCONTRADO: Póliza-2882500043912 CADENA ARREOLA MARCO ANTONIO ANT SEM.pdf
2025-09-29 16:27:46 | Guardando como: 20250929_162746_gmm_Reexpedici_n_POL_ANTERIOR__288_P_liza-2882500043912_CADENA_ARREOLA_MARCO_ANTONIO_ANT_SEM.pdf
2025-09-29 16:27:46 | Ruta completa: C:\laragon\www\analizer_files\data\20250929_162746_gmm_Reexpedici_n_POL_ANTERIOR__288_P_liza-2882500043912_CADENA_ARREOLA_MARCO_ANTONIO_ANT_SEM.pdf
2025-09-29 16:27:46 | ? PDF DESCARGADO EXITOSAMENTE: 20250929_162746_gmm_Reexpedici_n_POL_ANTERIOR__288_P_liza-2882500043912_CADENA_ARREOLA_MARCO_ANTONIO_ANT_SEM.pdf
2025-09-29 16:27:46 | Adjunto: Póliza-2882500043912 CADENA ARREOLA MARCO ANTONIO SEM.pdf
2025-09-29 16:27:46 | ? Verificación PDF: Póliza-2882500043912 CADENA ARREOLA MARCO ANTONIO SEM.pdf -> EXTENSIÓN VÁLIDA
2025-09-29 16:27:46 | ? PDF ENCONTRADO: Póliza-2882500043912 CADENA ARREOLA MARCO ANTONIO SEM.pdf
2025-09-29 16:27:46 | Guardando como: 20250929_162746_gmm_Reexpedici_n_POL_ANTERIOR__288_P_liza-2882500043912_CADENA_ARREOLA_MARCO_ANTONIO_SEM.pdf
2025-09-29 16:27:46 | Ruta completa: C:\laragon\www\analizer_files\data\20250929_162746_gmm_Reexpedici_n_POL_ANTERIOR__288_P_liza-2882500043912_CADENA_ARREOLA_MARCO_ANTONIO_SEM.pdf
2025-09-29 16:27:46 | ? PDF DESCARGADO EXITOSAMENTE: 20250929_162746_gmm_Reexpedici_n_POL_ANTERIOR__288_P_liza-2882500043912_CADENA_ARREOLA_MARCO_ANTONIO_SEM.pdf
2025-09-29 16:27:46 | Adjunto: Póliza-2882500043912 CADENA ARREOLA MARCO ANTONIO RECIBO SEM.pdf
2025-09-29 16:27:46 | ? Verificación PDF: Póliza-2882500043912 CADENA ARREOLA MARCO ANTONIO RECIBO SEM.pdf -> EXTENSIÓN VÁLIDA
2025-09-29 16:27:46 | ? PDF ENCONTRADO: Póliza-2882500043912 CADENA ARREOLA MARCO ANTONIO RECIBO SEM.pdf
2025-09-29 16:27:46 | Guardando como: 20250929_162746_gmm_Reexpedici_n_POL_ANTERIOR__288_P_liza-2882500043912_CADENA_ARREOLA_MARCO_ANTONIO_RECIBO_SEM.pdf
2025-09-29 16:27:46 | Ruta completa: C:\laragon\www\analizer_files\data\20250929_162746_gmm_Reexpedici_n_POL_ANTERIOR__288_P_liza-2882500043912_CADENA_ARREOLA_MARCO_ANTONIO_RECIBO_SEM.pdf
2025-09-29 16:27:46 | ? PDF DESCARGADO EXITOSAMENTE: 20250929_162746_gmm_Reexpedici_n_POL_ANTERIOR__288_P_liza-2882500043912_CADENA_ARREOLA_MARCO_ANTONIO_RECIBO_SEM.pdf
2025-09-29 16:27:46 | Adjunto: image001.png
2025-09-29 16:27:46 | ? Verificación PDF: image001.png -> NO es PDF
2025-09-29 16:27:46 | RESUMEN: 3 PDFs encontrados, 3 descargados
2025-09-29 16:54:34 | ?? NUEVO CORREO DETECTADO - Iniciando procesamiento...
2025-09-29 16:54:34 | === PROCESANDO CORREO ENTRANTE ===
2025-09-29 16:54:34 | Asunto: RE: 006-075-07000031-08 - CARAMELOS DON PICOSO S.A. DE C.V. - SEGURO RC EXPORTACION
2025-09-29 16:54:34 | Remitente: Ita Figueroa
2025-09-29 16:54:34 | ? Email obtenido por SenderEmailAddress: expo3@dulcesanahuac.com
2025-09-29 16:54:34 | Email remitente: expo3@dulcesanahuac.com
2025-09-29 16:54:34 | Dominio detectado: dulcesanahuac.com
2025-09-29 16:54:34 | ?? Comparando dominio: dulcesanahuac.com vs acevedocouttolenc.com
2025-09-29 16:54:34 | ? DOMINIO NO COINCIDE
2025-09-29 16:54:34 | ? CORREO RECHAZADO - Dominio NO coincide. Esperado: acevedocouttolenc.com
2025-09-30 09:13:42 | ?? NUEVO CORREO DETECTADO - Iniciando procesamiento...
2025-09-30 09:13:42 | === PROCESANDO CORREO ENTRANTE ===
2025-09-30 09:13:42 | Asunto: Ticket de servicio No. TICKET-010189/2025
2025-09-30 09:13:42 | Remitente: Información de tickets
2025-09-30 09:13:42 | ? Email obtenido por SenderEmailAddress: informaciondetickets@sicas.com.mx
2025-09-30 09:13:42 | Email remitente: informaciondetickets@sicas.com.mx
2025-09-30 09:13:42 | Dominio detectado: sicas.com.mx
2025-09-30 09:13:42 | ?? Comparando dominio: sicas.com.mx vs acevedocouttolenc.com
2025-09-30 09:13:42 | ? DOMINIO NO COINCIDE
2025-09-30 09:13:42 | ? CORREO RECHAZADO - Dominio NO coincide. Esperado: acevedocouttolenc.com
2025-09-30 09:25:43 | ?? NUEVO CORREO DETECTADO - Iniciando procesamiento...
2025-09-30 09:25:43 | === PROCESANDO CORREO ENTRANTE ===
2025-09-30 09:25:43 | Asunto: RE: RENOVACIÓN PÓLIZA DE VIDA INDIVIDUAL V-8033905 ORTIZ DE MONTELLANO DEL PUERTO JAVIER
2025-09-30 09:25:43 | Remitente: Acevedo Couttolenc / Frida Fernanda Villaseñor Tecuatl
2025-09-30 09:25:43 | ?? Detectada cuenta EXCHANGE, extrayendo email real...
2025-09-30 09:25:43 | ? Email REAL obtenido de Exchange: vida2@ACEVEDOCOUTTOLENC.COM
2025-09-30 09:25:43 | Email remitente: vida2@acevedocouttolenc.com
2025-09-30 09:25:43 | Dominio detectado: acevedocouttolenc.com
2025-09-30 09:25:43 | ?? Comparando dominio: acevedocouttolenc.com vs acevedocouttolenc.com
2025-09-30 09:25:43 | ? DOMINIO COINCIDE
2025-09-30 09:25:43 | ? CORREO ACEPTADO - Dominio coincide
2025-09-30 09:25:43 | Buscando adjuntos. Total: 4
2025-09-30 09:25:43 | Adjunto: image004.png
2025-09-30 09:25:43 | ? Verificación PDF: image004.png -> NO es PDF
2025-09-30 09:25:43 | Adjunto: 0008033905_Caratula_IV6001.pdf
2025-09-30 09:25:43 | ? Verificación PDF: 0008033905_Caratula_IV6001.pdf -> EXTENSIÓN VÁLIDA
2025-09-30 09:25:43 | ? PDF ENCONTRADO: 0008033905_Caratula_IV6001.pdf
2025-09-30 09:25:43 | Guardando como: 20250930_092543_vida2_RE__RENOVACI_N_P_LIZA_DE_VIDA__0008033905_Caratula_IV6001.pdf
2025-09-30 09:25:43 | Ruta completa: C:\laragon\www\analizer_files\data\20250930_092543_vida2_RE__RENOVACI_N_P_LIZA_DE_VIDA__0008033905_Caratula_IV6001.pdf
2025-09-30 09:25:43 | ? PDF DESCARGADO EXITOSAMENTE: 20250930_092543_vida2_RE__RENOVACI_N_P_LIZA_DE_VIDA__0008033905_Caratula_IV6001.pdf
2025-09-30 09:25:43 | Adjunto: AVISO_OIPJ650702JE8_13972931_8033905__C.pdf
2025-09-30 09:25:43 | ? Verificación PDF: AVISO_OIPJ650702JE8_13972931_8033905__C.pdf -> EXTENSIÓN VÁLIDA
2025-09-30 09:25:43 | ? PDF ENCONTRADO: AVISO_OIPJ650702JE8_13972931_8033905__C.pdf
2025-09-30 09:25:43 | Guardando como: 20250930_092543_vida2_RE__RENOVACI_N_P_LIZA_DE_VIDA__AVISO_OIPJ650702JE8_13972931_8033905_C.pdf
2025-09-30 09:25:43 | Ruta completa: C:\laragon\www\analizer_files\data\20250930_092543_vida2_RE__RENOVACI_N_P_LIZA_DE_VIDA__AVISO_OIPJ650702JE8_13972931_8033905_C.pdf
2025-09-30 09:25:43 | ? PDF DESCARGADO EXITOSAMENTE: 20250930_092543_vida2_RE__RENOVACI_N_P_LIZA_DE_VIDA__AVISO_OIPJ650702JE8_13972931_8033905_C.pdf
2025-09-30 09:25:43 | Adjunto: image001.png
2025-09-30 09:25:43 | ? Verificación PDF: image001.png -> NO es PDF
2025-09-30 09:25:43 | RESUMEN: 2 PDFs encontrados, 2 descargados
2025-09-30 09:28:50 | ?? NUEVO CORREO DETECTADO - Iniciando procesamiento...
2025-09-30 09:28:50 | === PROCESANDO CORREO ENTRANTE ===
2025-09-30 09:28:50 | Asunto: RE: RENOVACIÓN PÓLIZA DE VIDA INDIVIDUAL V-8033905 ORTIZ DE MONTELLANO DEL PUERTO JAVIER
2025-09-30 09:28:50 | Remitente: Acevedo Couttolenc / Frida Fernanda Villaseñor Tecuatl
2025-09-30 09:28:50 | ?? Detectada cuenta EXCHANGE, extrayendo email real...
2025-09-30 09:28:50 | ? Email REAL obtenido de Exchange: vida2@ACEVEDOCOUTTOLENC.COM
2025-09-30 09:28:50 | Email remitente: vida2@acevedocouttolenc.com
2025-09-30 09:28:50 | Dominio detectado: acevedocouttolenc.com
2025-09-30 09:28:50 | ?? Comparando dominio: acevedocouttolenc.com vs acevedocouttolenc.com
2025-09-30 09:28:50 | ? DOMINIO COINCIDE
2025-09-30 09:28:50 | ? CORREO ACEPTADO - Dominio coincide
2025-09-30 09:28:50 | Buscando adjuntos. Total: 4
2025-09-30 09:28:50 | Adjunto: image002.png
2025-09-30 09:28:50 | ? Verificación PDF: image002.png -> NO es PDF
2025-09-30 09:28:50 | Adjunto: image003.png
2025-09-30 09:28:50 | ? Verificación PDF: image003.png -> NO es PDF
2025-09-30 09:28:50 | Adjunto: image004.png
2025-09-30 09:28:50 | ? Verificación PDF: image004.png -> NO es PDF
2025-09-30 09:28:50 | Adjunto: image005.png
2025-09-30 09:28:50 | ? Verificación PDF: image005.png -> NO es PDF
2025-09-30 09:28:50 | RESUMEN: 0 PDFs encontrados, 0 descargados
2025-09-30 09:28:50 | ?? NUEVO CORREO DETECTADO - Iniciando procesamiento...
2025-09-30 09:28:50 | === PROCESANDO CORREO ENTRANTE ===
2025-09-30 09:28:50 | Asunto: RENOVACION DE GASTOS MEDICOS 692318603 PERLA MICHELLE MACIP RODRIGUEZ POL. (ANT) 82001231
2025-09-30 09:28:50 | Remitente: Acevedo Couttolenc / Rocio Romano
2025-09-30 09:28:50 | ?? Detectada cuenta EXCHANGE, extrayendo email real...
2025-09-30 09:28:50 | ? Email REAL obtenido de Exchange: gmm3@ACEVEDOCOUTTOLENC.COM
2025-09-30 09:28:50 | Email remitente: gmm3@acevedocouttolenc.com
2025-09-30 09:28:50 | Dominio detectado: acevedocouttolenc.com
2025-09-30 09:28:50 | ?? Comparando dominio: acevedocouttolenc.com vs acevedocouttolenc.com
2025-09-30 09:28:50 | ? DOMINIO COINCIDE
2025-09-30 09:28:50 | ? CORREO ACEPTADO - Dominio coincide
2025-09-30 09:28:50 | Buscando adjuntos. Total: 10
2025-09-30 09:28:50 | Adjunto: image005.png
2025-09-30 09:28:50 | ? Verificación PDF: image005.png -> NO es PDF
2025-09-30 09:28:50 | Adjunto: image008.png
2025-09-30 09:28:50 | ? Verificación PDF: image008.png -> NO es PDF
2025-09-30 09:28:50 | Adjunto: 692318603 MACIP RODRIGUEZ PERLA MICHELLE.pdf
2025-09-30 09:28:50 | ? Verificación PDF: 692318603 MACIP RODRIGUEZ PERLA MICHELLE.pdf -> EXTENSIÓN VÁLIDA
2025-09-30 09:28:50 | ? PDF ENCONTRADO: 692318603 MACIP RODRIGUEZ PERLA MICHELLE.pdf
2025-09-30 09:28:50 | Guardando como: 20250930_092850_gmm3_RENOVACION_DE_GASTOS_MEDICOS_6_692318603_MACIP_RODRIGUEZ_PERLA_MICHELLE.pdf
2025-09-30 09:28:50 | Ruta completa: C:\laragon\www\analizer_files\data\20250930_092850_gmm3_RENOVACION_DE_GASTOS_MEDICOS_6_692318603_MACIP_RODRIGUEZ_PERLA_MICHELLE.pdf
2025-09-30 09:28:50 | ? PDF DESCARGADO EXITOSAMENTE: 20250930_092850_gmm3_RENOVACION_DE_GASTOS_MEDICOS_6_692318603_MACIP_RODRIGUEZ_PERLA_MICHELLE.pdf
2025-09-30 09:28:50 | Adjunto: 692318603 MACIP RODRIGUEZ PERLA MICHELLE_RECIBO.pdf
2025-09-30 09:28:50 | ? Verificación PDF: 692318603 MACIP RODRIGUEZ PERLA MICHELLE_RECIBO.pdf -> EXTENSIÓN VÁLIDA
2025-09-30 09:28:50 | ? PDF ENCONTRADO: 692318603 MACIP RODRIGUEZ PERLA MICHELLE_RECIBO.pdf
2025-09-30 09:28:50 | Guardando como: 20250930_092850_gmm3_RENOVACION_DE_GASTOS_MEDICOS_6_692318603_MACIP_RODRIGUEZ_PERLA_MICHELLE_RECIBO.pdf
2025-09-30 09:28:50 | Ruta completa: C:\laragon\www\analizer_files\data\20250930_092850_gmm3_RENOVACION_DE_GASTOS_MEDICOS_6_692318603_MACIP_RODRIGUEZ_PERLA_MICHELLE_RECIBO.pdf
2025-09-30 09:28:50 | ? PDF DESCARGADO EXITOSAMENTE: 20250930_092850_gmm3_RENOVACION_DE_GASTOS_MEDICOS_6_692318603_MACIP_RODRIGUEZ_PERLA_MICHELLE_RECIBO.pdf
2025-09-30 09:28:50 | Adjunto: 692318603 MACIP RODRIGUEZ PERLA MICHELLE_FACTURA.pdf
2025-09-30 09:28:50 | ? Verificación PDF: 692318603 MACIP RODRIGUEZ PERLA MICHELLE_FACTURA.pdf -> EXTENSIÓN VÁLIDA
2025-09-30 09:28:50 | ? PDF ENCONTRADO: 692318603 MACIP RODRIGUEZ PERLA MICHELLE_FACTURA.pdf
2025-09-30 09:28:50 | Guardando como: 20250930_092850_gmm3_RENOVACION_DE_GASTOS_MEDICOS_6_692318603_MACIP_RODRIGUEZ_PERLA_MICHELLE_FACTURA.pdf
2025-09-30 09:28:51 | Ruta completa: C:\laragon\www\analizer_files\data\20250930_092850_gmm3_RENOVACION_DE_GASTOS_MEDICOS_6_692318603_MACIP_RODRIGUEZ_PERLA_MICHELLE_FACTURA.pdf
2025-09-30 09:28:51 | ? PDF DESCARGADO EXITOSAMENTE: 20250930_092850_gmm3_RENOVACION_DE_GASTOS_MEDICOS_6_692318603_MACIP_RODRIGUEZ_PERLA_MICHELLE_FACTURA.pdf
2025-09-30 09:28:51 | Adjunto: 692318603 MACIP RODRIGUEZ PERLA MICHELLE.xml
2025-09-30 09:28:51 | ? Verificación PDF: 692318603 MACIP RODRIGUEZ PERLA MICHELLE.xml -> NO es PDF
2025-09-30 09:28:51 | Adjunto: PREMIER.zip
2025-09-30 09:28:51 | ? Verificación PDF: PREMIER.zip -> NO es PDF
2025-09-30 09:28:51 | Adjunto: image004.png
2025-09-30 09:28:51 | ? Verificación PDF: image004.png -> NO es PDF
2025-09-30 09:28:51 | Adjunto: image007.png
2025-09-30 09:28:51 | ? Verificación PDF: image007.png -> NO es PDF
2025-09-30 09:28:51 | Adjunto: image009.jpg
2025-09-30 09:28:51 | ? Verificación PDF: image009.jpg -> NO es PDF
2025-09-30 09:28:51 | RESUMEN: 3 PDFs encontrados, 3 descargados
2025-09-30 09:39:48 | ?? NUEVO CORREO DETECTADO - Iniciando procesamiento...
2025-09-30 09:39:48 | === PROCESANDO CORREO ENTRANTE ===
2025-09-30 09:39:48 | Asunto: Desactivar cuenta
2025-09-30 09:39:48 | Remitente: Seguridad SICASOnline
2025-09-30 09:39:48 | ? Email obtenido por SenderEmailAddress: SOnlineSecurity@SICASOnline.info
2025-09-30 09:39:48 | Email remitente: sonlinesecurity@sicasonline.info
2025-09-30 09:39:48 | Dominio detectado: sicasonline.info
2025-09-30 09:39:48 | ?? Comparando dominio: sicasonline.info vs acevedocouttolenc.com
2025-09-30 09:39:48 | ? DOMINIO NO COINCIDE
2025-09-30 09:39:48 | ? CORREO RECHAZADO - Dominio NO coincide. Esperado: acevedocouttolenc.com
2025-09-30 10:07:18 | SISTEMA INICIADO - Procesamiento automático activado
2025-09-30 10:07:18 | DOMINIO CONFIGURADO: acevedocouttolenc.com
2025-09-30 10:07:18 | RUTA PDFs: C:\laragon\www\analizer_files\data\
2025-09-30 10:07:18 | RUTA PRODUCCION_FINAL: C:\laragon\www\analizer_files\data\produccion_final\
2025-09-30 10:07:52 | ?? NUEVO CORREO DETECTADO - Iniciando procesamiento...
2025-09-30 10:07:52 | === PROCESANDO CORREO ENTRANTE ===
2025-09-30 10:07:52 | Asunto: Desactivar cuenta
2025-09-30 10:07:52 | Remitente: Seguridad SICASOnline
2025-09-30 10:07:52 | ? Email obtenido por SenderEmailAddress: SOnlineSecurity@sicas.com.mx
2025-09-30 10:07:52 | Email remitente: sonlinesecurity@sicas.com.mx
2025-09-30 10:07:52 | Dominio detectado: sicas.com.mx
2025-09-30 10:07:52 | ?? Comparando dominio: sicas.com.mx vs acevedocouttolenc.com
2025-09-30 10:07:52 | ? DOMINIO NO COINCIDE
2025-09-30 10:07:52 | ? CORREO RECHAZADO - Dominio NO coincide. Esperado: acevedocouttolenc.com
2025-09-30 10:16:26 | ?? NUEVO CORREO DETECTADO - Iniciando procesamiento...
2025-09-30 10:16:26 | === PROCESANDO CORREO ENTRANTE ===
2025-09-30 10:16:26 | Asunto: Ticket de servicio No. TICKET-010196/2025
2025-09-30 10:16:26 | Remitente: Información de tickets
2025-09-30 10:16:26 | ? Email obtenido por SenderEmailAddress: informaciondetickets@sicas.com.mx
2025-09-30 10:16:26 | Email remitente: informaciondetickets@sicas.com.mx
2025-09-30 10:16:26 | Dominio detectado: sicas.com.mx
2025-09-30 10:16:26 | ?? Comparando dominio: sicas.com.mx vs acevedocouttolenc.com
2025-09-30 10:16:26 | ? DOMINIO NO COINCIDE
2025-09-30 10:16:26 | ? CORREO RECHAZADO - Dominio NO coincide. Esperado: acevedocouttolenc.com
2025-09-30 10:21:48 | ?? NUEVO CORREO DETECTADO - Iniciando procesamiento...
2025-09-30 10:21:48 | === PROCESANDO CORREO ENTRANTE ===
2025-09-30 10:21:48 | Asunto: RENOVACION / POLIZA 129415 / ALFREDO ACEVEDO COUTTOLENC
2025-09-30 10:21:48 | Remitente: Acevedo Couttolenc / Vianney Espinosa
2025-09-30 10:21:48 | ?? Detectada cuenta EXCHANGE, extrayendo email real...
2025-09-30 10:21:48 | ? Email REAL obtenido de Exchange: gmm1@ACEVEDOCOUTTOLENC.COM
2025-09-30 10:21:48 | Email remitente: gmm1@acevedocouttolenc.com
2025-09-30 10:21:48 | Dominio detectado: acevedocouttolenc.com
2025-09-30 10:21:48 | ?? Comparando dominio: acevedocouttolenc.com vs acevedocouttolenc.com
2025-09-30 10:21:48 | ? DOMINIO COINCIDE
2025-09-30 10:21:48 | ? CORREO ACEPTADO - Dominio coincide
2025-09-30 10:21:48 | Buscando adjuntos. Total: 5
2025-09-30 10:21:48 | Adjunto: 129415 ACEVEDO COUTTOLENC ALFREDO.pdf
2025-09-30 10:21:48 | ? Verificación PDF: 129415 ACEVEDO COUTTOLENC ALFREDO.pdf -> EXTENSIÓN VÁLIDA
2025-09-30 10:21:48 | ? PDF ENCONTRADO: 129415 ACEVEDO COUTTOLENC ALFREDO.pdf
2025-09-30 10:21:48 | Guardando como: 20250930_102148_gmm1_RENOVACION___POLIZA_129415___A_129415_ACEVEDO_COUTTOLENC_ALFREDO.pdf
2025-09-30 10:21:48 | Ruta completa: C:\laragon\www\analizer_files\data\20250930_102148_gmm1_RENOVACION___POLIZA_129415___A_129415_ACEVEDO_COUTTOLENC_ALFREDO.pdf
2025-09-30 10:21:48 | ? PDF DESCARGADO EXITOSAMENTE: 20250930_102148_gmm1_RENOVACION___POLIZA_129415___A_129415_ACEVEDO_COUTTOLENC_ALFREDO.pdf
2025-09-30 10:21:48 | Adjunto: 129415 ACEVEDO COUTTOLENC ALFREDO - RECIBOS.pdf
2025-09-30 10:21:48 | ? Verificación PDF: 129415 ACEVEDO COUTTOLENC ALFREDO - RECIBOS.pdf -> EXTENSIÓN VÁLIDA
2025-09-30 10:21:48 | ? PDF ENCONTRADO: 129415 ACEVEDO COUTTOLENC ALFREDO - RECIBOS.pdf
2025-09-30 10:21:48 | Guardando como: 20250930_102148_gmm1_RENOVACION___POLIZA_129415___A_129415_ACEVEDO_COUTTOLENC_ALFREDO_-_RECIBOS.pdf
2025-09-30 10:21:48 | Ruta completa: C:\laragon\www\analizer_files\data\20250930_102148_gmm1_RENOVACION___POLIZA_129415___A_129415_ACEVEDO_COUTTOLENC_ALFREDO_-_RECIBOS.pdf
2025-09-30 10:21:48 | ? PDF DESCARGADO EXITOSAMENTE: 20250930_102148_gmm1_RENOVACION___POLIZA_129415___A_129415_ACEVEDO_COUTTOLENC_ALFREDO_-_RECIBOS.pdf
2025-09-30 10:21:48 | Adjunto: SELECT.zip
2025-09-30 10:21:48 | ? Verificación PDF: SELECT.zip -> NO es PDF
2025-09-30 10:21:48 | Adjunto: image001.png
2025-09-30 10:21:48 | ? Verificación PDF: image001.png -> NO es PDF
2025-09-30 10:21:48 | Adjunto: image003.png
2025-09-30 10:21:48 | ? Verificación PDF: image003.png -> NO es PDF
2025-09-30 10:21:48 | RESUMEN: 2 PDFs encontrados, 2 descargados
2025-09-30 10:30:46 | ?? NUEVO CORREO DETECTADO - Iniciando procesamiento...
2025-09-30 10:30:46 | === PROCESANDO CORREO ENTRANTE ===
2025-09-30 10:30:46 | Asunto: Ticket de servicio No. TICKET-010196/2025
2025-09-30 10:30:47 | Remitente: Información de tickets
2025-09-30 10:30:47 | ? Email obtenido por SenderEmailAddress: informaciondetickets@sicas.com.mx
2025-09-30 10:30:47 | Email remitente: informaciondetickets@sicas.com.mx
2025-09-30 10:30:47 | Dominio detectado: sicas.com.mx
2025-09-30 10:30:47 | ?? Comparando dominio: sicas.com.mx vs acevedocouttolenc.com
2025-09-30 10:30:47 | ? DOMINIO NO COINCIDE
2025-09-30 10:30:47 | ? CORREO RECHAZADO - Dominio NO coincide. Esperado: acevedocouttolenc.com
2025-09-30 10:34:27 | ?? NUEVO CORREO DETECTADO - Iniciando procesamiento...
2025-09-30 10:34:27 | === PROCESANDO CORREO ENTRANTE ===
2025-09-30 10:34:27 | Asunto: Ticket de servicio No. TICKET-010196/2025
2025-09-30 10:34:27 | Remitente: Información de tickets
2025-09-30 10:34:27 | ? Email obtenido por SenderEmailAddress: informaciondetickets@sicas.com.mx
2025-09-30 10:34:27 | Email remitente: informaciondetickets@sicas.com.mx
2025-09-30 10:34:27 | Dominio detectado: sicas.com.mx
2025-09-30 10:34:27 | ?? Comparando dominio: sicas.com.mx vs acevedocouttolenc.com
2025-09-30 10:34:27 | ? DOMINIO NO COINCIDE
2025-09-30 10:34:27 | ? CORREO RECHAZADO - Dominio NO coincide. Esperado: acevedocouttolenc.com
2025-09-30 10:43:38 | ?? NUEVO CORREO DETECTADO - Iniciando procesamiento...
2025-09-30 10:43:38 | === PROCESANDO CORREO ENTRANTE ===
2025-09-30 10:43:38 | Asunto: 06-001-03229339-00000-17 / AQUARA S.A. DE C.V. / RENOVACIÓN EMPRESARIAL
2025-09-30 10:43:38 | Remitente: Acevedo Couttolenc / Saúl Sánchez
2025-09-30 10:43:38 | ?? Detectada cuenta EXCHANGE, extrayendo email real...
2025-09-30 10:43:38 | ? Email REAL obtenido de Exchange: danos@ACEVEDOCOUTTOLENC.COM
2025-09-30 10:43:38 | Email remitente: danos@acevedocouttolenc.com
2025-09-30 10:43:38 | Dominio detectado: acevedocouttolenc.com
2025-09-30 10:43:38 | ?? Comparando dominio: acevedocouttolenc.com vs acevedocouttolenc.com
2025-09-30 10:43:38 | ? DOMINIO COINCIDE
2025-09-30 10:43:38 | ? CORREO ACEPTADO - Dominio coincide
2025-09-30 10:43:38 | Buscando adjuntos. Total: 5
2025-09-30 10:43:38 | Adjunto: DE - Caratula de la Poliza_006-001-03229339-00000-17.pdf
2025-09-30 10:43:38 | ? Verificación PDF: DE - Caratula de la Poliza_006-001-03229339-00000-17.pdf -> EXTENSIÓN VÁLIDA
2025-09-30 10:43:38 | ? PDF ENCONTRADO: DE - Caratula de la Poliza_006-001-03229339-00000-17.pdf
2025-09-30 10:43:38 | Guardando como: 20250930_104338_danos_06-001-03229339-00000-17___AQU_DE_-_Caratula_de_la_Poliza_006-001-03229339-00000-17.pdf
2025-09-30 10:43:38 | Ruta completa: C:\laragon\www\analizer_files\data\20250930_104338_danos_06-001-03229339-00000-17___AQU_DE_-_Caratula_de_la_Poliza_006-001-03229339-00000-17.pdf
2025-09-30 10:43:38 | ? PDF DESCARGADO EXITOSAMENTE: 20250930_104338_danos_06-001-03229339-00000-17___AQU_DE_-_Caratula_de_la_Poliza_006-001-03229339-00000-17.pdf
2025-09-30 10:43:38 | Adjunto: DE - Especificacion_006-001-03229339-00000-17.pdf
2025-09-30 10:43:38 | ? Verificación PDF: DE - Especificacion_006-001-03229339-00000-17.pdf -> EXTENSIÓN VÁLIDA
2025-09-30 10:43:38 | ? PDF ENCONTRADO: DE - Especificacion_006-001-03229339-00000-17.pdf
2025-09-30 10:43:38 | Guardando como: 20250930_104338_danos_06-001-03229339-00000-17___AQU_DE_-_Especificacion_006-001-03229339-00000-17.pdf
2025-09-30 10:43:38 | Ruta completa: C:\laragon\www\analizer_files\data\20250930_104338_danos_06-001-03229339-00000-17___AQU_DE_-_Especificacion_006-001-03229339-00000-17.pdf
2025-09-30 10:43:39 | ? PDF DESCARGADO EXITOSAMENTE: 20250930_104338_danos_06-001-03229339-00000-17___AQU_DE_-_Especificacion_006-001-03229339-00000-17.pdf
2025-09-30 10:43:39 | Adjunto: 006-001-03229339-00000-17.zip
2025-09-30 10:43:39 | ? Verificación PDF: 006-001-03229339-00000-17.zip -> NO es PDF
2025-09-30 10:43:39 | Adjunto: image001.png
2025-09-30 10:43:39 | ? Verificación PDF: image001.png -> NO es PDF
2025-09-30 10:43:39 | Adjunto: image002.png
2025-09-30 10:43:39 | ? Verificación PDF: image002.png -> NO es PDF
2025-09-30 10:43:39 | RESUMEN: 2 PDFs encontrados, 2 descargados
2025-09-30 11:00:37 | ?? NUEVO CORREO DETECTADO - Iniciando procesamiento...
2025-09-30 11:00:37 | === PROCESANDO CORREO ENTRANTE ===
2025-09-30 11:00:37 | Asunto: 0940429227 // STEPHANIE DAGUER BECHARA HAGE // KIA SORENTO EX PACK MOD 2025
2025-09-30 11:00:37 | Remitente: Acevedo Couttolenc / Diana Carrillo
2025-09-30 11:00:37 | ?? Detectada cuenta EXCHANGE, extrayendo email real...
2025-09-30 11:00:37 | ? Email REAL obtenido de Exchange: autos1@ACEVEDOCOUTTOLENC.COM
2025-09-30 11:00:37 | Email remitente: autos1@acevedocouttolenc.com
2025-09-30 11:00:37 | Dominio detectado: acevedocouttolenc.com
2025-09-30 11:00:37 | ?? Comparando dominio: acevedocouttolenc.com vs acevedocouttolenc.com
2025-09-30 11:00:37 | ? DOMINIO COINCIDE
2025-09-30 11:00:37 | ? CORREO ACEPTADO - Dominio coincide
2025-09-30 11:00:37 | Buscando adjuntos. Total: 7
2025-09-30 11:00:37 | Adjunto: image003.png
2025-09-30 11:00:37 | ? Verificación PDF: image003.png -> NO es PDF
2025-09-30 11:00:37 | Adjunto: REPORTE QUALITAS.pdf
2025-09-30 11:00:37 | ? Verificación PDF: REPORTE QUALITAS.pdf -> EXTENSIÓN VÁLIDA
2025-09-30 11:00:37 | ? PDF ENCONTRADO: REPORTE QUALITAS.pdf
2025-09-30 11:00:37 | Guardando como: 20250930_110037_autos1_0940429227___STEPHANIE_DAGUER__REPORTE_QUALITAS.pdf
2025-09-30 11:00:37 | Ruta completa: C:\laragon\www\analizer_files\data\20250930_110037_autos1_0940429227___STEPHANIE_DAGUER__REPORTE_QUALITAS.pdf
2025-09-30 11:00:37 | ? PDF DESCARGADO EXITOSAMENTE: 20250930_110037_autos1_0940429227___STEPHANIE_DAGUER__REPORTE_QUALITAS.pdf
2025-09-30 11:00:37 | Adjunto: 0940429227 (2).pdf
2025-09-30 11:00:37 | ? Verificación PDF: 0940429227 (2).pdf -> EXTENSIÓN VÁLIDA
2025-09-30 11:00:37 | ? PDF ENCONTRADO: 0940429227 (2).pdf
2025-09-30 11:00:37 | Guardando como: 20250930_110037_autos1_0940429227___STEPHANIE_DAGUER__0940429227__2.pdf
2025-09-30 11:00:37 | Ruta completa: C:\laragon\www\analizer_files\data\20250930_110037_autos1_0940429227___STEPHANIE_DAGUER__0940429227__2.pdf
2025-09-30 11:00:37 | ? PDF DESCARGADO EXITOSAMENTE: 20250930_110037_autos1_0940429227___STEPHANIE_DAGUER__0940429227__2.pdf
2025-09-30 11:00:37 | Adjunto: 0940429227 (1).pdf
2025-09-30 11:00:37 | ? Verificación PDF: 0940429227 (1).pdf -> EXTENSIÓN VÁLIDA
2025-09-30 11:00:37 | ? PDF ENCONTRADO: 0940429227 (1).pdf
2025-09-30 11:00:37 | Guardando como: 20250930_110037_autos1_0940429227___STEPHANIE_DAGUER__0940429227__1.pdf
2025-09-30 11:00:37 | Ruta completa: C:\laragon\www\analizer_files\data\20250930_110037_autos1_0940429227___STEPHANIE_DAGUER__0940429227__1.pdf
2025-09-30 11:00:37 | ? PDF DESCARGADO EXITOSAMENTE: 20250930_110037_autos1_0940429227___STEPHANIE_DAGUER__0940429227__1.pdf
2025-09-30 11:00:37 | Adjunto: CONDICIONES GENERALES.pdf
2025-09-30 11:00:37 | ? Verificación PDF: CONDICIONES GENERALES.pdf -> EXTENSIÓN VÁLIDA
2025-09-30 11:00:37 | ? PDF ENCONTRADO: CONDICIONES GENERALES.pdf
2025-09-30 11:00:37 | Guardando como: 20250930_110037_autos1_0940429227___STEPHANIE_DAGUER__CONDICIONES_GENERALES.pdf
2025-09-30 11:00:37 | Ruta completa: C:\laragon\www\analizer_files\data\20250930_110037_autos1_0940429227___STEPHANIE_DAGUER__CONDICIONES_GENERALES.pdf
2025-09-30 11:00:38 | ? PDF DESCARGADO EXITOSAMENTE: 20250930_110037_autos1_0940429227___STEPHANIE_DAGUER__CONDICIONES_GENERALES.pdf
2025-09-30 11:00:38 | Adjunto: image002.png
2025-09-30 11:00:38 | ? Verificación PDF: image002.png -> NO es PDF
2025-09-30 11:00:38 | Adjunto: 0940429227 (3).pdf
2025-09-30 11:00:38 | ? Verificación PDF: 0940429227 (3).pdf -> EXTENSIÓN VÁLIDA
2025-09-30 11:00:38 | ? PDF ENCONTRADO: 0940429227 (3).pdf
2025-09-30 11:00:38 | Guardando como: 20250930_110038_autos1_0940429227___STEPHANIE_DAGUER__0940429227__3.pdf
2025-09-30 11:00:38 | Ruta completa: C:\laragon\www\analizer_files\data\20250930_110038_autos1_0940429227___STEPHANIE_DAGUER__0940429227__3.pdf
2025-09-30 11:00:38 | ? PDF DESCARGADO EXITOSAMENTE: 20250930_110038_autos1_0940429227___STEPHANIE_DAGUER__0940429227__3.pdf
2025-09-30 11:00:38 | RESUMEN: 5 PDFs encontrados, 5 descargados
2025-09-30 11:03:07 | ?? NUEVO CORREO DETECTADO - Iniciando procesamiento...
2025-09-30 11:03:07 | === PROCESANDO CORREO ENTRANTE ===
2025-09-30 11:03:07 | Asunto: 111789838-  TECMAPRO INTERNACIONAL,S.A. DE C.V.  -  SEGURO EMPRESARIAL
2025-09-30 11:03:07 | Remitente: Acevedo Couttolenc / Facundo Hernández
2025-09-30 11:03:07 | ?? Detectada cuenta EXCHANGE, extrayendo email real...
2025-09-30 11:03:07 | ? Email REAL obtenido de Exchange: danos2@ACEVEDOCOUTTOLENC.COM
2025-09-30 11:03:07 | Email remitente: danos2@acevedocouttolenc.com
2025-09-30 11:03:07 | Dominio detectado: acevedocouttolenc.com
2025-09-30 11:03:07 | ?? Comparando dominio: acevedocouttolenc.com vs acevedocouttolenc.com
2025-09-30 11:03:07 | ? DOMINIO COINCIDE
2025-09-30 11:03:07 | ? CORREO ACEPTADO - Dominio coincide
2025-09-30 11:03:07 | Buscando adjuntos. Total: 4
2025-09-30 11:03:07 | Adjunto: CARATULA Y CONDICIONES POLIZA _112030588 TECMAPRO INTERNACIONAL.Pdf
2025-09-30 11:03:07 | ? Verificación PDF: CARATULA Y CONDICIONES POLIZA _112030588 TECMAPRO INTERNACIONAL.Pdf -> EXTENSIÓN VÁLIDA
2025-09-30 11:03:07 | ? PDF ENCONTRADO: CARATULA Y CONDICIONES POLIZA _112030588 TECMAPRO INTERNACIONAL.Pdf
2025-09-30 11:03:07 | Guardando como: 20250930_110307_danos2_111789838-__TECMAPRO_INTERNACI_CARATULA_Y_CONDICIONES_POLIZA__112030588_TECMAPRO_INTERNACIONAL.pdf
2025-09-30 11:03:07 | Ruta completa: C:\laragon\www\analizer_files\data\20250930_110307_danos2_111789838-__TECMAPRO_INTERNACI_CARATULA_Y_CONDICIONES_POLIZA__112030588_TECMAPRO_INTERNACIONAL.pdf
2025-09-30 11:03:08 | ? PDF DESCARGADO EXITOSAMENTE: 20250930_110307_danos2_111789838-__TECMAPRO_INTERNACI_CARATULA_Y_CONDICIONES_POLIZA__112030588_TECMAPRO_INTERNACIONAL.pdf
2025-09-30 11:03:08 | Adjunto: RECIBO DE PAGO POLIZA _112030588 TECMAPRO INTERNACIONAL.Pdf
2025-09-30 11:03:08 | ? Verificación PDF: RECIBO DE PAGO POLIZA _112030588 TECMAPRO INTERNACIONAL.Pdf -> EXTENSIÓN VÁLIDA
2025-09-30 11:03:08 | ? PDF ENCONTRADO: RECIBO DE PAGO POLIZA _112030588 TECMAPRO INTERNACIONAL.Pdf
2025-09-30 11:03:08 | Guardando como: 20250930_110308_danos2_111789838-__TECMAPRO_INTERNACI_RECIBO_DE_PAGO_POLIZA__112030588_TECMAPRO_INTERNACIONAL.pdf
2025-09-30 11:03:08 | Ruta completa: C:\laragon\www\analizer_files\data\20250930_110308_danos2_111789838-__TECMAPRO_INTERNACI_RECIBO_DE_PAGO_POLIZA__112030588_TECMAPRO_INTERNACIONAL.pdf
2025-09-30 11:03:08 | ? PDF DESCARGADO EXITOSAMENTE: 20250930_110308_danos2_111789838-__TECMAPRO_INTERNACI_RECIBO_DE_PAGO_POLIZA__112030588_TECMAPRO_INTERNACIONAL.pdf
2025-09-30 11:03:08 | Adjunto: image001.png
2025-09-30 11:03:08 | ? Verificación PDF: image001.png -> NO es PDF
2025-09-30 11:03:08 | Adjunto: image002.png
2025-09-30 11:03:08 | ? Verificación PDF: image002.png -> NO es PDF
2025-09-30 11:03:08 | RESUMEN: 2 PDFs encontrados, 2 descargados
2025-09-30 11:06:26 | ?? NUEVO CORREO DETECTADO - Iniciando procesamiento...
2025-09-30 11:06:26 | === PROCESANDO CORREO ENTRANTE ===
2025-09-30 11:06:26 | Asunto: 2-430-1700002954-17  -   MONITOREO DE INFORMACION Y PUBLICIDAD, S.A. DE C.V.  -  SEGURO EMPRESARIAL
2025-09-30 11:06:26 | Remitente: Acevedo Couttolenc / Facundo Hernández
2025-09-30 11:06:26 | ?? Detectada cuenta EXCHANGE, extrayendo email real...
2025-09-30 11:06:26 | ? Email REAL obtenido de Exchange: danos2@ACEVEDOCOUTTOLENC.COM
2025-09-30 11:06:26 | Email remitente: danos2@acevedocouttolenc.com
2025-09-30 11:06:26 | Dominio detectado: acevedocouttolenc.com
2025-09-30 11:06:26 | ?? Comparando dominio: acevedocouttolenc.com vs acevedocouttolenc.com
2025-09-30 11:06:26 | ? DOMINIO COINCIDE
2025-09-30 11:06:26 | ? CORREO ACEPTADO - Dominio coincide
2025-09-30 11:06:26 | Buscando adjuntos. Total: 4
2025-09-30 11:06:26 | Adjunto: image001.png
2025-09-30 11:06:26 | ? Verificación PDF: image001.png -> NO es PDF
2025-09-30 11:06:26 | Adjunto: image003.png
2025-09-30 11:06:26 | ? Verificación PDF: image003.png -> NO es PDF
2025-09-30 11:06:26 | Adjunto: CARATULA Y CONDICIONES POLIZA _2_430_M_1700002954_0  MONITOREO DE INFORMACION Y PUBLICIDAD.pdf
2025-09-30 11:06:26 | ? Verificación PDF: CARATULA Y CONDICIONES POLIZA _2_430_M_1700002954_0  MONITOREO DE INFORMACION Y PUBLICIDAD.pdf -> EXTENSIÓN VÁLIDA
2025-09-30 11:06:26 | ? PDF ENCONTRADO: CARATULA Y CONDICIONES POLIZA _2_430_M_1700002954_0  MONITOREO DE INFORMACION Y PUBLICIDAD.pdf
2025-09-30 11:06:26 | Guardando como: 20250930_110626_danos2_2-430-1700002954-17__-___MONIT_CARATULA_Y_CONDICIONES_POLIZA__2_430_M_1700002954_0__MONITOREO_DE_INFORMACION_Y_PUBLICIDAD.pdf
2025-09-30 11:06:26 | Ruta completa: C:\laragon\www\analizer_files\data\20250930_110626_danos2_2-430-1700002954-17__-___MONIT_CARATULA_Y_CONDICIONES_POLIZA__2_430_M_1700002954_0__MONITOREO_DE_INFORMACION_Y_PUBLICIDAD.pdf
2025-09-30 11:06:26 | ? PDF DESCARGADO EXITOSAMENTE: 20250930_110626_danos2_2-430-1700002954-17__-___MONIT_CARATULA_Y_CONDICIONES_POLIZA__2_430_M_1700002954_0__MONITOREO_DE_INFORMACION_Y_PUBLICIDAD.pdf
2025-09-30 11:06:26 | Adjunto: RECIBO DE PAGO POLIZA _2_430_M_1700002954_0  MONITOREO DE INFORMACION Y PUBLICIDAD.pdf
2025-09-30 11:06:26 | ? Verificación PDF: RECIBO DE PAGO POLIZA _2_430_M_1700002954_0  MONITOREO DE INFORMACION Y PUBLICIDAD.pdf -> EXTENSIÓN VÁLIDA
2025-09-30 11:06:26 | ? PDF ENCONTRADO: RECIBO DE PAGO POLIZA _2_430_M_1700002954_0  MONITOREO DE INFORMACION Y PUBLICIDAD.pdf
2025-09-30 11:06:26 | Guardando como: 20250930_110626_danos2_2-430-1700002954-17__-___MONIT_RECIBO_DE_PAGO_POLIZA__2_430_M_1700002954_0__MONITOREO_DE_INFORMACION_Y_PUBLICIDAD.pdf
2025-09-30 11:06:26 | Ruta completa: C:\laragon\www\analizer_files\data\20250930_110626_danos2_2-430-1700002954-17__-___MONIT_RECIBO_DE_PAGO_POLIZA__2_430_M_1700002954_0__MONITOREO_DE_INFORMACION_Y_PUBLICIDAD.pdf
2025-09-30 11:06:26 | ? PDF DESCARGADO EXITOSAMENTE: 20250930_110626_danos2_2-430-1700002954-17__-___MONIT_RECIBO_DE_PAGO_POLIZA__2_430_M_1700002954_0__MONITOREO_DE_INFORMACION_Y_PUBLICIDAD.pdf
2025-09-30 11:06:26 | RESUMEN: 2 PDFs encontrados, 2 descargados
2025-09-30 11:10:35 | ?? NUEVO CORREO DETECTADO - Iniciando procesamiento...
2025-09-30 11:10:35 | === PROCESANDO CORREO ENTRANTE ===
2025-09-30 11:10:35 | Asunto: RENOVACION / POLIZA 228630 / ALFREDO TORRES ABRAHAM
2025-09-30 11:10:35 | Remitente: Acevedo Couttolenc / Vianney Espinosa
2025-09-30 11:10:35 | ?? Detectada cuenta EXCHANGE, extrayendo email real...
2025-09-30 11:10:35 | ? Email REAL obtenido de Exchange: gmm1@ACEVEDOCOUTTOLENC.COM
2025-09-30 11:10:35 | Email remitente: gmm1@acevedocouttolenc.com
2025-09-30 11:10:35 | Dominio detectado: acevedocouttolenc.com
2025-09-30 11:10:35 | ?? Comparando dominio: acevedocouttolenc.com vs acevedocouttolenc.com
2025-09-30 11:10:35 | ? DOMINIO COINCIDE
2025-09-30 11:10:35 | ? CORREO ACEPTADO - Dominio coincide
2025-09-30 11:10:35 | Buscando adjuntos. Total: 5
2025-09-30 11:10:35 | Adjunto: 228630 TORRES ABRAHAM ALFREDO.pdf
2025-09-30 11:10:35 | ? Verificación PDF: 228630 TORRES ABRAHAM ALFREDO.pdf -> EXTENSIÓN VÁLIDA
2025-09-30 11:10:35 | ? PDF ENCONTRADO: 228630 TORRES ABRAHAM ALFREDO.pdf
2025-09-30 11:10:35 | Guardando como: 20250930_111035_gmm1_RENOVACION___POLIZA_228630___A_228630_TORRES_ABRAHAM_ALFREDO.pdf
2025-09-30 11:10:35 | Ruta completa: C:\laragon\www\analizer_files\data\20250930_111035_gmm1_RENOVACION___POLIZA_228630___A_228630_TORRES_ABRAHAM_ALFREDO.pdf
2025-09-30 11:10:35 | ? PDF DESCARGADO EXITOSAMENTE: 20250930_111035_gmm1_RENOVACION___POLIZA_228630___A_228630_TORRES_ABRAHAM_ALFREDO.pdf
2025-09-30 11:10:35 | Adjunto: 228630 TORRES ABRAHAM ALFREDO - RECIBO.pdf
2025-09-30 11:10:35 | ? Verificación PDF: 228630 TORRES ABRAHAM ALFREDO - RECIBO.pdf -> EXTENSIÓN VÁLIDA
2025-09-30 11:10:35 | ? PDF ENCONTRADO: 228630 TORRES ABRAHAM ALFREDO - RECIBO.pdf
2025-09-30 11:10:35 | Guardando como: 20250930_111035_gmm1_RENOVACION___POLIZA_228630___A_228630_TORRES_ABRAHAM_ALFREDO_-_RECIBO.pdf
2025-09-30 11:10:35 | Ruta completa: C:\laragon\www\analizer_files\data\20250930_111035_gmm1_RENOVACION___POLIZA_228630___A_228630_TORRES_ABRAHAM_ALFREDO_-_RECIBO.pdf
2025-09-30 11:10:35 | ? PDF DESCARGADO EXITOSAMENTE: 20250930_111035_gmm1_RENOVACION___POLIZA_228630___A_228630_TORRES_ABRAHAM_ALFREDO_-_RECIBO.pdf
2025-09-30 11:10:35 | Adjunto: SELECT.zip
2025-09-30 11:10:35 | ? Verificación PDF: SELECT.zip -> NO es PDF
2025-09-30 11:10:35 | Adjunto: image001.png
2025-09-30 11:10:35 | ? Verificación PDF: image001.png -> NO es PDF
2025-09-30 11:10:35 | Adjunto: image004.png
2025-09-30 11:10:35 | ? Verificación PDF: image004.png -> NO es PDF
2025-09-30 11:10:35 | RESUMEN: 2 PDFs encontrados, 2 descargados
2025-09-30 11:12:25 | ?? NUEVO CORREO DETECTADO - Iniciando procesamiento...
2025-09-30 11:12:25 | === PROCESANDO CORREO ENTRANTE ===
2025-09-30 11:12:25 | Asunto: RENOVACION / POLIZA 575728233 / MONTSERRAT SIHU HAM SOBERO
2025-09-30 11:12:25 | Remitente: Acevedo Couttolenc / Vianney Espinosa
2025-09-30 11:12:25 | ?? Detectada cuenta EXCHANGE, extrayendo email real...
2025-09-30 11:12:25 | ? Email REAL obtenido de Exchange: gmm1@ACEVEDOCOUTTOLENC.COM
2025-09-30 11:12:25 | Email remitente: gmm1@acevedocouttolenc.com
2025-09-30 11:12:25 | Dominio detectado: acevedocouttolenc.com
2025-09-30 11:12:25 | ?? Comparando dominio: acevedocouttolenc.com vs acevedocouttolenc.com
2025-09-30 11:12:25 | ? DOMINIO COINCIDE
2025-09-30 11:12:25 | ? CORREO ACEPTADO - Dominio coincide
2025-09-30 11:12:25 | Buscando adjuntos. Total: 11
2025-09-30 11:12:25 | Adjunto: 575728233 HAM SOBERO MONTSERRAT SIHU - FACTURA.xml
2025-09-30 11:12:25 | ? Verificación PDF: 575728233 HAM SOBERO MONTSERRAT SIHU - FACTURA.xml -> NO es PDF
2025-09-30 11:12:25 | Adjunto: image004.png
2025-09-30 11:12:25 | ? Verificación PDF: image004.png -> NO es PDF
2025-09-30 11:12:25 | Adjunto: image007.png
2025-09-30 11:12:25 | ? Verificación PDF: image007.png -> NO es PDF
2025-09-30 11:12:25 | Adjunto: 575728233 HAM SOBERO MONTSERRAT SIHU.pdf
2025-09-30 11:12:25 | ? Verificación PDF: 575728233 HAM SOBERO MONTSERRAT SIHU.pdf -> EXTENSIÓN VÁLIDA
2025-09-30 11:12:25 | ? PDF ENCONTRADO: 575728233 HAM SOBERO MONTSERRAT SIHU.pdf
2025-09-30 11:12:25 | Guardando como: 20250930_111225_gmm1_RENOVACION___POLIZA_575728233__575728233_HAM_SOBERO_MONTSERRAT_SIHU.pdf
2025-09-30 11:12:25 | Ruta completa: C:\laragon\www\analizer_files\data\20250930_111225_gmm1_RENOVACION___POLIZA_575728233__575728233_HAM_SOBERO_MONTSERRAT_SIHU.pdf
2025-09-30 11:12:25 | ? PDF DESCARGADO EXITOSAMENTE: 20250930_111225_gmm1_RENOVACION___POLIZA_575728233__575728233_HAM_SOBERO_MONTSERRAT_SIHU.pdf
2025-09-30 11:12:26 | Adjunto: 575728233 HAM SOBERO MONTSERRAT SIHU - RECIBO.pdf
2025-09-30 11:12:26 | ? Verificación PDF: 575728233 HAM SOBERO MONTSERRAT SIHU - RECIBO.pdf -> EXTENSIÓN VÁLIDA
2025-09-30 11:12:26 | ? PDF ENCONTRADO: 575728233 HAM SOBERO MONTSERRAT SIHU - RECIBO.pdf
2025-09-30 11:12:26 | Guardando como: 20250930_111226_gmm1_RENOVACION___POLIZA_575728233__575728233_HAM_SOBERO_MONTSERRAT_SIHU_-_RECIBO.pdf
2025-09-30 11:12:26 | Ruta completa: C:\laragon\www\analizer_files\data\20250930_111226_gmm1_RENOVACION___POLIZA_575728233__575728233_HAM_SOBERO_MONTSERRAT_SIHU_-_RECIBO.pdf
2025-09-30 11:12:26 | ? PDF DESCARGADO EXITOSAMENTE: 20250930_111226_gmm1_RENOVACION___POLIZA_575728233__575728233_HAM_SOBERO_MONTSERRAT_SIHU_-_RECIBO.pdf
2025-09-30 11:12:26 | Adjunto: 575728233 HAM SOBERO MONTSERRAT SIHU - FACTURA.pdf
2025-09-30 11:12:26 | ? Verificación PDF: 575728233 HAM SOBERO MONTSERRAT SIHU - FACTURA.pdf -> EXTENSIÓN VÁLIDA
2025-09-30 11:12:26 | ? PDF ENCONTRADO: 575728233 HAM SOBERO MONTSERRAT SIHU - FACTURA.pdf
2025-09-30 11:12:26 | Guardando como: 20250930_111226_gmm1_RENOVACION___POLIZA_575728233__575728233_HAM_SOBERO_MONTSERRAT_SIHU_-_FACTURA.pdf
2025-09-30 11:12:26 | Ruta completa: C:\laragon\www\analizer_files\data\20250930_111226_gmm1_RENOVACION___POLIZA_575728233__575728233_HAM_SOBERO_MONTSERRAT_SIHU_-_FACTURA.pdf
2025-09-30 11:12:26 | ? PDF DESCARGADO EXITOSAMENTE: 20250930_111226_gmm1_RENOVACION___POLIZA_575728233__575728233_HAM_SOBERO_MONTSERRAT_SIHU_-_FACTURA.pdf
2025-09-30 11:12:26 | Adjunto: PREMIUM-PLATINO-FLEXIBLES.zip
2025-09-30 11:12:26 | ? Verificación PDF: PREMIUM-PLATINO-FLEXIBLES.zip -> NO es PDF
2025-09-30 11:12:26 | Adjunto: image001.png
2025-09-30 11:12:26 | ? Verificación PDF: image001.png -> NO es PDF
2025-09-30 11:12:26 | Adjunto: image010.png
2025-09-30 11:12:26 | ? Verificación PDF: image010.png -> NO es PDF
2025-09-30 11:12:26 | Adjunto: image011.png
2025-09-30 11:12:26 | ? Verificación PDF: image011.png -> NO es PDF
2025-09-30 11:12:26 | Adjunto: image012.png
2025-09-30 11:12:26 | ? Verificación PDF: image012.png -> NO es PDF
2025-09-30 11:12:26 | RESUMEN: 3 PDFs encontrados, 3 descargados
2025-09-30 11:17:49 | ?? NUEVO CORREO DETECTADO - Iniciando procesamiento...
2025-09-30 11:17:49 | === PROCESANDO CORREO ENTRANTE ===
2025-09-30 11:17:49 | Asunto: RE: 2-430-1400003369 / ALTA TECNOLOGIA EN PROTESIS Y REHABILITACION DENTAL, S.C. / RENOVACIÓN EMPRESARIAL
2025-09-30 11:17:49 | Remitente: Acevedo Couttolenc / Saúl Sánchez
2025-09-30 11:17:49 | ?? Detectada cuenta EXCHANGE, extrayendo email real...
2025-09-30 11:17:49 | ? Email REAL obtenido de Exchange: danos@ACEVEDOCOUTTOLENC.COM
2025-09-30 11:17:49 | Email remitente: danos@acevedocouttolenc.com
2025-09-30 11:17:49 | Dominio detectado: acevedocouttolenc.com
2025-09-30 11:17:49 | ?? Comparando dominio: acevedocouttolenc.com vs acevedocouttolenc.com
2025-09-30 11:17:49 | ? DOMINIO COINCIDE
2025-09-30 11:17:49 | ? CORREO ACEPTADO - Dominio coincide
2025-09-30 11:17:49 | Buscando adjuntos. Total: 5
2025-09-30 11:17:49 | Adjunto: image004.png
2025-09-30 11:17:49 | ? Verificación PDF: image004.png -> NO es PDF
2025-09-30 11:17:49 | Adjunto: image005.png
2025-09-30 11:17:49 | ? Verificación PDF: image005.png -> NO es PDF
2025-09-30 11:17:49 | Adjunto: image006.png
2025-09-30 11:17:49 | ? Verificación PDF: image006.png -> NO es PDF
2025-09-30 11:17:49 | Adjunto: image007.png
2025-09-30 11:17:49 | ? Verificación PDF: image007.png -> NO es PDF
2025-09-30 11:17:49 | Adjunto: altatecnologiacontado.pdf
2025-09-30 11:17:49 | ? Verificación PDF: altatecnologiacontado.pdf -> EXTENSIÓN VÁLIDA
2025-09-30 11:17:49 | ? PDF ENCONTRADO: altatecnologiacontado.pdf
2025-09-30 11:17:50 | Guardando como: 20250930_111750_danos_RE__2-430-1400003369___ALTA_TE_altatecnologiacontado.pdf
2025-09-30 11:17:50 | Ruta completa: C:\laragon\www\analizer_files\data\20250930_111750_danos_RE__2-430-1400003369___ALTA_TE_altatecnologiacontado.pdf
2025-09-30 11:17:50 | ? PDF DESCARGADO EXITOSAMENTE: 20250930_111750_danos_RE__2-430-1400003369___ALTA_TE_altatecnologiacontado.pdf
2025-09-30 11:17:50 | RESUMEN: 1 PDFs encontrados, 1 descargados
2025-09-30 11:17:50 | ?? NUEVO CORREO DETECTADO - Iniciando procesamiento...
2025-09-30 11:17:50 | ? ERROR procesando correo: No coinciden los tipos
2025-09-30 11:31:57 | ?? NUEVO CORREO DETECTADO - Iniciando procesamiento...
2025-09-30 11:31:57 | === PROCESANDO CORREO ENTRANTE ===
2025-09-30 11:31:57 | Asunto: RENOVACION / POLIZA 6313245456 / MIGUEL I DE MA AUX. DOMINGUEZ COUTTOLENC
2025-09-30 11:31:57 | Remitente: Acevedo Couttolenc / Vianney Espinosa
2025-09-30 11:31:57 | ?? Detectada cuenta EXCHANGE, extrayendo email real...
2025-09-30 11:31:57 | ? Email REAL obtenido de Exchange: gmm1@ACEVEDOCOUTTOLENC.COM
2025-09-30 11:31:57 | Email remitente: gmm1@acevedocouttolenc.com
2025-09-30 11:31:57 | Dominio detectado: acevedocouttolenc.com
2025-09-30 11:31:57 | ?? Comparando dominio: acevedocouttolenc.com vs acevedocouttolenc.com
2025-09-30 11:31:57 | ? DOMINIO COINCIDE
2025-09-30 11:31:57 | ? CORREO ACEPTADO - Dominio coincide
2025-09-30 11:31:57 | Buscando adjuntos. Total: 11
2025-09-30 11:31:57 | Adjunto: 631324456 DOMINGUEZ COUTTOLENCMIGUEL I DE MA - FACTURA.xml
2025-09-30 11:31:57 | ? Verificación PDF: 631324456 DOMINGUEZ COUTTOLENCMIGUEL I DE MA - FACTURA.xml -> NO es PDF
2025-09-30 11:31:57 | Adjunto: 631324456 DOMINGUEZ COUTTOLENCMIGUEL I DE MA.pdf
2025-09-30 11:31:57 | ? Verificación PDF: 631324456 DOMINGUEZ COUTTOLENCMIGUEL I DE MA.pdf -> EXTENSIÓN VÁLIDA
2025-09-30 11:31:57 | ? PDF ENCONTRADO: 631324456 DOMINGUEZ COUTTOLENCMIGUEL I DE MA.pdf
2025-09-30 11:31:57 | Guardando como: 20250930_113157_gmm1_RENOVACION___POLIZA_6313245456_631324456_DOMINGUEZ_COUTTOLENCMIGUEL_I_DE_MA.pdf
2025-09-30 11:31:57 | Ruta completa: C:\laragon\www\analizer_files\data\20250930_113157_gmm1_RENOVACION___POLIZA_6313245456_631324456_DOMINGUEZ_COUTTOLENCMIGUEL_I_DE_MA.pdf
2025-09-30 11:31:57 | ? PDF DESCARGADO EXITOSAMENTE: 20250930_113157_gmm1_RENOVACION___POLIZA_6313245456_631324456_DOMINGUEZ_COUTTOLENCMIGUEL_I_DE_MA.pdf
2025-09-30 11:31:57 | Adjunto: 631324456 DOMINGUEZ COUTTOLENCMIGUEL I DE MA - RECIBO.pdf
2025-09-30 11:31:57 | ? Verificación PDF: 631324456 DOMINGUEZ COUTTOLENCMIGUEL I DE MA - RECIBO.pdf -> EXTENSIÓN VÁLIDA
2025-09-30 11:31:57 | ? PDF ENCONTRADO: 631324456 DOMINGUEZ COUTTOLENCMIGUEL I DE MA - RECIBO.pdf
2025-09-30 11:31:57 | Guardando como: 20250930_113157_gmm1_RENOVACION___POLIZA_6313245456_631324456_DOMINGUEZ_COUTTOLENCMIGUEL_I_DE_MA_-_RECIBO.pdf
2025-09-30 11:31:57 | Ruta completa: C:\laragon\www\analizer_files\data\20250930_113157_gmm1_RENOVACION___POLIZA_6313245456_631324456_DOMINGUEZ_COUTTOLENCMIGUEL_I_DE_MA_-_RECIBO.pdf
2025-09-30 11:31:57 | ? PDF DESCARGADO EXITOSAMENTE: 20250930_113157_gmm1_RENOVACION___POLIZA_6313245456_631324456_DOMINGUEZ_COUTTOLENCMIGUEL_I_DE_MA_-_RECIBO.pdf
2025-09-30 11:31:57 | Adjunto: 631324456 DOMINGUEZ COUTTOLENCMIGUEL I DE MA - FACTURA.pdf
2025-09-30 11:31:57 | ? Verificación PDF: 631324456 DOMINGUEZ COUTTOLENCMIGUEL I DE MA - FACTURA.pdf -> EXTENSIÓN VÁLIDA
2025-09-30 11:31:57 | ? PDF ENCONTRADO: 631324456 DOMINGUEZ COUTTOLENCMIGUEL I DE MA - FACTURA.pdf
2025-09-30 11:31:57 | Guardando como: 20250930_113157_gmm1_RENOVACION___POLIZA_6313245456_631324456_DOMINGUEZ_COUTTOLENCMIGUEL_I_DE_MA_-_FACTURA.pdf
2025-09-30 11:31:57 | Ruta completa: C:\laragon\www\analizer_files\data\20250930_113157_gmm1_RENOVACION___POLIZA_6313245456_631324456_DOMINGUEZ_COUTTOLENCMIGUEL_I_DE_MA_-_FACTURA.pdf
2025-09-30 11:31:57 | ? PDF DESCARGADO EXITOSAMENTE: 20250930_113157_gmm1_RENOVACION___POLIZA_6313245456_631324456_DOMINGUEZ_COUTTOLENCMIGUEL_I_DE_MA_-_FACTURA.pdf
2025-09-30 11:31:57 | Adjunto: image006.png
2025-09-30 11:31:57 | ? Verificación PDF: image006.png -> NO es PDF
2025-09-30 11:31:57 | Adjunto: image009.png
2025-09-30 11:31:57 | ? Verificación PDF: image009.png -> NO es PDF
2025-09-30 11:31:57 | Adjunto: PREMIER.zip
2025-09-30 11:31:57 | ? Verificación PDF: PREMIER.zip -> NO es PDF
2025-09-30 11:31:57 | Adjunto: image001.png
2025-09-30 11:31:57 | ? Verificación PDF: image001.png -> NO es PDF
2025-09-30 11:31:57 | Adjunto: image003.png
2025-09-30 11:31:57 | ? Verificación PDF: image003.png -> NO es PDF
2025-09-30 11:31:57 | Adjunto: image011.png
2025-09-30 11:31:57 | ? Verificación PDF: image011.png -> NO es PDF
2025-09-30 11:31:57 | Adjunto: image012.png
2025-09-30 11:31:57 | ? Verificación PDF: image012.png -> NO es PDF
2025-09-30 11:31:57 | RESUMEN: 3 PDFs encontrados, 3 descargados
2025-09-30 11:35:42 | ?? NUEVO CORREO DETECTADO - Iniciando procesamiento...
2025-09-30 11:35:42 | === PROCESANDO CORREO ENTRANTE ===
2025-09-30 11:35:42 | Asunto: RV: CORRECCION DE PRODUCCION 25092025
2025-09-30 11:35:42 | Remitente: Acevedo Couttolenc / Georgina Hernandez
2025-09-30 11:35:42 | ?? Detectada cuenta EXCHANGE, extrayendo email real...
2025-09-30 11:35:42 | ? Email REAL obtenido de Exchange: sistemas1@ACEVEDOCOUTTOLENC.COM
2025-09-30 11:35:42 | Email remitente: sistemas1@acevedocouttolenc.com
2025-09-30 11:35:42 | Dominio detectado: acevedocouttolenc.com
2025-09-30 11:35:42 | ?? Comparando dominio: acevedocouttolenc.com vs acevedocouttolenc.com
2025-09-30 11:35:42 | ? DOMINIO COINCIDE
2025-09-30 11:35:42 | ? CORREO ACEPTADO - Dominio coincide
2025-09-30 11:35:42 | Buscando adjuntos. Total: 2
2025-09-30 11:35:42 | Adjunto: image003.png
2025-09-30 11:35:42 | ? Verificación PDF: image003.png -> NO es PDF
2025-09-30 11:35:42 | Adjunto: image004.png
2025-09-30 11:35:42 | ? Verificación PDF: image004.png -> NO es PDF
2025-09-30 11:35:42 | RESUMEN: 0 PDFs encontrados, 0 descargados
2025-09-30 11:36:34 | ?? NUEVO CORREO DETECTADO - Iniciando procesamiento...
2025-09-30 11:36:34 | === PROCESANDO CORREO ENTRANTE ===
2025-09-30 11:36:34 | Asunto: 2025 09 30 Comprobante pago Póliza #006-075-07000031-08 Responsabilidad Civil Exportación
2025-09-30 11:36:34 | Remitente: Ita Figueroa
2025-09-30 11:36:34 | ? Email obtenido por SenderEmailAddress: expo3@dulcesanahuac.com
2025-09-30 11:36:34 | Email remitente: expo3@dulcesanahuac.com
2025-09-30 11:36:34 | Dominio detectado: dulcesanahuac.com
2025-09-30 11:36:34 | ?? Comparando dominio: dulcesanahuac.com vs acevedocouttolenc.com
2025-09-30 11:36:34 | ? DOMINIO NO COINCIDE
2025-09-30 11:36:34 | ? CORREO RECHAZADO - Dominio NO coincide. Esperado: acevedocouttolenc.com
2025-09-30 11:47:08 | ?? NUEVO CORREO DETECTADO - Iniciando procesamiento...
2025-09-30 11:47:08 | === PROCESANDO CORREO ENTRANTE ===
2025-09-30 11:47:08 | Asunto: Ticket resuelto con folio: TICKET-010196/2025
2025-09-30 11:47:08 | Remitente: Información de tickets
2025-09-30 11:47:08 | ? Email obtenido por SenderEmailAddress: informaciondetickets@sicas.com.mx
2025-09-30 11:47:08 | Email remitente: informaciondetickets@sicas.com.mx
2025-09-30 11:47:08 | Dominio detectado: sicas.com.mx
2025-09-30 11:47:08 | ?? Comparando dominio: sicas.com.mx vs acevedocouttolenc.com
2025-09-30 11:47:08 | ? DOMINIO NO COINCIDE
2025-09-30 11:47:08 | ? CORREO RECHAZADO - Dominio NO coincide. Esperado: acevedocouttolenc.com
2025-09-30 11:47:23 | ?? NUEVO CORREO DETECTADO - Iniciando procesamiento...
2025-09-30 11:47:23 | === PROCESANDO CORREO ENTRANTE ===
2025-09-30 11:47:23 | Asunto: Ticket de servicio No. TICKET-010196/2025
2025-09-30 11:47:23 | Remitente: Información de tickets
2025-09-30 11:47:23 | ? Email obtenido por SenderEmailAddress: informaciondetickets@sicas.com.mx
2025-09-30 11:47:23 | Email remitente: informaciondetickets@sicas.com.mx
2025-09-30 11:47:23 | Dominio detectado: sicas.com.mx
2025-09-30 11:47:23 | ?? Comparando dominio: sicas.com.mx vs acevedocouttolenc.com
2025-09-30 11:47:23 | ? DOMINIO NO COINCIDE
2025-09-30 11:47:23 | ? CORREO RECHAZADO - Dominio NO coincide. Esperado: acevedocouttolenc.com
2025-09-30 11:52:08 | ?? NUEVO CORREO DETECTADO - Iniciando procesamiento...
2025-09-30 11:52:08 | === PROCESANDO CORREO ENTRANTE ===
2025-09-30 11:52:08 | Asunto: RENOVACION DE GASTOS MEDICOS 829488 JOSE FEDERICO GUTIERREZ LICHTLE
2025-09-30 11:52:08 | Remitente: Acevedo Couttolenc / Rocio Romano
2025-09-30 11:52:08 | ?? Detectada cuenta EXCHANGE, extrayendo email real...
2025-09-30 11:52:08 | ? Email REAL obtenido de Exchange: gmm3@ACEVEDOCOUTTOLENC.COM
2025-09-30 11:52:08 | Email remitente: gmm3@acevedocouttolenc.com
2025-09-30 11:52:08 | Dominio detectado: acevedocouttolenc.com
2025-09-30 11:52:08 | ?? Comparando dominio: acevedocouttolenc.com vs acevedocouttolenc.com
2025-09-30 11:52:08 | ? DOMINIO COINCIDE
2025-09-30 11:52:08 | ? CORREO ACEPTADO - Dominio coincide
2025-09-30 11:52:08 | Buscando adjuntos. Total: 4
2025-09-30 11:52:08 | Adjunto: 829488 GUTIERREZ LICHTLE FEDERICO.pdf
2025-09-30 11:52:08 | ? Verificación PDF: 829488 GUTIERREZ LICHTLE FEDERICO.pdf -> EXTENSIÓN VÁLIDA
2025-09-30 11:52:08 | ? PDF ENCONTRADO: 829488 GUTIERREZ LICHTLE FEDERICO.pdf
2025-09-30 11:52:08 | Guardando como: 20250930_115208_gmm3_RENOVACION_DE_GASTOS_MEDICOS_8_829488_GUTIERREZ_LICHTLE_FEDERICO.pdf
2025-09-30 11:52:08 | Ruta completa: C:\laragon\www\analizer_files\data\20250930_115208_gmm3_RENOVACION_DE_GASTOS_MEDICOS_8_829488_GUTIERREZ_LICHTLE_FEDERICO.pdf
2025-09-30 11:52:08 | ? PDF DESCARGADO EXITOSAMENTE: 20250930_115208_gmm3_RENOVACION_DE_GASTOS_MEDICOS_8_829488_GUTIERREZ_LICHTLE_FEDERICO.pdf
2025-09-30 11:52:08 | Adjunto: 829488 GUTIERREZ LICHTLE FEDERICO_RECIBO.pdf
2025-09-30 11:52:08 | ? Verificación PDF: 829488 GUTIERREZ LICHTLE FEDERICO_RECIBO.pdf -> EXTENSIÓN VÁLIDA
2025-09-30 11:52:08 | ? PDF ENCONTRADO: 829488 GUTIERREZ LICHTLE FEDERICO_RECIBO.pdf
2025-09-30 11:52:08 | Guardando como: 20250930_115208_gmm3_RENOVACION_DE_GASTOS_MEDICOS_8_829488_GUTIERREZ_LICHTLE_FEDERICO_RECIBO.pdf
2025-09-30 11:52:08 | Ruta completa: C:\laragon\www\analizer_files\data\20250930_115208_gmm3_RENOVACION_DE_GASTOS_MEDICOS_8_829488_GUTIERREZ_LICHTLE_FEDERICO_RECIBO.pdf
2025-09-30 11:52:08 | ? PDF DESCARGADO EXITOSAMENTE: 20250930_115208_gmm3_RENOVACION_DE_GASTOS_MEDICOS_8_829488_GUTIERREZ_LICHTLE_FEDERICO_RECIBO.pdf
2025-09-30 11:52:08 | Adjunto: BUPA NACIONAL PLUS 2025.zip
2025-09-30 11:52:08 | ? Verificación PDF: BUPA NACIONAL PLUS 2025.zip -> NO es PDF
2025-09-30 11:52:08 | Adjunto: image003.jpg
2025-09-30 11:52:08 | ? Verificación PDF: image003.jpg -> NO es PDF
2025-09-30 11:52:08 | RESUMEN: 2 PDFs encontrados, 2 descargados
2025-09-30 11:53:10 | ?? NUEVO CORREO DETECTADO - Iniciando procesamiento...
2025-09-30 11:53:10 | === PROCESANDO CORREO ENTRANTE ===
2025-09-30 11:53:10 | Asunto: 2-430-300006289 / FABRICA DE DULCES Y CHOCOLATES LA POBLANA S.A. DE C.V. / ENDOSO EMPRESARIAL
2025-09-30 11:53:10 | Remitente: Acevedo Couttolenc / Saúl Sánchez
2025-09-30 11:53:10 | ?? Detectada cuenta EXCHANGE, extrayendo email real...
2025-09-30 11:53:10 | ? Email REAL obtenido de Exchange: danos@ACEVEDOCOUTTOLENC.COM
2025-09-30 11:53:10 | Email remitente: danos@acevedocouttolenc.com
2025-09-30 11:53:10 | Dominio detectado: acevedocouttolenc.com
2025-09-30 11:53:10 | ?? Comparando dominio: acevedocouttolenc.com vs acevedocouttolenc.com
2025-09-30 11:53:10 | ? DOMINIO COINCIDE
2025-09-30 11:53:10 | ? CORREO ACEPTADO - Dominio coincide
2025-09-30 11:53:10 | Buscando adjuntos. Total: 4
2025-09-30 11:53:10 | Adjunto: Recibo 2-430-300006289.pdf
2025-09-30 11:53:10 | ? Verificación PDF: Recibo 2-430-300006289.pdf -> EXTENSIÓN VÁLIDA
2025-09-30 11:53:10 | ? PDF ENCONTRADO: Recibo 2-430-300006289.pdf
2025-09-30 11:53:10 | Guardando como: 20250930_115310_danos_2-430-300006289___FABRICA_DE_D_Recibo_2-430-300006289.pdf
2025-09-30 11:53:10 | Ruta completa: C:\laragon\www\analizer_files\data\20250930_115310_danos_2-430-300006289___FABRICA_DE_D_Recibo_2-430-300006289.pdf
2025-09-30 11:53:10 | ? PDF DESCARGADO EXITOSAMENTE: 20250930_115310_danos_2-430-300006289___FABRICA_DE_D_Recibo_2-430-300006289.pdf
2025-09-30 11:53:10 | Adjunto: Endoso_2_430_M_300006289.pdf
2025-09-30 11:53:10 | ? Verificación PDF: Endoso_2_430_M_300006289.pdf -> EXTENSIÓN VÁLIDA
2025-09-30 11:53:10 | ? PDF ENCONTRADO: Endoso_2_430_M_300006289.pdf
2025-09-30 11:53:10 | Guardando como: 20250930_115310_danos_2-430-300006289___FABRICA_DE_D_Endoso_2_430_M_300006289.pdf
2025-09-30 11:53:10 | Ruta completa: C:\laragon\www\analizer_files\data\20250930_115310_danos_2-430-300006289___FABRICA_DE_D_Endoso_2_430_M_300006289.pdf
2025-09-30 11:53:10 | ? PDF DESCARGADO EXITOSAMENTE: 20250930_115310_danos_2-430-300006289___FABRICA_DE_D_Endoso_2_430_M_300006289.pdf
2025-09-30 11:53:10 | Adjunto: image004.png
2025-09-30 11:53:10 | ? Verificación PDF: image004.png -> NO es PDF
2025-09-30 11:53:10 | Adjunto: image005.png
2025-09-30 11:53:10 | ? Verificación PDF: image005.png -> NO es PDF
2025-09-30 11:53:10 | RESUMEN: 2 PDFs encontrados, 2 descargados
2025-09-30 11:55:34 | ?? NUEVO CORREO DETECTADO - Iniciando procesamiento...
2025-09-30 11:55:34 | === PROCESANDO CORREO ENTRANTE ===
2025-09-30 11:55:34 | Asunto: 2
2025-09-30 11:55:34 | Remitente: Acevedo Couttolenc / Ricardo Gaspariano Galán
2025-09-30 11:55:34 | ?? Detectada cuenta EXCHANGE, extrayendo email real...
2025-09-30 11:55:34 | ? Email REAL obtenido de Exchange: programador@ACEVEDOCOUTTOLENC.COM
2025-09-30 11:55:34 | Email remitente: programador@acevedocouttolenc.com
2025-09-30 11:55:34 | Dominio detectado: acevedocouttolenc.com
2025-09-30 11:55:34 | ?? Comparando dominio: acevedocouttolenc.com vs acevedocouttolenc.com
2025-09-30 11:55:34 | ? DOMINIO COINCIDE
2025-09-30 11:55:34 | ? CORREO ACEPTADO - Dominio coincide
2025-09-30 11:55:34 | Buscando adjuntos. Total: 2
2025-09-30 11:55:34 | Adjunto: Funciones Principales.txt
2025-09-30 11:55:34 | ? Verificación PDF: Funciones Principales.txt -> NO es PDF
2025-09-30 11:55:34 | Adjunto: Outlook-ggbvzqy0.png
2025-09-30 11:55:34 | ? Verificación PDF: Outlook-ggbvzqy0.png -> NO es PDF
2025-09-30 11:55:34 | RESUMEN: 0 PDFs encontrados, 0 descargados
2025-09-30 12:16:08 | ?? NUEVO CORREO DETECTADO - Iniciando procesamiento...
2025-09-30 12:16:08 | === PROCESANDO CORREO ENTRANTE ===
2025-09-30 12:16:08 | Asunto: RV: RENOVACION DE GASTOS MEDICOS 692318603 PERLA MICHELLE MACIP RODRIGUEZ POL. (ANT) 82001231
2025-09-30 12:16:08 | Remitente: Acevedo Couttolenc / Rocio Romano
2025-09-30 12:16:08 | ?? Detectada cuenta EXCHANGE, extrayendo email real...
2025-09-30 12:16:08 | ? Email REAL obtenido de Exchange: gmm3@ACEVEDOCOUTTOLENC.COM
2025-09-30 12:16:08 | Email remitente: gmm3@acevedocouttolenc.com
2025-09-30 12:16:08 | Dominio detectado: acevedocouttolenc.com
2025-09-30 12:16:08 | ?? Comparando dominio: acevedocouttolenc.com vs acevedocouttolenc.com
2025-09-30 12:16:08 | ? DOMINIO COINCIDE
2025-09-30 12:16:08 | ? CORREO ACEPTADO - Dominio coincide
2025-09-30 12:16:08 | Buscando adjuntos. Total: 11
2025-09-30 12:16:08 | Adjunto: image005.png
2025-09-30 12:16:08 | ? Verificación PDF: image005.png -> NO es PDF
2025-09-30 12:16:08 | Adjunto: image008.png
2025-09-30 12:16:08 | ? Verificación PDF: image008.png -> NO es PDF
2025-09-30 12:16:08 | Adjunto: 692318603 MACIP RODRIGUEZ PERLA MICHELLE.pdf
2025-09-30 12:16:08 | ? Verificación PDF: 692318603 MACIP RODRIGUEZ PERLA MICHELLE.pdf -> EXTENSIÓN VÁLIDA
2025-09-30 12:16:08 | ? PDF ENCONTRADO: 692318603 MACIP RODRIGUEZ PERLA MICHELLE.pdf
2025-09-30 12:16:08 | Guardando como: 20250930_121608_gmm3_RV__RENOVACION_DE_GASTOS_MEDIC_692318603_MACIP_RODRIGUEZ_PERLA_MICHELLE.pdf
2025-09-30 12:16:08 | Ruta completa: C:\laragon\www\analizer_files\data\20250930_121608_gmm3_RV__RENOVACION_DE_GASTOS_MEDIC_692318603_MACIP_RODRIGUEZ_PERLA_MICHELLE.pdf
2025-09-30 12:16:08 | ? PDF DESCARGADO EXITOSAMENTE: 20250930_121608_gmm3_RV__RENOVACION_DE_GASTOS_MEDIC_692318603_MACIP_RODRIGUEZ_PERLA_MICHELLE.pdf
2025-09-30 12:16:08 | Adjunto: 692318603 MACIP RODRIGUEZ PERLA MICHELLE_RECIBO.pdf
2025-09-30 12:16:08 | ? Verificación PDF: 692318603 MACIP RODRIGUEZ PERLA MICHELLE_RECIBO.pdf -> EXTENSIÓN VÁLIDA
2025-09-30 12:16:08 | ? PDF ENCONTRADO: 692318603 MACIP RODRIGUEZ PERLA MICHELLE_RECIBO.pdf
2025-09-30 12:16:08 | Guardando como: 20250930_121608_gmm3_RV__RENOVACION_DE_GASTOS_MEDIC_692318603_MACIP_RODRIGUEZ_PERLA_MICHELLE_RECIBO.pdf
2025-09-30 12:16:08 | Ruta completa: C:\laragon\www\analizer_files\data\20250930_121608_gmm3_RV__RENOVACION_DE_GASTOS_MEDIC_692318603_MACIP_RODRIGUEZ_PERLA_MICHELLE_RECIBO.pdf
2025-09-30 12:16:09 | ? PDF DESCARGADO EXITOSAMENTE: 20250930_121608_gmm3_RV__RENOVACION_DE_GASTOS_MEDIC_692318603_MACIP_RODRIGUEZ_PERLA_MICHELLE_RECIBO.pdf
2025-09-30 12:16:09 | Adjunto: 692318603 MACIP RODRIGUEZ PERLA MICHELLE_FACTURA.pdf
2025-09-30 12:16:09 | ? Verificación PDF: 692318603 MACIP RODRIGUEZ PERLA MICHELLE_FACTURA.pdf -> EXTENSIÓN VÁLIDA
2025-09-30 12:16:09 | ? PDF ENCONTRADO: 692318603 MACIP RODRIGUEZ PERLA MICHELLE_FACTURA.pdf
2025-09-30 12:16:09 | Guardando como: 20250930_121609_gmm3_RV__RENOVACION_DE_GASTOS_MEDIC_692318603_MACIP_RODRIGUEZ_PERLA_MICHELLE_FACTURA.pdf
2025-09-30 12:16:09 | Ruta completa: C:\laragon\www\analizer_files\data\20250930_121609_gmm3_RV__RENOVACION_DE_GASTOS_MEDIC_692318603_MACIP_RODRIGUEZ_PERLA_MICHELLE_FACTURA.pdf
2025-09-30 12:16:09 | ? PDF DESCARGADO EXITOSAMENTE: 20250930_121609_gmm3_RV__RENOVACION_DE_GASTOS_MEDIC_692318603_MACIP_RODRIGUEZ_PERLA_MICHELLE_FACTURA.pdf
2025-09-30 12:16:09 | Adjunto: 692318603 MACIP RODRIGUEZ PERLA MICHELLE.xml
2025-09-30 12:16:09 | ? Verificación PDF: 692318603 MACIP RODRIGUEZ PERLA MICHELLE.xml -> NO es PDF
2025-09-30 12:16:09 | Adjunto: PREMIER.zip
2025-09-30 12:16:09 | ? Verificación PDF: PREMIER.zip -> NO es PDF
2025-09-30 12:16:09 | Adjunto: image004.png
2025-09-30 12:16:09 | ? Verificación PDF: image004.png -> NO es PDF
2025-09-30 12:16:09 | Adjunto: image007.png
2025-09-30 12:16:09 | ? Verificación PDF: image007.png -> NO es PDF
2025-09-30 12:16:09 | Adjunto: image009.jpg
2025-09-30 12:16:09 | ? Verificación PDF: image009.jpg -> NO es PDF
2025-09-30 12:16:09 | Adjunto: image001.jpg
2025-09-30 12:16:09 | ? Verificación PDF: image001.jpg -> NO es PDF
2025-09-30 12:16:09 | RESUMEN: 3 PDFs encontrados, 3 descargados
2025-09-30 12:43:42 | ?? NUEVO CORREO DETECTADO - Iniciando procesamiento...
2025-09-30 12:43:42 | === PROCESANDO CORREO ENTRANTE ===
2025-09-30 12:43:42 | Asunto: 005423864 - 005423892 - 005423900 COEL DE PUEBLA SA DE CV
2025-09-30 12:43:42 | Remitente: Acevedo Couttolenc / Abraham Pelcastre
2025-09-30 12:43:42 | ?? Detectada cuenta EXCHANGE, extrayendo email real...
2025-09-30 12:43:42 | ? Email REAL obtenido de Exchange: autos2@ACEVEDOCOUTTOLENC.COM
2025-09-30 12:43:42 | Email remitente: autos2@acevedocouttolenc.com
2025-09-30 12:43:42 | Dominio detectado: acevedocouttolenc.com
2025-09-30 12:43:42 | ?? Comparando dominio: acevedocouttolenc.com vs acevedocouttolenc.com
2025-09-30 12:43:42 | ? DOMINIO COINCIDE
2025-09-30 12:43:42 | ? CORREO ACEPTADO - Dominio coincide
2025-09-30 12:43:42 | Buscando adjuntos. Total: 7
2025-09-30 12:43:42 | Adjunto: POLIZA CHEVROLET S-10 MAX CHASIS CABINA 4X2.pdf
2025-09-30 12:43:42 | ? Verificación PDF: POLIZA CHEVROLET S-10 MAX CHASIS CABINA 4X2.pdf -> EXTENSIÓN VÁLIDA
2025-09-30 12:43:42 | ? PDF ENCONTRADO: POLIZA CHEVROLET S-10 MAX CHASIS CABINA 4X2.pdf
2025-09-30 12:43:42 | Guardando como: 20250930_124342_autos2_005423864_-_005423892_-_005423_POLIZA_CHEVROLET_S-10_MAX_CHASIS_CABINA_4X2.pdf
2025-09-30 12:43:42 | Ruta completa: C:\laragon\www\analizer_files\data\20250930_124342_autos2_005423864_-_005423892_-_005423_POLIZA_CHEVROLET_S-10_MAX_CHASIS_CABINA_4X2.pdf
2025-09-30 12:43:43 | ? PDF DESCARGADO EXITOSAMENTE: 20250930_124342_autos2_005423864_-_005423892_-_005423_POLIZA_CHEVROLET_S-10_MAX_CHASIS_CABINA_4X2.pdf
2025-09-30 12:43:43 | Adjunto: POLIZA NISSAN CHASIS CABINA NP300 DH AA.pdf
2025-09-30 12:43:43 | ? Verificación PDF: POLIZA NISSAN CHASIS CABINA NP300 DH AA.pdf -> EXTENSIÓN VÁLIDA
2025-09-30 12:43:43 | ? PDF ENCONTRADO: POLIZA NISSAN CHASIS CABINA NP300 DH AA.pdf
2025-09-30 12:43:43 | Guardando como: 20250930_124343_autos2_005423864_-_005423892_-_005423_POLIZA_NISSAN_CHASIS_CABINA_NP300_DH_AA.pdf
2025-09-30 12:43:43 | Ruta completa: C:\laragon\www\analizer_files\data\20250930_124343_autos2_005423864_-_005423892_-_005423_POLIZA_NISSAN_CHASIS_CABINA_NP300_DH_AA.pdf
2025-09-30 12:43:43 | ? PDF DESCARGADO EXITOSAMENTE: 20250930_124343_autos2_005423864_-_005423892_-_005423_POLIZA_NISSAN_CHASIS_CABINA_NP300_DH_AA.pdf
2025-09-30 12:43:43 | Adjunto: POLIZA FORD TRANSIT VAN CHASIS MEDIANA TD.pdf
2025-09-30 12:43:43 | ? Verificación PDF: POLIZA FORD TRANSIT VAN CHASIS MEDIANA TD.pdf -> EXTENSIÓN VÁLIDA
2025-09-30 12:43:43 | ? PDF ENCONTRADO: POLIZA FORD TRANSIT VAN CHASIS MEDIANA TD.pdf
2025-09-30 12:43:43 | Guardando como: 20250930_124343_autos2_005423864_-_005423892_-_005423_POLIZA_FORD_TRANSIT_VAN_CHASIS_MEDIANA_TD.pdf
2025-09-30 12:43:43 | Ruta completa: C:\laragon\www\analizer_files\data\20250930_124343_autos2_005423864_-_005423892_-_005423_POLIZA_FORD_TRANSIT_VAN_CHASIS_MEDIANA_TD.pdf
2025-09-30 12:43:43 | ? PDF DESCARGADO EXITOSAMENTE: 20250930_124343_autos2_005423864_-_005423892_-_005423_POLIZA_FORD_TRANSIT_VAN_CHASIS_MEDIANA_TD.pdf
2025-09-30 12:43:43 | Adjunto: REPORTE SINIESTRO ANA.jpg
2025-09-30 12:43:43 | ? Verificación PDF: REPORTE SINIESTRO ANA.jpg -> NO es PDF
2025-09-30 12:43:43 | Adjunto: CONDICIONES GENERALES CAMIONES ANA SEGUROS.pdf
2025-09-30 12:43:43 | ? Verificación PDF: CONDICIONES GENERALES CAMIONES ANA SEGUROS.pdf -> EXTENSIÓN VÁLIDA
2025-09-30 12:43:43 | ? PDF ENCONTRADO: CONDICIONES GENERALES CAMIONES ANA SEGUROS.pdf
2025-09-30 12:43:43 | Guardando como: 20250930_124343_autos2_005423864_-_005423892_-_005423_CONDICIONES_GENERALES_CAMIONES_ANA_SEGUROS.pdf
2025-09-30 12:43:43 | Ruta completa: C:\laragon\www\analizer_files\data\20250930_124343_autos2_005423864_-_005423892_-_005423_CONDICIONES_GENERALES_CAMIONES_ANA_SEGUROS.pdf
2025-09-30 12:43:44 | ? PDF DESCARGADO EXITOSAMENTE: 20250930_124343_autos2_005423864_-_005423892_-_005423_CONDICIONES_GENERALES_CAMIONES_ANA_SEGUROS.pdf
2025-09-30 12:43:44 | Adjunto: image003.png
2025-09-30 12:43:44 | ? Verificación PDF: image003.png -> NO es PDF
2025-09-30 12:43:44 | Adjunto: image004.png
2025-09-30 12:43:44 | ? Verificación PDF: image004.png -> NO es PDF
2025-09-30 12:43:44 | RESUMEN: 4 PDFs encontrados, 4 descargados
2025-09-30 13:04:29 | ?? NUEVO CORREO DETECTADO - Iniciando procesamiento...
2025-09-30 13:04:29 | === PROCESANDO CORREO ENTRANTE ===
2025-09-30 13:04:29 | Asunto: 005397005	BASACORP	NISSAN X-TRAIL EXCLUSIVE 2 ROW MOD. 2018
2025-09-30 13:04:29 | Remitente: Acevedo Couttolenc / Abraham Pelcastre
2025-09-30 13:04:29 | ?? Detectada cuenta EXCHANGE, extrayendo email real...
2025-09-30 13:04:29 | ? Email REAL obtenido de Exchange: autos2@ACEVEDOCOUTTOLENC.COM
2025-09-30 13:04:29 | Email remitente: autos2@acevedocouttolenc.com
2025-09-30 13:04:29 | Dominio detectado: acevedocouttolenc.com
2025-09-30 13:04:29 | ?? Comparando dominio: acevedocouttolenc.com vs acevedocouttolenc.com
2025-09-30 13:04:29 | ? DOMINIO COINCIDE
2025-09-30 13:04:29 | ? CORREO ACEPTADO - Dominio coincide
2025-09-30 13:04:29 | Buscando adjuntos. Total: 7
2025-09-30 13:04:29 | Adjunto: POLIZA NISSAN X-TRAIL EXCLUSIVE 2 ROW CVT 2018.pdf
2025-09-30 13:04:29 | ? Verificación PDF: POLIZA NISSAN X-TRAIL EXCLUSIVE 2 ROW CVT 2018.pdf -> EXTENSIÓN VÁLIDA
2025-09-30 13:04:29 | ? PDF ENCONTRADO: POLIZA NISSAN X-TRAIL EXCLUSIVE 2 ROW CVT 2018.pdf
2025-09-30 13:04:29 | Guardando como: 20250930_130429_autos2_005397005_BASACORP_NISSAN_X-TR_POLIZA_NISSAN_X-TRAIL_EXCLUSIVE_2_ROW_CVT_2018.pdf
2025-09-30 13:04:29 | Ruta completa: C:\laragon\www\analizer_files\data\20250930_130429_autos2_005397005_BASACORP_NISSAN_X-TR_POLIZA_NISSAN_X-TRAIL_EXCLUSIVE_2_ROW_CVT_2018.pdf
2025-09-30 13:04:29 | ? PDF DESCARGADO EXITOSAMENTE: 20250930_130429_autos2_005397005_BASACORP_NISSAN_X-TR_POLIZA_NISSAN_X-TRAIL_EXCLUSIVE_2_ROW_CVT_2018.pdf
2025-09-30 13:04:29 | Adjunto: RECIBO NISSAN X-TRAIL EXCLUSIVE 2 ROW CVT 2018.pdf
2025-09-30 13:04:29 | ? Verificación PDF: RECIBO NISSAN X-TRAIL EXCLUSIVE 2 ROW CVT 2018.pdf -> EXTENSIÓN VÁLIDA
2025-09-30 13:04:29 | ? PDF ENCONTRADO: RECIBO NISSAN X-TRAIL EXCLUSIVE 2 ROW CVT 2018.pdf
2025-09-30 13:04:29 | Guardando como: 20250930_130429_autos2_005397005_BASACORP_NISSAN_X-TR_RECIBO_NISSAN_X-TRAIL_EXCLUSIVE_2_ROW_CVT_2018.pdf
2025-09-30 13:04:29 | Ruta completa: C:\laragon\www\analizer_files\data\20250930_130429_autos2_005397005_BASACORP_NISSAN_X-TR_RECIBO_NISSAN_X-TRAIL_EXCLUSIVE_2_ROW_CVT_2018.pdf
2025-09-30 13:04:30 | ? PDF DESCARGADO EXITOSAMENTE: 20250930_130429_autos2_005397005_BASACORP_NISSAN_X-TR_RECIBO_NISSAN_X-TRAIL_EXCLUSIVE_2_ROW_CVT_2018.pdf
2025-09-30 13:04:30 | Adjunto: CONDICIONES AUTOS GENERALES ANA SEGUROS.pdf
2025-09-30 13:04:30 | ? Verificación PDF: CONDICIONES AUTOS GENERALES ANA SEGUROS.pdf -> EXTENSIÓN VÁLIDA
2025-09-30 13:04:30 | ? PDF ENCONTRADO: CONDICIONES AUTOS GENERALES ANA SEGUROS.pdf
2025-09-30 13:04:30 | Guardando como: 20250930_130430_autos2_005397005_BASACORP_NISSAN_X-TR_CONDICIONES_AUTOS_GENERALES_ANA_SEGUROS.pdf
2025-09-30 13:04:30 | Ruta completa: C:\laragon\www\analizer_files\data\20250930_130430_autos2_005397005_BASACORP_NISSAN_X-TR_CONDICIONES_AUTOS_GENERALES_ANA_SEGUROS.pdf
2025-09-30 13:04:31 | ? PDF DESCARGADO EXITOSAMENTE: 20250930_130430_autos2_005397005_BASACORP_NISSAN_X-TR_CONDICIONES_AUTOS_GENERALES_ANA_SEGUROS.pdf
2025-09-30 13:04:31 | Adjunto: REPORTE SINIESTRO ANA.jpg
2025-09-30 13:04:31 | ? Verificación PDF: REPORTE SINIESTRO ANA.jpg -> NO es PDF
2025-09-30 13:04:31 | Adjunto: image003.png
2025-09-30 13:04:31 | ? Verificación PDF: image003.png -> NO es PDF
2025-09-30 13:04:31 | Adjunto: image004.png
2025-09-30 13:04:31 | ? Verificación PDF: image004.png -> NO es PDF
2025-09-30 13:04:31 | Adjunto: image005.png
2025-09-30 13:04:31 | ? Verificación PDF: image005.png -> NO es PDF
2025-09-30 13:04:31 | RESUMEN: 3 PDFs encontrados, 3 descargados
2025-09-30 13:15:19 | ?? NUEVO CORREO DETECTADO - Iniciando procesamiento...
2025-09-30 13:15:19 | === PROCESANDO CORREO ENTRANTE ===
2025-09-30 13:15:19 | Asunto: PRESTAMO DE EXPEDIENTE 8483547 GONZALEZ GONZALEZ FRIDA
2025-09-30 13:15:19 | Remitente: Acevedo Couttolenc / Frida Fernanda Villaseñor Tecuatl
2025-09-30 13:15:19 | ?? Detectada cuenta EXCHANGE, extrayendo email real...
2025-09-30 13:15:19 | ? Email REAL obtenido de Exchange: vida2@ACEVEDOCOUTTOLENC.COM
2025-09-30 13:15:19 | Email remitente: vida2@acevedocouttolenc.com
2025-09-30 13:15:19 | Dominio detectado: acevedocouttolenc.com
2025-09-30 13:15:19 | ?? Comparando dominio: acevedocouttolenc.com vs acevedocouttolenc.com
2025-09-30 13:15:19 | ? DOMINIO COINCIDE
2025-09-30 13:15:19 | ? CORREO ACEPTADO - Dominio coincide
2025-09-30 13:15:19 | Buscando adjuntos. Total: 1
2025-09-30 13:15:19 | Adjunto: image001.png
2025-09-30 13:15:19 | ? Verificación PDF: image001.png -> NO es PDF
2025-09-30 13:15:19 | RESUMEN: 0 PDFs encontrados, 0 descargados
2025-09-30 13:22:39 | ?? NUEVO CORREO DETECTADO - Iniciando procesamiento...
2025-09-30 13:22:39 | === PROCESANDO CORREO ENTRANTE ===
2025-09-30 13:22:39 | Asunto: 400060537 - 4	KOPIADORAS PBS	MINI COOPER S SALT AUT MOD. 2015
2025-09-30 13:22:39 | Remitente: Acevedo Couttolenc / Abraham Pelcastre
2025-09-30 13:22:39 | ?? Detectada cuenta EXCHANGE, extrayendo email real...
2025-09-30 13:22:39 | ? Email REAL obtenido de Exchange: autos2@ACEVEDOCOUTTOLENC.COM
2025-09-30 13:22:39 | Email remitente: autos2@acevedocouttolenc.com
2025-09-30 13:22:39 | Dominio detectado: acevedocouttolenc.com
2025-09-30 13:22:39 | ?? Comparando dominio: acevedocouttolenc.com vs acevedocouttolenc.com
2025-09-30 13:22:39 | ? DOMINIO COINCIDE
2025-09-30 13:22:39 | ? CORREO ACEPTADO - Dominio coincide
2025-09-30 13:22:39 | Buscando adjuntos. Total: 13
2025-09-30 13:22:39 | Adjunto: POLIZA 400060537 MINI COOPER S SALT AUT 2016.pdf
2025-09-30 13:22:39 | ? Verificación PDF: POLIZA 400060537 MINI COOPER S SALT AUT 2016.pdf -> EXTENSIÓN VÁLIDA
2025-09-30 13:22:39 | ? PDF ENCONTRADO: POLIZA 400060537 MINI COOPER S SALT AUT 2016.pdf
2025-09-30 13:22:39 | Guardando como: 20250930_132239_autos2_400060537_-_4_KOPIADORAS_PBS_M_POLIZA_400060537_MINI_COOPER_S_SALT_AUT_2016.pdf
2025-09-30 13:22:39 | Ruta completa: C:\laragon\www\analizer_files\data\20250930_132239_autos2_400060537_-_4_KOPIADORAS_PBS_M_POLIZA_400060537_MINI_COOPER_S_SALT_AUT_2016.pdf
2025-09-30 13:22:39 | ? PDF DESCARGADO EXITOSAMENTE: 20250930_132239_autos2_400060537_-_4_KOPIADORAS_PBS_M_POLIZA_400060537_MINI_COOPER_S_SALT_AUT_2016.pdf
2025-09-30 13:22:39 | Adjunto: RECIBO 400060537 MINI COOPER S SALT AUT 2016.pdf
2025-09-30 13:22:39 | ? Verificación PDF: RECIBO 400060537 MINI COOPER S SALT AUT 2016.pdf -> EXTENSIÓN VÁLIDA
2025-09-30 13:22:39 | ? PDF ENCONTRADO: RECIBO 400060537 MINI COOPER S SALT AUT 2016.pdf
2025-09-30 13:22:39 | Guardando como: 20250930_132239_autos2_400060537_-_4_KOPIADORAS_PBS_M_RECIBO_400060537_MINI_COOPER_S_SALT_AUT_2016.pdf
2025-09-30 13:22:39 | Ruta completa: C:\laragon\www\analizer_files\data\20250930_132239_autos2_400060537_-_4_KOPIADORAS_PBS_M_RECIBO_400060537_MINI_COOPER_S_SALT_AUT_2016.pdf
2025-09-30 13:22:39 | ? PDF DESCARGADO EXITOSAMENTE: 20250930_132239_autos2_400060537_-_4_KOPIADORAS_PBS_M_RECIBO_400060537_MINI_COOPER_S_SALT_AUT_2016.pdf
2025-09-30 13:22:39 | Adjunto: ANEXO Robo Parcial.pdf
2025-09-30 13:22:39 | ? Verificación PDF: ANEXO Robo Parcial.pdf -> EXTENSIÓN VÁLIDA
2025-09-30 13:22:39 | ? PDF ENCONTRADO: ANEXO Robo Parcial.pdf
2025-09-30 13:22:39 | Guardando como: 20250930_132239_autos2_400060537_-_4_KOPIADORAS_PBS_M_ANEXO_Robo_Parcial.pdf
2025-09-30 13:22:39 | Ruta completa: C:\laragon\www\analizer_files\data\20250930_132239_autos2_400060537_-_4_KOPIADORAS_PBS_M_ANEXO_Robo_Parcial.pdf
2025-09-30 13:22:39 | ? PDF DESCARGADO EXITOSAMENTE: 20250930_132239_autos2_400060537_-_4_KOPIADORAS_PBS_M_ANEXO_Robo_Parcial.pdf
2025-09-30 13:22:39 | Adjunto: CONDICIONES GENERALES SURA AUTOS.zip
2025-09-30 13:22:39 | ? Verificación PDF: CONDICIONES GENERALES SURA AUTOS.zip -> NO es PDF
2025-09-30 13:22:39 | Adjunto: REPORTE SINIESTRO SURA.jpeg
2025-09-30 13:22:39 | ? Verificación PDF: REPORTE SINIESTRO SURA.jpeg -> NO es PDF
2025-09-30 13:22:39 | Adjunto: image008.png
2025-09-30 13:22:39 | ? Verificación PDF: image008.png -> NO es PDF
2025-09-30 13:22:39 | Adjunto: image009.png
2025-09-30 13:22:39 | ? Verificación PDF: image009.png -> NO es PDF
2025-09-30 13:22:39 | Adjunto: image010.png
2025-09-30 13:22:39 | ? Verificación PDF: image010.png -> NO es PDF
2025-09-30 13:22:39 | Adjunto: image011.png
2025-09-30 13:22:39 | ? Verificación PDF: image011.png -> NO es PDF
2025-09-30 13:22:39 | Adjunto: image012.png
2025-09-30 13:22:39 | ? Verificación PDF: image012.png -> NO es PDF
2025-09-30 13:22:39 | Adjunto: image013.png
2025-09-30 13:22:39 | ? Verificación PDF: image013.png -> NO es PDF
2025-09-30 13:22:39 | Adjunto: image014.png
2025-09-30 13:22:39 | ? Verificación PDF: image014.png -> NO es PDF
2025-09-30 13:22:39 | Adjunto: image015.png
2025-09-30 13:22:39 | ? Verificación PDF: image015.png -> NO es PDF
2025-09-30 13:22:39 | RESUMEN: 3 PDFs encontrados, 3 descargados
2025-09-30 13:33:16 | ?? NUEVO CORREO DETECTADO - Iniciando procesamiento...
2025-09-30 13:33:16 | === PROCESANDO CORREO ENTRANTE ===
2025-09-30 13:33:16 | Asunto: Re: RENOVACION DE GASTOS MEDICOS 829488 JOSE FEDERICO GUTIERREZ LICHTLE
2025-09-30 13:33:16 | Remitente: Federico Gutierrez Lichtle
2025-09-30 13:33:16 | ? Email obtenido por SenderEmailAddress: federico@alfeconfecciones.com
2025-09-30 13:33:16 | Email remitente: federico@alfeconfecciones.com
2025-09-30 13:33:16 | Dominio detectado: alfeconfecciones.com
2025-09-30 13:33:16 | ?? Comparando dominio: alfeconfecciones.com vs acevedocouttolenc.com
2025-09-30 13:33:16 | ? DOMINIO NO COINCIDE
2025-09-30 13:33:16 | ? CORREO RECHAZADO - Dominio NO coincide. Esperado: acevedocouttolenc.com
2025-09-30 13:47:32 | ?? NUEVO CORREO DETECTADO - Iniciando procesamiento...
2025-09-30 13:47:32 | === PROCESANDO CORREO ENTRANTE ===
2025-09-30 13:47:32 | Asunto: 400060491 - 4	MARIA CONCEPCION LEONOR VELASCO GARCIA	QX50 SENSORY 2.0L L4 AUT MOD. 2019
2025-09-30 13:47:32 | Remitente: Acevedo Couttolenc / Abraham Pelcastre
2025-09-30 13:47:32 | ?? Detectada cuenta EXCHANGE, extrayendo email real...
2025-09-30 13:47:32 | ? Email REAL obtenido de Exchange: autos2@ACEVEDOCOUTTOLENC.COM
2025-09-30 13:47:32 | Email remitente: autos2@acevedocouttolenc.com
2025-09-30 13:47:32 | Dominio detectado: acevedocouttolenc.com
2025-09-30 13:47:32 | ?? Comparando dominio: acevedocouttolenc.com vs acevedocouttolenc.com
2025-09-30 13:47:32 | ? DOMINIO COINCIDE
2025-09-30 13:47:32 | ? CORREO ACEPTADO - Dominio coincide
2025-09-30 13:47:32 | Buscando adjuntos. Total: 8
2025-09-30 13:47:32 | Adjunto: POLIZA 400060491 QX50 SENSORY 2.0L L4 AUT  2019.pdf
2025-09-30 13:47:32 | ? Verificación PDF: POLIZA 400060491 QX50 SENSORY 2.0L L4 AUT  2019.pdf -> EXTENSIÓN VÁLIDA
2025-09-30 13:47:32 | ? PDF ENCONTRADO: POLIZA 400060491 QX50 SENSORY 2.0L L4 AUT  2019.pdf
2025-09-30 13:47:32 | Guardando como: 20250930_134732_autos2_400060491_-_4_MARIA_CONCEPCION_POLIZA_400060491_QX50_SENSORY_2.0L_L4_AUT__2019.pdf
2025-09-30 13:47:32 | Ruta completa: C:\laragon\www\analizer_files\data\20250930_134732_autos2_400060491_-_4_MARIA_CONCEPCION_POLIZA_400060491_QX50_SENSORY_2.0L_L4_AUT__2019.pdf
2025-09-30 13:47:32 | ? PDF DESCARGADO EXITOSAMENTE: 20250930_134732_autos2_400060491_-_4_MARIA_CONCEPCION_POLIZA_400060491_QX50_SENSORY_2.0L_L4_AUT__2019.pdf
2025-09-30 13:47:32 | Adjunto: RECIBO 400060491 QX50 SENSORY 2.0L L4 AUT  2019.pdf
2025-09-30 13:47:32 | ? Verificación PDF: RECIBO 400060491 QX50 SENSORY 2.0L L4 AUT  2019.pdf -> EXTENSIÓN VÁLIDA
2025-09-30 13:47:32 | ? PDF ENCONTRADO: RECIBO 400060491 QX50 SENSORY 2.0L L4 AUT  2019.pdf
2025-09-30 13:47:32 | Guardando como: 20250930_134732_autos2_400060491_-_4_MARIA_CONCEPCION_RECIBO_400060491_QX50_SENSORY_2.0L_L4_AUT__2019.pdf
2025-09-30 13:47:32 | Ruta completa: C:\laragon\www\analizer_files\data\20250930_134732_autos2_400060491_-_4_MARIA_CONCEPCION_RECIBO_400060491_QX50_SENSORY_2.0L_L4_AUT__2019.pdf
2025-09-30 13:47:32 | ? PDF DESCARGADO EXITOSAMENTE: 20250930_134732_autos2_400060491_-_4_MARIA_CONCEPCION_RECIBO_400060491_QX50_SENSORY_2.0L_L4_AUT__2019.pdf
2025-09-30 13:47:32 | Adjunto: ANEXO Robo Parcial.pdf
2025-09-30 13:47:32 | ? Verificación PDF: ANEXO Robo Parcial.pdf -> EXTENSIÓN VÁLIDA
2025-09-30 13:47:32 | ? PDF ENCONTRADO: ANEXO Robo Parcial.pdf
2025-09-30 13:47:32 | Guardando como: 20250930_134732_autos2_400060491_-_4_MARIA_CONCEPCION_ANEXO_Robo_Parcial.pdf
2025-09-30 13:47:32 | Ruta completa: C:\laragon\www\analizer_files\data\20250930_134732_autos2_400060491_-_4_MARIA_CONCEPCION_ANEXO_Robo_Parcial.pdf
2025-09-30 13:47:32 | ? PDF DESCARGADO EXITOSAMENTE: 20250930_134732_autos2_400060491_-_4_MARIA_CONCEPCION_ANEXO_Robo_Parcial.pdf
2025-09-30 13:47:32 | Adjunto: CONDICIONES GENERALES SURA AUTOS.zip
2025-09-30 13:47:32 | ? Verificación PDF: CONDICIONES GENERALES SURA AUTOS.zip -> NO es PDF
2025-09-30 13:47:32 | Adjunto: REPORTE SINIESTRO SURA.jpeg
2025-09-30 13:47:32 | ? Verificación PDF: REPORTE SINIESTRO SURA.jpeg -> NO es PDF
2025-09-30 13:47:32 | Adjunto: image003.png
2025-09-30 13:47:32 | ? Verificación PDF: image003.png -> NO es PDF
2025-09-30 13:47:32 | Adjunto: image004.png
2025-09-30 13:47:32 | ? Verificación PDF: image004.png -> NO es PDF
2025-09-30 13:47:32 | Adjunto: image005.png
2025-09-30 13:47:32 | ? Verificación PDF: image005.png -> NO es PDF
2025-09-30 13:47:32 | RESUMEN: 3 PDFs encontrados, 3 descargados
2025-09-30 13:47:44 | ?? NUEVO CORREO DETECTADO - Iniciando procesamiento...
2025-09-30 13:47:44 | === PROCESANDO CORREO ENTRANTE ===
2025-09-30 13:47:44 | Asunto: RENOVACIÓN PÓLIZA DE VIDA INDIVIDUAL 522341312 NUÑEZ ACEVEDO JOSE IGNACIO DE JESUS 
2025-09-30 13:47:44 | Remitente: Acevedo Couttolenc / Frida Fernanda Villaseñor Tecuatl
2025-09-30 13:47:44 | ?? Detectada cuenta EXCHANGE, extrayendo email real...
2025-09-30 13:47:44 | ? Email REAL obtenido de Exchange: vida2@ACEVEDOCOUTTOLENC.COM
2025-09-30 13:47:44 | Email remitente: vida2@acevedocouttolenc.com
2025-09-30 13:47:44 | Dominio detectado: acevedocouttolenc.com
2025-09-30 13:47:44 | ?? Comparando dominio: acevedocouttolenc.com vs acevedocouttolenc.com
2025-09-30 13:47:44 | ? DOMINIO COINCIDE
2025-09-30 13:47:44 | ? CORREO ACEPTADO - Dominio coincide
2025-09-30 13:47:44 | Buscando adjuntos. Total: 2
2025-09-30 13:47:44 | Adjunto: 29092025 522341312 NUÑEZ ACEVEDO JOSE IGNACIO DE JESUS.pdf
2025-09-30 13:47:44 | ? Verificación PDF: 29092025 522341312 NUÑEZ ACEVEDO JOSE IGNACIO DE JESUS.pdf -> EXTENSIÓN VÁLIDA
2025-09-30 13:47:44 | ? PDF ENCONTRADO: 29092025 522341312 NUÑEZ ACEVEDO JOSE IGNACIO DE JESUS.pdf
2025-09-30 13:47:44 | Guardando como: 20250930_134744_vida2_RENOVACI_N_P_LIZA_DE_VIDA_INDI_29092025_522341312_NU_EZ_ACEVEDO_JOSE_IGNACIO_DE_JESUS.pdf
2025-09-30 13:47:44 | Ruta completa: C:\laragon\www\analizer_files\data\20250930_134744_vida2_RENOVACI_N_P_LIZA_DE_VIDA_INDI_29092025_522341312_NU_EZ_ACEVEDO_JOSE_IGNACIO_DE_JESUS.pdf
2025-09-30 13:47:44 | ? PDF DESCARGADO EXITOSAMENTE: 20250930_134744_vida2_RENOVACI_N_P_LIZA_DE_VIDA_INDI_29092025_522341312_NU_EZ_ACEVEDO_JOSE_IGNACIO_DE_JESUS.pdf
2025-09-30 13:47:44 | Adjunto: image002.png
2025-09-30 13:47:44 | ? Verificación PDF: image002.png -> NO es PDF
2025-09-30 13:47:44 | RESUMEN: 1 PDFs encontrados, 1 descargados
2025-09-30 14:02:03 | ?? NUEVO CORREO DETECTADO - Iniciando procesamiento...
2025-09-30 14:02:03 | === PROCESANDO CORREO ENTRANTE ===
2025-09-30 14:02:03 | Asunto: RENOVACION DE GASTOS MEDICOS 691767149 GERARDO RUIZ PELLICO  POL. (ANT) 574547295
2025-09-30 14:02:03 | Remitente: Acevedo Couttolenc / Rocio Romano
2025-09-30 14:02:03 | ?? Detectada cuenta EXCHANGE, extrayendo email real...
2025-09-30 14:02:03 | ? Email REAL obtenido de Exchange: gmm3@ACEVEDOCOUTTOLENC.COM
2025-09-30 14:02:03 | Email remitente: gmm3@acevedocouttolenc.com
2025-09-30 14:02:03 | Dominio detectado: acevedocouttolenc.com
2025-09-30 14:02:03 | ?? Comparando dominio: acevedocouttolenc.com vs acevedocouttolenc.com
2025-09-30 14:02:03 | ? DOMINIO COINCIDE
2025-09-30 14:02:03 | ? CORREO ACEPTADO - Dominio coincide
2025-09-30 14:02:03 | Buscando adjuntos. Total: 10
2025-09-30 14:02:03 | Adjunto: 691767149 RUIZ PELLICO GERARDO.pdf
2025-09-30 14:02:03 | ? Verificación PDF: 691767149 RUIZ PELLICO GERARDO.pdf -> EXTENSIÓN VÁLIDA
2025-09-30 14:02:03 | ? PDF ENCONTRADO: 691767149 RUIZ PELLICO GERARDO.pdf
2025-09-30 14:02:03 | Guardando como: 20250930_140203_gmm3_RENOVACION_DE_GASTOS_MEDICOS_6_691767149_RUIZ_PELLICO_GERARDO.pdf
2025-09-30 14:02:03 | Ruta completa: C:\laragon\www\analizer_files\data\20250930_140203_gmm3_RENOVACION_DE_GASTOS_MEDICOS_6_691767149_RUIZ_PELLICO_GERARDO.pdf
2025-09-30 14:02:03 | ? PDF DESCARGADO EXITOSAMENTE: 20250930_140203_gmm3_RENOVACION_DE_GASTOS_MEDICOS_6_691767149_RUIZ_PELLICO_GERARDO.pdf
2025-09-30 14:02:03 | Adjunto: 691767149 RUIZ PELLICO GERARDO_RECIBO.pdf
2025-09-30 14:02:03 | ? Verificación PDF: 691767149 RUIZ PELLICO GERARDO_RECIBO.pdf -> EXTENSIÓN VÁLIDA
2025-09-30 14:02:03 | ? PDF ENCONTRADO: 691767149 RUIZ PELLICO GERARDO_RECIBO.pdf
2025-09-30 14:02:03 | Guardando como: 20250930_140203_gmm3_RENOVACION_DE_GASTOS_MEDICOS_6_691767149_RUIZ_PELLICO_GERARDO_RECIBO.pdf
2025-09-30 14:02:03 | Ruta completa: C:\laragon\www\analizer_files\data\20250930_140203_gmm3_RENOVACION_DE_GASTOS_MEDICOS_6_691767149_RUIZ_PELLICO_GERARDO_RECIBO.pdf
2025-09-30 14:02:03 | ? PDF DESCARGADO EXITOSAMENTE: 20250930_140203_gmm3_RENOVACION_DE_GASTOS_MEDICOS_6_691767149_RUIZ_PELLICO_GERARDO_RECIBO.pdf
2025-09-30 14:02:03 | Adjunto: 691767149 RUIZ PELLICO GERARDO_FACTURA.pdf
2025-09-30 14:02:03 | ? Verificación PDF: 691767149 RUIZ PELLICO GERARDO_FACTURA.pdf -> EXTENSIÓN VÁLIDA
2025-09-30 14:02:03 | ? PDF ENCONTRADO: 691767149 RUIZ PELLICO GERARDO_FACTURA.pdf
2025-09-30 14:02:03 | Guardando como: 20250930_140203_gmm3_RENOVACION_DE_GASTOS_MEDICOS_6_691767149_RUIZ_PELLICO_GERARDO_FACTURA.pdf
2025-09-30 14:02:03 | Ruta completa: C:\laragon\www\analizer_files\data\20250930_140203_gmm3_RENOVACION_DE_GASTOS_MEDICOS_6_691767149_RUIZ_PELLICO_GERARDO_FACTURA.pdf
2025-09-30 14:02:03 | ? PDF DESCARGADO EXITOSAMENTE: 20250930_140203_gmm3_RENOVACION_DE_GASTOS_MEDICOS_6_691767149_RUIZ_PELLICO_GERARDO_FACTURA.pdf
2025-09-30 14:02:03 | Adjunto: 691767149 RUIZ PELLICO GERARDO_FACTURA.xml
2025-09-30 14:02:03 | ? Verificación PDF: 691767149 RUIZ PELLICO GERARDO_FACTURA.xml -> NO es PDF
2025-09-30 14:02:03 | Adjunto: image005.png
2025-09-30 14:02:03 | ? Verificación PDF: image005.png -> NO es PDF
2025-09-30 14:02:03 | Adjunto: image008.png
2025-09-30 14:02:03 | ? Verificación PDF: image008.png -> NO es PDF
2025-09-30 14:02:03 | Adjunto: VERSATIL.zip
2025-09-30 14:02:03 | ? Verificación PDF: VERSATIL.zip -> NO es PDF
2025-09-30 14:02:03 | Adjunto: image002.png
2025-09-30 14:02:03 | ? Verificación PDF: image002.png -> NO es PDF
2025-09-30 14:02:03 | Adjunto: image010.png
2025-09-30 14:02:03 | ? Verificación PDF: image010.png -> NO es PDF
2025-09-30 14:02:03 | Adjunto: image011.jpg
2025-09-30 14:02:03 | ? Verificación PDF: image011.jpg -> NO es PDF
2025-09-30 14:02:03 | RESUMEN: 3 PDFs encontrados, 3 descargados
2025-09-30 16:31:49 | ?? NUEVO CORREO DETECTADO - Iniciando procesamiento...
2025-09-30 16:31:49 | === PROCESANDO CORREO ENTRANTE ===
2025-09-30 16:31:49 | Asunto: 100077791 -    100077832 MIGUEL ILDEFONSO DE MARIA AUXILIADORA
2025-09-30 16:31:49 | Remitente: Acevedo Couttolenc / Abraham Pelcastre
2025-09-30 16:31:49 | ?? Detectada cuenta EXCHANGE, extrayendo email real...
2025-09-30 16:31:49 | ? Email REAL obtenido de Exchange: autos2@ACEVEDOCOUTTOLENC.COM
2025-09-30 16:31:49 | Email remitente: autos2@acevedocouttolenc.com
2025-09-30 16:31:49 | Dominio detectado: acevedocouttolenc.com
2025-09-30 16:31:49 | ?? Comparando dominio: acevedocouttolenc.com vs acevedocouttolenc.com
2025-09-30 16:31:49 | ? DOMINIO COINCIDE
2025-09-30 16:31:49 | ? CORREO ACEPTADO - Dominio coincide
2025-09-30 16:31:49 | Buscando adjuntos. Total: 9
2025-09-30 16:31:49 | Adjunto: POLIZA 100077791 VENTO STARTLINE 1.6 04 TIPTRONIC  2021.pdf
2025-09-30 16:31:49 | ? Verificación PDF: POLIZA 100077791 VENTO STARTLINE 1.6 04 TIPTRONIC  2021.pdf -> EXTENSIÓN VÁLIDA
2025-09-30 16:31:49 | ? PDF ENCONTRADO: POLIZA 100077791 VENTO STARTLINE 1.6 04 TIPTRONIC  2021.pdf
2025-09-30 16:31:49 | Guardando como: 20250930_163149_autos2_100077791_-____100077832_MIGUE_POLIZA_100077791_VENTO_STARTLINE_1.6_04_TIPTRONIC__2021.pdf
2025-09-30 16:31:49 | Ruta completa: C:\laragon\www\analizer_files\data\20250930_163149_autos2_100077791_-____100077832_MIGUE_POLIZA_100077791_VENTO_STARTLINE_1.6_04_TIPTRONIC__2021.pdf
2025-09-30 16:31:49 | ? PDF DESCARGADO EXITOSAMENTE: 20250930_163149_autos2_100077791_-____100077832_MIGUE_POLIZA_100077791_VENTO_STARTLINE_1.6_04_TIPTRONIC__2021.pdf
2025-09-30 16:31:49 | Adjunto: RECIBO 100077791 VENTO STARTLINE 1.6 04 TIPTRONIC  2021.pdf
2025-09-30 16:31:49 | ? Verificación PDF: RECIBO 100077791 VENTO STARTLINE 1.6 04 TIPTRONIC  2021.pdf -> EXTENSIÓN VÁLIDA
2025-09-30 16:31:49 | ? PDF ENCONTRADO: RECIBO 100077791 VENTO STARTLINE 1.6 04 TIPTRONIC  2021.pdf
2025-09-30 16:31:49 | Guardando como: 20250930_163149_autos2_100077791_-____100077832_MIGUE_RECIBO_100077791_VENTO_STARTLINE_1.6_04_TIPTRONIC__2021.pdf
2025-09-30 16:31:49 | Ruta completa: C:\laragon\www\analizer_files\data\20250930_163149_autos2_100077791_-____100077832_MIGUE_RECIBO_100077791_VENTO_STARTLINE_1.6_04_TIPTRONIC__2021.pdf
2025-09-30 16:31:49 | ? PDF DESCARGADO EXITOSAMENTE: 20250930_163149_autos2_100077791_-____100077832_MIGUE_RECIBO_100077791_VENTO_STARTLINE_1.6_04_TIPTRONIC__2021.pdf
2025-09-30 16:31:49 | Adjunto: POLIZA 100077832 JETTA COMFORTLINE.pdf
2025-09-30 16:31:49 | ? Verificación PDF: POLIZA 100077832 JETTA COMFORTLINE.pdf -> EXTENSIÓN VÁLIDA
2025-09-30 16:31:49 | ? PDF ENCONTRADO: POLIZA 100077832 JETTA COMFORTLINE.pdf
2025-09-30 16:31:49 | Guardando como: 20250930_163149_autos2_100077791_-____100077832_MIGUE_POLIZA_100077832_JETTA_COMFORTLINE.pdf
2025-09-30 16:31:49 | Ruta completa: C:\laragon\www\analizer_files\data\20250930_163149_autos2_100077791_-____100077832_MIGUE_POLIZA_100077832_JETTA_COMFORTLINE.pdf
2025-09-30 16:31:50 | ? PDF DESCARGADO EXITOSAMENTE: 20250930_163149_autos2_100077791_-____100077832_MIGUE_POLIZA_100077832_JETTA_COMFORTLINE.pdf
2025-09-30 16:31:50 | Adjunto: RECIBO 100077832 JETTA COMFORTLINE.pdf
2025-09-30 16:31:50 | ? Verificación PDF: RECIBO 100077832 JETTA COMFORTLINE.pdf -> EXTENSIÓN VÁLIDA
2025-09-30 16:31:50 | ? PDF ENCONTRADO: RECIBO 100077832 JETTA COMFORTLINE.pdf
2025-09-30 16:31:50 | Guardando como: 20250930_163150_autos2_100077791_-____100077832_MIGUE_RECIBO_100077832_JETTA_COMFORTLINE.pdf
2025-09-30 16:31:50 | Ruta completa: C:\laragon\www\analizer_files\data\20250930_163150_autos2_100077791_-____100077832_MIGUE_RECIBO_100077832_JETTA_COMFORTLINE.pdf
2025-09-30 16:31:50 | ? PDF DESCARGADO EXITOSAMENTE: 20250930_163150_autos2_100077791_-____100077832_MIGUE_RECIBO_100077832_JETTA_COMFORTLINE.pdf
2025-09-30 16:31:50 | Adjunto: ANEXO Robo Parcial.pdf
2025-09-30 16:31:50 | ? Verificación PDF: ANEXO Robo Parcial.pdf -> EXTENSIÓN VÁLIDA
2025-09-30 16:31:50 | ? PDF ENCONTRADO: ANEXO Robo Parcial.pdf
2025-09-30 16:31:50 | Guardando como: 20250930_163150_autos2_100077791_-____100077832_MIGUE_ANEXO_Robo_Parcial.pdf
2025-09-30 16:31:50 | Ruta completa: C:\laragon\www\analizer_files\data\20250930_163150_autos2_100077791_-____100077832_MIGUE_ANEXO_Robo_Parcial.pdf
2025-09-30 16:31:50 | ? PDF DESCARGADO EXITOSAMENTE: 20250930_163150_autos2_100077791_-____100077832_MIGUE_ANEXO_Robo_Parcial.pdf
2025-09-30 16:31:50 | Adjunto: CONDICIONES GENERALES SURA AUTOS.zip
2025-09-30 16:31:50 | ? Verificación PDF: CONDICIONES GENERALES SURA AUTOS.zip -> NO es PDF
2025-09-30 16:31:50 | Adjunto: REPORTE SINIESTRO SURA.jpeg
2025-09-30 16:31:50 | ? Verificación PDF: REPORTE SINIESTRO SURA.jpeg -> NO es PDF
2025-09-30 16:31:50 | Adjunto: image001.png
2025-09-30 16:31:50 | ? Verificación PDF: image001.png -> NO es PDF
2025-09-30 16:31:50 | Adjunto: image002.png
2025-09-30 16:31:50 | ? Verificación PDF: image002.png -> NO es PDF
2025-09-30 16:31:50 | RESUMEN: 5 PDFs encontrados, 5 descargados
2025-09-30 16:53:22 | ?? NUEVO CORREO DETECTADO - Iniciando procesamiento...
2025-09-30 16:53:22 | === PROCESANDO CORREO ENTRANTE ===
2025-09-30 16:53:22 | Asunto: 700047706 - 7	MERCEDES GARCIA TERUEL RIVERO	NISSAN ROGUE SL 2WD PIEL CVT MOD. 2009
2025-09-30 16:53:22 | Remitente: Acevedo Couttolenc / Abraham Pelcastre
2025-09-30 16:53:22 | ?? Detectada cuenta EXCHANGE, extrayendo email real...
2025-09-30 16:53:22 | ? Email REAL obtenido de Exchange: autos2@ACEVEDOCOUTTOLENC.COM
2025-09-30 16:53:22 | Email remitente: autos2@acevedocouttolenc.com
2025-09-30 16:53:22 | Dominio detectado: acevedocouttolenc.com
2025-09-30 16:53:22 | ?? Comparando dominio: acevedocouttolenc.com vs acevedocouttolenc.com
2025-09-30 16:53:22 | ? DOMINIO COINCIDE
2025-09-30 16:53:22 | ? CORREO ACEPTADO - Dominio coincide
2025-09-30 16:53:22 | Buscando adjuntos. Total: 7
2025-09-30 16:53:22 | Adjunto: RECIBO 700047706 NISSAN ROGUE SL 2WD PIEL.pdf
2025-09-30 16:53:22 | ? Verificación PDF: RECIBO 700047706 NISSAN ROGUE SL 2WD PIEL.pdf -> EXTENSIÓN VÁLIDA
2025-09-30 16:53:22 | ? PDF ENCONTRADO: RECIBO 700047706 NISSAN ROGUE SL 2WD PIEL.pdf
2025-09-30 16:53:22 | Guardando como: 20250930_165322_autos2_700047706_-_7_MERCEDES_GARCIA__RECIBO_700047706_NISSAN_ROGUE_SL_2WD_PIEL.pdf
2025-09-30 16:53:22 | Ruta completa: C:\laragon\www\analizer_files\data\20250930_165322_autos2_700047706_-_7_MERCEDES_GARCIA__RECIBO_700047706_NISSAN_ROGUE_SL_2WD_PIEL.pdf
2025-09-30 16:53:22 | ? PDF DESCARGADO EXITOSAMENTE: 20250930_165322_autos2_700047706_-_7_MERCEDES_GARCIA__RECIBO_700047706_NISSAN_ROGUE_SL_2WD_PIEL.pdf
2025-09-30 16:53:22 | Adjunto: POLIZA 700047706 NISSAN ROGUE SL 2WD PIEL 2009.pdf
2025-09-30 16:53:22 | ? Verificación PDF: POLIZA 700047706 NISSAN ROGUE SL 2WD PIEL 2009.pdf -> EXTENSIÓN VÁLIDA
2025-09-30 16:53:22 | ? PDF ENCONTRADO: POLIZA 700047706 NISSAN ROGUE SL 2WD PIEL 2009.pdf
2025-09-30 16:53:22 | Guardando como: 20250930_165322_autos2_700047706_-_7_MERCEDES_GARCIA__POLIZA_700047706_NISSAN_ROGUE_SL_2WD_PIEL_2009.pdf
2025-09-30 16:53:22 | Ruta completa: C:\laragon\www\analizer_files\data\20250930_165322_autos2_700047706_-_7_MERCEDES_GARCIA__POLIZA_700047706_NISSAN_ROGUE_SL_2WD_PIEL_2009.pdf
2025-09-30 16:53:22 | ? PDF DESCARGADO EXITOSAMENTE: 20250930_165322_autos2_700047706_-_7_MERCEDES_GARCIA__POLIZA_700047706_NISSAN_ROGUE_SL_2WD_PIEL_2009.pdf
2025-09-30 16:53:22 | Adjunto: CONDICIONES GENERALES SURA AUTOS.zip
2025-09-30 16:53:22 | ? Verificación PDF: CONDICIONES GENERALES SURA AUTOS.zip -> NO es PDF
2025-09-30 16:53:22 | Adjunto: REPORTE SINIESTRO SURA.jpeg
2025-09-30 16:53:22 | ? Verificación PDF: REPORTE SINIESTRO SURA.jpeg -> NO es PDF
2025-09-30 16:53:22 | Adjunto: image005.png
2025-09-30 16:53:22 | ? Verificación PDF: image005.png -> NO es PDF
2025-09-30 16:53:22 | Adjunto: image006.png
2025-09-30 16:53:22 | ? Verificación PDF: image006.png -> NO es PDF
2025-09-30 16:53:22 | Adjunto: image002.png
2025-09-30 16:53:22 | ? Verificación PDF: image002.png -> NO es PDF
2025-09-30 16:53:22 | RESUMEN: 2 PDFs encontrados, 2 descargados
2025-09-30 16:53:49 | ?? NUEVO CORREO DETECTADO - Iniciando procesamiento...
2025-09-30 16:53:49 | === PROCESANDO CORREO ENTRANTE ===
2025-09-30 16:53:49 | Asunto: AVISO DE RENOVACION AUTOMATICA POLIZA DE SEGURO DE VIDA Y ENDOSO DE REDUCCION DE SUMA ASEGURADA
2025-09-30 16:53:49 | Remitente: Acevedo Couttolenc / Zaid Cuauhtemoc Trueba Bayardo
2025-09-30 16:53:49 | ?? Detectada cuenta EXCHANGE, extrayendo email real...
2025-09-30 16:53:49 | ? Email REAL obtenido de Exchange: vida1@ACEVEDOCOUTTOLENC.COM
2025-09-30 16:53:49 | Email remitente: vida1@acevedocouttolenc.com
2025-09-30 16:53:49 | Dominio detectado: acevedocouttolenc.com
2025-09-30 16:53:49 | ?? Comparando dominio: acevedocouttolenc.com vs acevedocouttolenc.com
2025-09-30 16:53:49 | ? DOMINIO COINCIDE
2025-09-30 16:53:49 | ? CORREO ACEPTADO - Dominio coincide
2025-09-30 16:53:49 | Buscando adjuntos. Total: 4
2025-09-30 16:53:49 | Adjunto: image006.png
2025-09-30 16:53:49 | ? Verificación PDF: image006.png -> NO es PDF
2025-09-30 16:53:49 | Adjunto: 0008141721_Tabla_de_Valores_IV6011.pdf
2025-09-30 16:53:49 | ? Verificación PDF: 0008141721_Tabla_de_Valores_IV6011.pdf -> EXTENSIÓN VÁLIDA
2025-09-30 16:53:49 | ? PDF ENCONTRADO: 0008141721_Tabla_de_Valores_IV6011.pdf
2025-09-30 16:53:49 | Guardando como: 20250930_165349_vida1_AVISO_DE_RENOVACION_AUTOMATICA_0008141721_Tabla_de_Valores_IV6011.pdf
2025-09-30 16:53:49 | Ruta completa: C:\laragon\www\analizer_files\data\20250930_165349_vida1_AVISO_DE_RENOVACION_AUTOMATICA_0008141721_Tabla_de_Valores_IV6011.pdf
2025-09-30 16:53:49 | ? PDF DESCARGADO EXITOSAMENTE: 20250930_165349_vida1_AVISO_DE_RENOVACION_AUTOMATICA_0008141721_Tabla_de_Valores_IV6011.pdf
2025-09-30 16:53:49 | Adjunto: FACT_PEGJ660124GA6_13913747_8141721_JOSE_ARTURO_PEREZ_GONZALEZ_C.pdf
2025-09-30 16:53:49 | ? Verificación PDF: FACT_PEGJ660124GA6_13913747_8141721_JOSE_ARTURO_PEREZ_GONZALEZ_C.pdf -> EXTENSIÓN VÁLIDA
2025-09-30 16:53:49 | ? PDF ENCONTRADO: FACT_PEGJ660124GA6_13913747_8141721_JOSE_ARTURO_PEREZ_GONZALEZ_C.pdf
2025-09-30 16:53:49 | Guardando como: 20250930_165349_vida1_AVISO_DE_RENOVACION_AUTOMATICA_FACT_PEGJ660124GA6_13913747_8141721_JOSE_ARTURO_PEREZ_GONZALEZ_C.pdf
2025-09-30 16:53:49 | Ruta completa: C:\laragon\www\analizer_files\data\20250930_165349_vida1_AVISO_DE_RENOVACION_AUTOMATICA_FACT_PEGJ660124GA6_13913747_8141721_JOSE_ARTURO_PEREZ_GONZALEZ_C.pdf
2025-09-30 16:53:49 | ? PDF DESCARGADO EXITOSAMENTE: 20250930_165349_vida1_AVISO_DE_RENOVACION_AUTOMATICA_FACT_PEGJ660124GA6_13913747_8141721_JOSE_ARTURO_PEREZ_GONZALEZ_C.pdf
2025-09-30 16:53:49 | Adjunto: image003.jpg
2025-09-30 16:53:49 | ? Verificación PDF: image003.jpg -> NO es PDF
2025-09-30 16:53:49 | RESUMEN: 2 PDFs encontrados, 2 descargados
2025-09-30 16:57:42 | ?? NUEVO CORREO DETECTADO - Iniciando procesamiento...
2025-09-30 16:57:42 | === PROCESANDO CORREO ENTRANTE ===
2025-09-30 16:57:42 | Asunto: RENOVACION DE GASTOS MEDICOS 581051810 PAULO CESAR GUEVARA ROSALES _ ANTONIO GERARDO LOPEZ E. HIDALGO 
2025-09-30 16:57:42 | Remitente: Acevedo Couttolenc / Rocio Romano
2025-09-30 16:57:42 | ?? Detectada cuenta EXCHANGE, extrayendo email real...
2025-09-30 16:57:42 | ? Email REAL obtenido de Exchange: gmm3@ACEVEDOCOUTTOLENC.COM
2025-09-30 16:57:42 | Email remitente: gmm3@acevedocouttolenc.com
2025-09-30 16:57:42 | Dominio detectado: acevedocouttolenc.com
2025-09-30 16:57:42 | ?? Comparando dominio: acevedocouttolenc.com vs acevedocouttolenc.com
2025-09-30 16:57:42 | ? DOMINIO COINCIDE
2025-09-30 16:57:42 | ? CORREO ACEPTADO - Dominio coincide
2025-09-30 16:57:42 | Buscando adjuntos. Total: 10
2025-09-30 16:57:42 | Adjunto: 581051810 GUEVARA ROSALES PAULO CESAR.pdf
2025-09-30 16:57:42 | ? Verificación PDF: 581051810 GUEVARA ROSALES PAULO CESAR.pdf -> EXTENSIÓN VÁLIDA
2025-09-30 16:57:42 | ? PDF ENCONTRADO: 581051810 GUEVARA ROSALES PAULO CESAR.pdf
2025-09-30 16:57:42 | Guardando como: 20250930_165742_gmm3_RENOVACION_DE_GASTOS_MEDICOS_5_581051810_GUEVARA_ROSALES_PAULO_CESAR.pdf
2025-09-30 16:57:42 | Ruta completa: C:\laragon\www\analizer_files\data\20250930_165742_gmm3_RENOVACION_DE_GASTOS_MEDICOS_5_581051810_GUEVARA_ROSALES_PAULO_CESAR.pdf
2025-09-30 16:57:42 | ? PDF DESCARGADO EXITOSAMENTE: 20250930_165742_gmm3_RENOVACION_DE_GASTOS_MEDICOS_5_581051810_GUEVARA_ROSALES_PAULO_CESAR.pdf
2025-09-30 16:57:42 | Adjunto: 581051810 GUEVARA ROSALES PAULO CESAR_RECIBO.pdf
2025-09-30 16:57:42 | ? Verificación PDF: 581051810 GUEVARA ROSALES PAULO CESAR_RECIBO.pdf -> EXTENSIÓN VÁLIDA
2025-09-30 16:57:42 | ? PDF ENCONTRADO: 581051810 GUEVARA ROSALES PAULO CESAR_RECIBO.pdf
2025-09-30 16:57:42 | Guardando como: 20250930_165742_gmm3_RENOVACION_DE_GASTOS_MEDICOS_5_581051810_GUEVARA_ROSALES_PAULO_CESAR_RECIBO.pdf
2025-09-30 16:57:42 | Ruta completa: C:\laragon\www\analizer_files\data\20250930_165742_gmm3_RENOVACION_DE_GASTOS_MEDICOS_5_581051810_GUEVARA_ROSALES_PAULO_CESAR_RECIBO.pdf
2025-09-30 16:57:42 | ? PDF DESCARGADO EXITOSAMENTE: 20250930_165742_gmm3_RENOVACION_DE_GASTOS_MEDICOS_5_581051810_GUEVARA_ROSALES_PAULO_CESAR_RECIBO.pdf
2025-09-30 16:57:42 | Adjunto: 581051810 GUEVARA ROSALES PAULO CESAR_FACTURA.pdf
2025-09-30 16:57:42 | ? Verificación PDF: 581051810 GUEVARA ROSALES PAULO CESAR_FACTURA.pdf -> EXTENSIÓN VÁLIDA
2025-09-30 16:57:42 | ? PDF ENCONTRADO: 581051810 GUEVARA ROSALES PAULO CESAR_FACTURA.pdf
2025-09-30 16:57:42 | Guardando como: 20250930_165742_gmm3_RENOVACION_DE_GASTOS_MEDICOS_5_581051810_GUEVARA_ROSALES_PAULO_CESAR_FACTURA.pdf
2025-09-30 16:57:42 | Ruta completa: C:\laragon\www\analizer_files\data\20250930_165742_gmm3_RENOVACION_DE_GASTOS_MEDICOS_5_581051810_GUEVARA_ROSALES_PAULO_CESAR_FACTURA.pdf
2025-09-30 16:57:42 | ? PDF DESCARGADO EXITOSAMENTE: 20250930_165742_gmm3_RENOVACION_DE_GASTOS_MEDICOS_5_581051810_GUEVARA_ROSALES_PAULO_CESAR_FACTURA.pdf
2025-09-30 16:57:42 | Adjunto: 581051810 GUEVARA ROSALES PAULO CESAR_FACTURA.xml
2025-09-30 16:57:42 | ? Verificación PDF: 581051810 GUEVARA ROSALES PAULO CESAR_FACTURA.xml -> NO es PDF
2025-09-30 16:57:42 | Adjunto: PREMIER.zip
2025-09-30 16:57:42 | ? Verificación PDF: PREMIER.zip -> NO es PDF
2025-09-30 16:57:42 | Adjunto: image003.png
2025-09-30 16:57:42 | ? Verificación PDF: image003.png -> NO es PDF
2025-09-30 16:57:42 | Adjunto: image006.png
2025-09-30 16:57:42 | ? Verificación PDF: image006.png -> NO es PDF
2025-09-30 16:57:42 | Adjunto: image009.png
2025-09-30 16:57:42 | ? Verificación PDF: image009.png -> NO es PDF
2025-09-30 16:57:42 | Adjunto: image010.png
2025-09-30 16:57:42 | ? Verificación PDF: image010.png -> NO es PDF
2025-09-30 16:57:42 | Adjunto: image011.jpg
2025-09-30 16:57:42 | ? Verificación PDF: image011.jpg -> NO es PDF
2025-09-30 16:57:42 | RESUMEN: 3 PDFs encontrados, 3 descargados
2025-09-30 17:08:27 | ?? NUEVO CORREO DETECTADO - Iniciando procesamiento...
2025-09-30 17:08:27 | === PROCESANDO CORREO ENTRANTE ===
2025-09-30 17:08:27 | Asunto: Ticket de servicio No. TICKET-010147/2025
2025-09-30 17:08:27 | Remitente: Información de tickets
2025-09-30 17:08:27 | ? Email obtenido por SenderEmailAddress: informaciondetickets@sicas.com.mx
2025-09-30 17:08:27 | Email remitente: informaciondetickets@sicas.com.mx
2025-09-30 17:08:27 | Dominio detectado: sicas.com.mx
2025-09-30 17:08:27 | ?? Comparando dominio: sicas.com.mx vs acevedocouttolenc.com
2025-09-30 17:08:27 | ? DOMINIO NO COINCIDE
2025-09-30 17:08:27 | ? CORREO RECHAZADO - Dominio NO coincide. Esperado: acevedocouttolenc.com
2025-09-30 17:13:42 | ?? NUEVO CORREO DETECTADO - Iniciando procesamiento...
2025-09-30 17:13:42 | === PROCESANDO CORREO ENTRANTE ===
2025-09-30 17:13:42 | Asunto: RENOVACION / POLIZA 627793391 / RACHID TAJA AHUAD
2025-09-30 17:13:42 | Remitente: Acevedo Couttolenc / Vianney Espinosa
2025-09-30 17:13:42 | ?? Detectada cuenta EXCHANGE, extrayendo email real...
2025-09-30 17:13:42 | ? Email REAL obtenido de Exchange: gmm1@ACEVEDOCOUTTOLENC.COM
2025-09-30 17:13:42 | Email remitente: gmm1@acevedocouttolenc.com
2025-09-30 17:13:42 | Dominio detectado: acevedocouttolenc.com
2025-09-30 17:13:42 | ?? Comparando dominio: acevedocouttolenc.com vs acevedocouttolenc.com
2025-09-30 17:13:42 | ? DOMINIO COINCIDE
2025-09-30 17:13:42 | ? CORREO ACEPTADO - Dominio coincide
2025-09-30 17:13:42 | Buscando adjuntos. Total: 11
2025-09-30 17:13:42 | Adjunto: 627793391 RACHID TAJA AHUAD.pdf
2025-09-30 17:13:42 | ? Verificación PDF: 627793391 RACHID TAJA AHUAD.pdf -> EXTENSIÓN VÁLIDA
2025-09-30 17:13:42 | ? PDF ENCONTRADO: 627793391 RACHID TAJA AHUAD.pdf
2025-09-30 17:13:42 | Guardando como: 20250930_171342_gmm1_RENOVACION___POLIZA_627793391__627793391_RACHID_TAJA_AHUAD.pdf
2025-09-30 17:13:42 | Ruta completa: C:\laragon\www\analizer_files\data\20250930_171342_gmm1_RENOVACION___POLIZA_627793391__627793391_RACHID_TAJA_AHUAD.pdf
2025-09-30 17:13:42 | ? PDF DESCARGADO EXITOSAMENTE: 20250930_171342_gmm1_RENOVACION___POLIZA_627793391__627793391_RACHID_TAJA_AHUAD.pdf
2025-09-30 17:13:42 | Adjunto: 627793391 RACHID TAJA AHUAD - RECIBO.pdf
2025-09-30 17:13:42 | ? Verificación PDF: 627793391 RACHID TAJA AHUAD - RECIBO.pdf -> EXTENSIÓN VÁLIDA
2025-09-30 17:13:42 | ? PDF ENCONTRADO: 627793391 RACHID TAJA AHUAD - RECIBO.pdf
2025-09-30 17:13:42 | Guardando como: 20250930_171342_gmm1_RENOVACION___POLIZA_627793391__627793391_RACHID_TAJA_AHUAD_-_RECIBO.pdf
2025-09-30 17:13:42 | Ruta completa: C:\laragon\www\analizer_files\data\20250930_171342_gmm1_RENOVACION___POLIZA_627793391__627793391_RACHID_TAJA_AHUAD_-_RECIBO.pdf
2025-09-30 17:13:42 | ? PDF DESCARGADO EXITOSAMENTE: 20250930_171342_gmm1_RENOVACION___POLIZA_627793391__627793391_RACHID_TAJA_AHUAD_-_RECIBO.pdf
2025-09-30 17:13:42 | Adjunto: 627793391 RACHID TAJA AHUAD - NC.pdf
2025-09-30 17:13:42 | ? Verificación PDF: 627793391 RACHID TAJA AHUAD - NC.pdf -> EXTENSIÓN VÁLIDA
2025-09-30 17:13:42 | ? PDF ENCONTRADO: 627793391 RACHID TAJA AHUAD - NC.pdf
2025-09-30 17:13:42 | Guardando como: 20250930_171342_gmm1_RENOVACION___POLIZA_627793391__627793391_RACHID_TAJA_AHUAD_-_NC.pdf
2025-09-30 17:13:42 | Ruta completa: C:\laragon\www\analizer_files\data\20250930_171342_gmm1_RENOVACION___POLIZA_627793391__627793391_RACHID_TAJA_AHUAD_-_NC.pdf
2025-09-30 17:13:42 | ? PDF DESCARGADO EXITOSAMENTE: 20250930_171342_gmm1_RENOVACION___POLIZA_627793391__627793391_RACHID_TAJA_AHUAD_-_NC.pdf
2025-09-30 17:13:42 | Adjunto: 627793391 RACHID TAJA AHUAD - NC.xml
2025-09-30 17:13:42 | ? Verificación PDF: 627793391 RACHID TAJA AHUAD - NC.xml -> NO es PDF
2025-09-30 17:13:42 | Adjunto: PREMIER.zip
2025-09-30 17:13:42 | ? Verificación PDF: PREMIER.zip -> NO es PDF
2025-09-30 17:13:42 | Adjunto: image001.png
2025-09-30 17:13:42 | ? Verificación PDF: image001.png -> NO es PDF
2025-09-30 17:13:42 | Adjunto: image002.png
2025-09-30 17:13:42 | ? Verificación PDF: image002.png -> NO es PDF
2025-09-30 17:13:42 | Adjunto: image003.png
2025-09-30 17:13:42 | ? Verificación PDF: image003.png -> NO es PDF
2025-09-30 17:13:42 | Adjunto: image004.png
2025-09-30 17:13:42 | ? Verificación PDF: image004.png -> NO es PDF
2025-09-30 17:13:42 | Adjunto: image005.png
2025-09-30 17:13:42 | ? Verificación PDF: image005.png -> NO es PDF
2025-09-30 17:13:42 | Adjunto: image006.png
2025-09-30 17:13:42 | ? Verificación PDF: image006.png -> NO es PDF
2025-09-30 17:13:42 | RESUMEN: 3 PDFs encontrados, 3 descargados
2025-09-30 17:30:52 | ?? NUEVO CORREO DETECTADO - Iniciando procesamiento...
2025-09-30 17:30:52 | === PROCESANDO CORREO ENTRANTE ===
2025-09-30 17:30:52 | Asunto: 112031409  HOGO GROUP SA DE CV AVEO LS A SEDAN STD MOD. 2018
2025-09-30 17:30:52 | Remitente: Acevedo Couttolenc / Abraham Pelcastre
2025-09-30 17:30:52 | ?? Detectada cuenta EXCHANGE, extrayendo email real...
2025-09-30 17:30:52 | ? Email REAL obtenido de Exchange: autos2@ACEVEDOCOUTTOLENC.COM
2025-09-30 17:30:52 | Email remitente: autos2@acevedocouttolenc.com
2025-09-30 17:30:52 | Dominio detectado: acevedocouttolenc.com
2025-09-30 17:30:52 | ?? Comparando dominio: acevedocouttolenc.com vs acevedocouttolenc.com
2025-09-30 17:30:52 | ? DOMINIO COINCIDE
2025-09-30 17:30:52 | ? CORREO ACEPTADO - Dominio coincide
2025-09-30 17:30:52 | Buscando adjuntos. Total: 6
2025-09-30 17:30:52 | Adjunto: POLIZA AVEO LS A SEDAN STD.pdf
2025-09-30 17:30:52 | ? Verificación PDF: POLIZA AVEO LS A SEDAN STD.pdf -> EXTENSIÓN VÁLIDA
2025-09-30 17:30:52 | ? PDF ENCONTRADO: POLIZA AVEO LS A SEDAN STD.pdf
2025-09-30 17:30:52 | Guardando como: 20250930_173052_autos2_112031409__HOGO_GROUP_SA_DE_CV_POLIZA_AVEO_LS_A_SEDAN_STD.pdf
2025-09-30 17:30:52 | Ruta completa: C:\laragon\www\analizer_files\data\20250930_173052_autos2_112031409__HOGO_GROUP_SA_DE_CV_POLIZA_AVEO_LS_A_SEDAN_STD.pdf
2025-09-30 17:30:52 | ? PDF DESCARGADO EXITOSAMENTE: 20250930_173052_autos2_112031409__HOGO_GROUP_SA_DE_CV_POLIZA_AVEO_LS_A_SEDAN_STD.pdf
2025-09-30 17:30:52 | Adjunto: RECIBOS AVEO LS A SEDAN STD.pdf
2025-09-30 17:30:52 | ? Verificación PDF: RECIBOS AVEO LS A SEDAN STD.pdf -> EXTENSIÓN VÁLIDA
2025-09-30 17:30:52 | ? PDF ENCONTRADO: RECIBOS AVEO LS A SEDAN STD.pdf
2025-09-30 17:30:52 | Guardando como: 20250930_173052_autos2_112031409__HOGO_GROUP_SA_DE_CV_RECIBOS_AVEO_LS_A_SEDAN_STD.pdf
2025-09-30 17:30:52 | Ruta completa: C:\laragon\www\analizer_files\data\20250930_173052_autos2_112031409__HOGO_GROUP_SA_DE_CV_RECIBOS_AVEO_LS_A_SEDAN_STD.pdf
2025-09-30 17:30:52 | ? PDF DESCARGADO EXITOSAMENTE: 20250930_173052_autos2_112031409__HOGO_GROUP_SA_DE_CV_RECIBOS_AVEO_LS_A_SEDAN_STD.pdf
2025-09-30 17:30:52 | Adjunto: REPORTAR SINIESTRO ZURICH.jpg
2025-09-30 17:30:52 | ? Verificación PDF: REPORTAR SINIESTRO ZURICH.jpg -> NO es PDF
2025-09-30 17:30:52 | Adjunto: Condiciones Generales ZURICH.pdf
2025-09-30 17:30:52 | ? Verificación PDF: Condiciones Generales ZURICH.pdf -> EXTENSIÓN VÁLIDA
2025-09-30 17:30:52 | ? PDF ENCONTRADO: Condiciones Generales ZURICH.pdf
2025-09-30 17:30:52 | Guardando como: 20250930_173052_autos2_112031409__HOGO_GROUP_SA_DE_CV_Condiciones_Generales_ZURICH.pdf
2025-09-30 17:30:52 | Ruta completa: C:\laragon\www\analizer_files\data\20250930_173052_autos2_112031409__HOGO_GROUP_SA_DE_CV_Condiciones_Generales_ZURICH.pdf
2025-09-30 17:30:54 | ? PDF DESCARGADO EXITOSAMENTE: 20250930_173052_autos2_112031409__HOGO_GROUP_SA_DE_CV_Condiciones_Generales_ZURICH.pdf
2025-09-30 17:30:54 | Adjunto: image001.png
2025-09-30 17:30:54 | ? Verificación PDF: image001.png -> NO es PDF
2025-09-30 17:30:54 | Adjunto: image002.png
2025-09-30 17:30:54 | ? Verificación PDF: image002.png -> NO es PDF
2025-09-30 17:30:54 | RESUMEN: 3 PDFs encontrados, 3 descargados
2025-09-30 17:31:32 | ?? NUEVO CORREO DETECTADO - Iniciando procesamiento...
2025-09-30 17:31:32 | === PROCESANDO CORREO ENTRANTE ===
2025-09-30 17:31:32 | Asunto: RENOVACIÓN PÓLIZA DE VIDA INDIVIDUAL 633301890 ZENTENO GUICHARD GUSTAVO
2025-09-30 17:31:32 | Remitente: Acevedo Couttolenc / Frida Fernanda Villaseñor Tecuatl
2025-09-30 17:31:32 | ?? Detectada cuenta EXCHANGE, extrayendo email real...
2025-09-30 17:31:32 | ? Email REAL obtenido de Exchange: vida2@ACEVEDOCOUTTOLENC.COM
2025-09-30 17:31:32 | Email remitente: vida2@acevedocouttolenc.com
2025-09-30 17:31:32 | Dominio detectado: acevedocouttolenc.com
2025-09-30 17:31:32 | ?? Comparando dominio: acevedocouttolenc.com vs acevedocouttolenc.com
2025-09-30 17:31:32 | ? DOMINIO COINCIDE
2025-09-30 17:31:32 | ? CORREO ACEPTADO - Dominio coincide
2025-09-30 17:31:32 | Buscando adjuntos. Total: 2
2025-09-30 17:31:32 | Adjunto: 11102025 633301890 ZENTENO GUICHARD GUSTAVO.pdf
2025-09-30 17:31:32 | ? Verificación PDF: 11102025 633301890 ZENTENO GUICHARD GUSTAVO.pdf -> EXTENSIÓN VÁLIDA
2025-09-30 17:31:32 | ? PDF ENCONTRADO: 11102025 633301890 ZENTENO GUICHARD GUSTAVO.pdf
2025-09-30 17:31:32 | Guardando como: 20250930_173132_vida2_RENOVACI_N_P_LIZA_DE_VIDA_INDI_11102025_633301890_ZENTENO_GUICHARD_GUSTAVO.pdf
2025-09-30 17:31:32 | Ruta completa: C:\laragon\www\analizer_files\data\20250930_173132_vida2_RENOVACI_N_P_LIZA_DE_VIDA_INDI_11102025_633301890_ZENTENO_GUICHARD_GUSTAVO.pdf
2025-09-30 17:31:32 | ? PDF DESCARGADO EXITOSAMENTE: 20250930_173132_vida2_RENOVACI_N_P_LIZA_DE_VIDA_INDI_11102025_633301890_ZENTENO_GUICHARD_GUSTAVO.pdf
2025-09-30 17:31:32 | Adjunto: image003.png
2025-09-30 17:31:32 | ? Verificación PDF: image003.png -> NO es PDF
2025-09-30 17:31:32 | RESUMEN: 1 PDFs encontrados, 1 descargados
2025-09-30 18:11:37 | ?? NUEVO CORREO DETECTADO - Iniciando procesamiento...
2025-09-30 18:11:37 | === PROCESANDO CORREO ENTRANTE ===
2025-09-30 18:11:37 | Asunto: RENOVACION POLIZA 839492 FERNANDO ESPINA MONTOTO
2025-09-30 18:11:37 | Remitente: Acevedo Couttolenc / Lucina Hernandez
2025-09-30 18:11:37 | ?? Detectada cuenta EXCHANGE, extrayendo email real...
2025-09-30 18:11:37 | ? Email REAL obtenido de Exchange: gmm5@ACEVEDOCOUTTOLENC.COM
2025-09-30 18:11:37 | Email remitente: gmm5@acevedocouttolenc.com
2025-09-30 18:11:37 | Dominio detectado: acevedocouttolenc.com
2025-09-30 18:11:37 | ?? Comparando dominio: acevedocouttolenc.com vs acevedocouttolenc.com
2025-09-30 18:11:37 | ? DOMINIO COINCIDE
2025-09-30 18:11:37 | ? CORREO ACEPTADO - Dominio coincide
2025-09-30 18:11:37 | Buscando adjuntos. Total: 5
2025-09-30 18:11:37 | Adjunto: BUPA NACIONAL PLUS 2025.zip
2025-09-30 18:11:37 | ? Verificación PDF: BUPA NACIONAL PLUS 2025.zip -> NO es PDF
2025-09-30 18:11:37 | Adjunto: 839492 ESPINA MONTOTO FERNANDO.pdf
2025-09-30 18:11:37 | ? Verificación PDF: 839492 ESPINA MONTOTO FERNANDO.pdf -> EXTENSIÓN VÁLIDA
2025-09-30 18:11:37 | ? PDF ENCONTRADO: 839492 ESPINA MONTOTO FERNANDO.pdf
2025-09-30 18:11:37 | Guardando como: 20250930_181137_gmm5_RENOVACION_POLIZA_839492_FERNA_839492_ESPINA_MONTOTO_FERNANDO.pdf
2025-09-30 18:11:37 | Ruta completa: C:\laragon\www\analizer_files\data\20250930_181137_gmm5_RENOVACION_POLIZA_839492_FERNA_839492_ESPINA_MONTOTO_FERNANDO.pdf
2025-09-30 18:11:38 | ? PDF DESCARGADO EXITOSAMENTE: 20250930_181137_gmm5_RENOVACION_POLIZA_839492_FERNA_839492_ESPINA_MONTOTO_FERNANDO.pdf
2025-09-30 18:11:38 | Adjunto: 839492 ESPINA MONTOTO FERNANDO -RECIBO.pdf
2025-09-30 18:11:38 | ? Verificación PDF: 839492 ESPINA MONTOTO FERNANDO -RECIBO.pdf -> EXTENSIÓN VÁLIDA
2025-09-30 18:11:38 | ? PDF ENCONTRADO: 839492 ESPINA MONTOTO FERNANDO -RECIBO.pdf
2025-09-30 18:11:38 | Guardando como: 20250930_181138_gmm5_RENOVACION_POLIZA_839492_FERNA_839492_ESPINA_MONTOTO_FERNANDO_-RECIBO.pdf
2025-09-30 18:11:38 | Ruta completa: C:\laragon\www\analizer_files\data\20250930_181138_gmm5_RENOVACION_POLIZA_839492_FERNA_839492_ESPINA_MONTOTO_FERNANDO_-RECIBO.pdf
2025-09-30 18:11:38 | ? PDF DESCARGADO EXITOSAMENTE: 20250930_181138_gmm5_RENOVACION_POLIZA_839492_FERNA_839492_ESPINA_MONTOTO_FERNANDO_-RECIBO.pdf
2025-09-30 18:11:38 | Adjunto: image001.png
2025-09-30 18:11:38 | ? Verificación PDF: image001.png -> NO es PDF
2025-09-30 18:11:38 | Adjunto: image002.jpg
2025-09-30 18:11:38 | ? Verificación PDF: image002.jpg -> NO es PDF
2025-09-30 18:11:38 | RESUMEN: 2 PDFs encontrados, 2 descargados
2025-09-30 18:14:05 | ?? NUEVO CORREO DETECTADO - Iniciando procesamiento...
2025-09-30 18:14:05 | === PROCESANDO CORREO ENTRANTE ===
2025-09-30 18:14:05 | Asunto: RENOVACIÓN PÓLIZA DE VIDA INDIVIDUAL 136634946/ 94507159 CELMA GARCIA JOSE RAMON
2025-09-30 18:14:05 | Remitente: Acevedo Couttolenc / Frida Fernanda Villaseñor Tecuatl
2025-09-30 18:14:05 | ?? Detectada cuenta EXCHANGE, extrayendo email real...
2025-09-30 18:14:05 | ? Email REAL obtenido de Exchange: vida2@ACEVEDOCOUTTOLENC.COM
2025-09-30 18:14:05 | Email remitente: vida2@acevedocouttolenc.com
2025-09-30 18:14:05 | Dominio detectado: acevedocouttolenc.com
2025-09-30 18:14:05 | ?? Comparando dominio: acevedocouttolenc.com vs acevedocouttolenc.com
2025-09-30 18:14:05 | ? DOMINIO COINCIDE
2025-09-30 18:14:05 | ? CORREO ACEPTADO - Dominio coincide
2025-09-30 18:14:05 | Buscando adjuntos. Total: 3
2025-09-30 18:14:05 | Adjunto: 02102025 136634946 CELMA GARCIA JOSE RAMON.pdf
2025-09-30 18:14:05 | ? Verificación PDF: 02102025 136634946 CELMA GARCIA JOSE RAMON.pdf -> EXTENSIÓN VÁLIDA
2025-09-30 18:14:05 | ? PDF ENCONTRADO: 02102025 136634946 CELMA GARCIA JOSE RAMON.pdf
2025-09-30 18:14:05 | Guardando como: 20250930_181405_vida2_RENOVACI_N_P_LIZA_DE_VIDA_INDI_02102025_136634946_CELMA_GARCIA_JOSE_RAMON.pdf
2025-09-30 18:14:05 | Ruta completa: C:\laragon\www\analizer_files\data\20250930_181405_vida2_RENOVACI_N_P_LIZA_DE_VIDA_INDI_02102025_136634946_CELMA_GARCIA_JOSE_RAMON.pdf
2025-09-30 18:14:06 | ? PDF DESCARGADO EXITOSAMENTE: 20250930_181405_vida2_RENOVACI_N_P_LIZA_DE_VIDA_INDI_02102025_136634946_CELMA_GARCIA_JOSE_RAMON.pdf
2025-09-30 18:14:06 | Adjunto: 12102025 94507159 CELMA GARCIA JOSE RAMON.pdf
2025-09-30 18:14:06 | ? Verificación PDF: 12102025 94507159 CELMA GARCIA JOSE RAMON.pdf -> EXTENSIÓN VÁLIDA
2025-09-30 18:14:06 | ? PDF ENCONTRADO: 12102025 94507159 CELMA GARCIA JOSE RAMON.pdf
2025-09-30 18:14:06 | Guardando como: 20250930_181406_vida2_RENOVACI_N_P_LIZA_DE_VIDA_INDI_12102025_94507159_CELMA_GARCIA_JOSE_RAMON.pdf
2025-09-30 18:14:06 | Ruta completa: C:\laragon\www\analizer_files\data\20250930_181406_vida2_RENOVACI_N_P_LIZA_DE_VIDA_INDI_12102025_94507159_CELMA_GARCIA_JOSE_RAMON.pdf
2025-09-30 18:14:06 | ? PDF DESCARGADO EXITOSAMENTE: 20250930_181406_vida2_RENOVACI_N_P_LIZA_DE_VIDA_INDI_12102025_94507159_CELMA_GARCIA_JOSE_RAMON.pdf
2025-09-30 18:14:06 | Adjunto: image002.png
2025-09-30 18:14:06 | ? Verificación PDF: image002.png -> NO es PDF
2025-09-30 18:14:06 | RESUMEN: 2 PDFs encontrados, 2 descargados
2025-09-30 18:17:06 | ?? NUEVO CORREO DETECTADO - Iniciando procesamiento...
2025-09-30 18:17:06 | === PROCESANDO CORREO ENTRANTE ===
2025-09-30 18:17:06 | Asunto: CAMBIO DE FORMA DE PAGO 760972 PAULINA ABELLA GARCIA
2025-09-30 18:17:06 | Remitente: Acevedo Couttolenc / Rocio Romano
2025-09-30 18:17:06 | ?? Detectada cuenta EXCHANGE, extrayendo email real...
2025-09-30 18:17:06 | ? Email REAL obtenido de Exchange: gmm3@ACEVEDOCOUTTOLENC.COM
2025-09-30 18:17:06 | Email remitente: gmm3@acevedocouttolenc.com
2025-09-30 18:17:06 | Dominio detectado: acevedocouttolenc.com
2025-09-30 18:17:06 | ?? Comparando dominio: acevedocouttolenc.com vs acevedocouttolenc.com
2025-09-30 18:17:06 | ? DOMINIO COINCIDE
2025-09-30 18:17:06 | ? CORREO ACEPTADO - Dominio coincide
2025-09-30 18:17:06 | Buscando adjuntos. Total: 3
2025-09-30 18:17:06 | Adjunto: 760972 ABELLA GARCIA PAULINA.pdf
2025-09-30 18:17:06 | ? Verificación PDF: 760972 ABELLA GARCIA PAULINA.pdf -> EXTENSIÓN VÁLIDA
2025-09-30 18:17:06 | ? PDF ENCONTRADO: 760972 ABELLA GARCIA PAULINA.pdf
2025-09-30 18:17:06 | Guardando como: 20250930_181706_gmm3_CAMBIO_DE_FORMA_DE_PAGO_760972_760972_ABELLA_GARCIA_PAULINA.pdf
2025-09-30 18:17:06 | Ruta completa: C:\laragon\www\analizer_files\data\20250930_181706_gmm3_CAMBIO_DE_FORMA_DE_PAGO_760972_760972_ABELLA_GARCIA_PAULINA.pdf
2025-09-30 18:17:06 | ? PDF DESCARGADO EXITOSAMENTE: 20250930_181706_gmm3_CAMBIO_DE_FORMA_DE_PAGO_760972_760972_ABELLA_GARCIA_PAULINA.pdf
2025-09-30 18:17:06 | Adjunto: 760972 ABELLA GARCIA PAULINA_RECIBO.pdf
2025-09-30 18:17:06 | ? Verificación PDF: 760972 ABELLA GARCIA PAULINA_RECIBO.pdf -> EXTENSIÓN VÁLIDA
2025-09-30 18:17:06 | ? PDF ENCONTRADO: 760972 ABELLA GARCIA PAULINA_RECIBO.pdf
2025-09-30 18:17:06 | Guardando como: 20250930_181706_gmm3_CAMBIO_DE_FORMA_DE_PAGO_760972_760972_ABELLA_GARCIA_PAULINA_RECIBO.pdf
2025-09-30 18:17:06 | Ruta completa: C:\laragon\www\analizer_files\data\20250930_181706_gmm3_CAMBIO_DE_FORMA_DE_PAGO_760972_760972_ABELLA_GARCIA_PAULINA_RECIBO.pdf
2025-09-30 18:17:06 | ? PDF DESCARGADO EXITOSAMENTE: 20250930_181706_gmm3_CAMBIO_DE_FORMA_DE_PAGO_760972_760972_ABELLA_GARCIA_PAULINA_RECIBO.pdf
2025-09-30 18:17:06 | Adjunto: image003.jpg
2025-09-30 18:17:06 | ? Verificación PDF: image003.jpg -> NO es PDF
2025-09-30 18:17:06 | RESUMEN: 2 PDFs encontrados, 2 descargados
2025-09-30 18:22:51 | ?? NUEVO CORREO DETECTADO - Iniciando procesamiento...
2025-09-30 18:22:51 | === PROCESANDO CORREO ENTRANTE ===
2025-09-30 18:22:51 | Asunto: RENOVACION POLIZA 572869493 QUIROZ GARCIA GUILLERMO SAMUEL / ROQUE SANCHEZ CINTHYA 
2025-09-30 18:22:51 | Remitente: Acevedo Couttolenc / Adriana Benitez Garcia
2025-09-30 18:22:51 | ?? Detectada cuenta EXCHANGE, extrayendo email real...
2025-09-30 18:22:51 | ? Email REAL obtenido de Exchange: gmm2@ACEVEDOCOUTTOLENC.COM
2025-09-30 18:22:51 | Email remitente: gmm2@acevedocouttolenc.com
2025-09-30 18:22:51 | Dominio detectado: acevedocouttolenc.com
2025-09-30 18:22:51 | ?? Comparando dominio: acevedocouttolenc.com vs acevedocouttolenc.com
2025-09-30 18:22:51 | ? DOMINIO COINCIDE
2025-09-30 18:22:51 | ? CORREO ACEPTADO - Dominio coincide
2025-09-30 18:22:51 | Buscando adjuntos. Total: 13
2025-09-30 18:22:51 | Adjunto: image003.png
2025-09-30 18:22:51 | ? Verificación PDF: image003.png -> NO es PDF
2025-09-30 18:22:51 | Adjunto: image006.png
2025-09-30 18:22:51 | ? Verificación PDF: image006.png -> NO es PDF
2025-09-30 18:22:51 | Adjunto: image007.png
2025-09-30 18:22:51 | ? Verificación PDF: image007.png -> NO es PDF
2025-09-30 18:22:51 | Adjunto: image008.jpg
2025-09-30 18:22:51 | ? Verificación PDF: image008.jpg -> NO es PDF
2025-09-30 18:22:51 | Adjunto: 572869493 QUIROZ GARCIA GUILLERMO SAMUEL.pdf
2025-09-30 18:22:51 | ? Verificación PDF: 572869493 QUIROZ GARCIA GUILLERMO SAMUEL.pdf -> EXTENSIÓN VÁLIDA
2025-09-30 18:22:51 | ? PDF ENCONTRADO: 572869493 QUIROZ GARCIA GUILLERMO SAMUEL.pdf
2025-09-30 18:22:51 | Guardando como: 20250930_182251_gmm2_RENOVACION_POLIZA_572869493_QU_572869493_QUIROZ_GARCIA_GUILLERMO_SAMUEL.pdf
2025-09-30 18:22:51 | Ruta completa: C:\laragon\www\analizer_files\data\20250930_182251_gmm2_RENOVACION_POLIZA_572869493_QU_572869493_QUIROZ_GARCIA_GUILLERMO_SAMUEL.pdf
2025-09-30 18:22:51 | ? PDF DESCARGADO EXITOSAMENTE: 20250930_182251_gmm2_RENOVACION_POLIZA_572869493_QU_572869493_QUIROZ_GARCIA_GUILLERMO_SAMUEL.pdf
2025-09-30 18:22:51 | Adjunto: 572869493 QUIROZ GARCIA GUILLERMO SAMUEL - RECIBO.pdf
2025-09-30 18:22:51 | ? Verificación PDF: 572869493 QUIROZ GARCIA GUILLERMO SAMUEL - RECIBO.pdf -> EXTENSIÓN VÁLIDA
2025-09-30 18:22:51 | ? PDF ENCONTRADO: 572869493 QUIROZ GARCIA GUILLERMO SAMUEL - RECIBO.pdf
2025-09-30 18:22:51 | Guardando como: 20250930_182251_gmm2_RENOVACION_POLIZA_572869493_QU_572869493_QUIROZ_GARCIA_GUILLERMO_SAMUEL_-_RECIBO.pdf
2025-09-30 18:22:51 | Ruta completa: C:\laragon\www\analizer_files\data\20250930_182251_gmm2_RENOVACION_POLIZA_572869493_QU_572869493_QUIROZ_GARCIA_GUILLERMO_SAMUEL_-_RECIBO.pdf
2025-09-30 18:22:51 | ? PDF DESCARGADO EXITOSAMENTE: 20250930_182251_gmm2_RENOVACION_POLIZA_572869493_QU_572869493_QUIROZ_GARCIA_GUILLERMO_SAMUEL_-_RECIBO.pdf
2025-09-30 18:22:51 | Adjunto: 572869493 QUIROZ GARCIA GUILLERMO SAMUEL - FACTURA.pdf
2025-09-30 18:22:51 | ? Verificación PDF: 572869493 QUIROZ GARCIA GUILLERMO SAMUEL - FACTURA.pdf -> EXTENSIÓN VÁLIDA
2025-09-30 18:22:51 | ? PDF ENCONTRADO: 572869493 QUIROZ GARCIA GUILLERMO SAMUEL - FACTURA.pdf
2025-09-30 18:22:51 | Guardando como: 20250930_182251_gmm2_RENOVACION_POLIZA_572869493_QU_572869493_QUIROZ_GARCIA_GUILLERMO_SAMUEL_-_FACTURA.pdf
2025-09-30 18:22:51 | Ruta completa: C:\laragon\www\analizer_files\data\20250930_182251_gmm2_RENOVACION_POLIZA_572869493_QU_572869493_QUIROZ_GARCIA_GUILLERMO_SAMUEL_-_FACTURA.pdf
2025-09-30 18:22:51 | ? PDF DESCARGADO EXITOSAMENTE: 20250930_182251_gmm2_RENOVACION_POLIZA_572869493_QU_572869493_QUIROZ_GARCIA_GUILLERMO_SAMUEL_-_FACTURA.pdf
2025-09-30 18:22:51 | Adjunto: 572869493 QUIROZ GARCIA GUILLERMO SAMUEL - FACTURA.xml
2025-09-30 18:22:51 | ? Verificación PDF: 572869493 QUIROZ GARCIA GUILLERMO SAMUEL - FACTURA.xml -> NO es PDF
2025-09-30 18:22:51 | Adjunto: 572869493 QUIROZ GARCIA GUILLERMO SAMUEL - NOTA DE CREDITO.xml
2025-09-30 18:22:51 | ? Verificación PDF: 572869493 QUIROZ GARCIA GUILLERMO SAMUEL - NOTA DE CREDITO.xml -> NO es PDF
2025-09-30 18:22:51 | Adjunto: 572869493 QUIROZ GARCIA GUILLERMO SAMUEL - NOTA DE CREDITO.pdf
2025-09-30 18:22:51 | ? Verificación PDF: 572869493 QUIROZ GARCIA GUILLERMO SAMUEL - NOTA DE CREDITO.pdf -> EXTENSIÓN VÁLIDA
2025-09-30 18:22:51 | ? PDF ENCONTRADO: 572869493 QUIROZ GARCIA GUILLERMO SAMUEL - NOTA DE CREDITO.pdf
2025-09-30 18:22:51 | Guardando como: 20250930_182251_gmm2_RENOVACION_POLIZA_572869493_QU_572869493_QUIROZ_GARCIA_GUILLERMO_SAMUEL_-_NOTA_DE_CREDITO.pdf
2025-09-30 18:22:51 | Ruta completa: C:\laragon\www\analizer_files\data\20250930_182251_gmm2_RENOVACION_POLIZA_572869493_QU_572869493_QUIROZ_GARCIA_GUILLERMO_SAMUEL_-_NOTA_DE_CREDITO.pdf
2025-09-30 18:22:51 | ? PDF DESCARGADO EXITOSAMENTE: 20250930_182251_gmm2_RENOVACION_POLIZA_572869493_QU_572869493_QUIROZ_GARCIA_GUILLERMO_SAMUEL_-_NOTA_DE_CREDITO.pdf
2025-09-30 18:22:51 | Adjunto: PREMIUM-PLATINO-FLEXIBLES.zip
2025-09-30 18:22:51 | ? Verificación PDF: PREMIUM-PLATINO-FLEXIBLES.zip -> NO es PDF
2025-09-30 18:22:51 | Adjunto: image002.png
2025-09-30 18:22:51 | ? Verificación PDF: image002.png -> NO es PDF
2025-09-30 18:22:51 | Adjunto: image005.png
2025-09-30 18:22:51 | ? Verificación PDF: image005.png -> NO es PDF
2025-09-30 18:22:51 | RESUMEN: 4 PDFs encontrados, 4 descargados
2025-09-30 18:24:26 | ?? NUEVO CORREO DETECTADO - Iniciando procesamiento...
2025-09-30 18:24:26 | === PROCESANDO CORREO ENTRANTE ===
2025-09-30 18:24:26 | Asunto: RENOVACION POLIZAS 839492 Y 687218 FERNANDO ESPINA MONTOTO/MARIA NAVARRO ROLDAN
2025-09-30 18:24:26 | Remitente: Acevedo Couttolenc / Lucina Hernandez
2025-09-30 18:24:26 | ?? Detectada cuenta EXCHANGE, extrayendo email real...
2025-09-30 18:24:26 | ? Email REAL obtenido de Exchange: gmm5@ACEVEDOCOUTTOLENC.COM
2025-09-30 18:24:26 | Email remitente: gmm5@acevedocouttolenc.com
2025-09-30 18:24:26 | Dominio detectado: acevedocouttolenc.com
2025-09-30 18:24:26 | ?? Comparando dominio: acevedocouttolenc.com vs acevedocouttolenc.com
2025-09-30 18:24:26 | ? DOMINIO COINCIDE
2025-09-30 18:24:26 | ? CORREO ACEPTADO - Dominio coincide
2025-09-30 18:24:26 | Buscando adjuntos. Total: 8
2025-09-30 18:24:26 | Adjunto: BUPA NACIONAL PLUS 2025.zip
2025-09-30 18:24:26 | ? Verificación PDF: BUPA NACIONAL PLUS 2025.zip -> NO es PDF
2025-09-30 18:24:26 | Adjunto: 839492 ESPINA MONTOTO FERNANDO.pdf
2025-09-30 18:24:26 | ? Verificación PDF: 839492 ESPINA MONTOTO FERNANDO.pdf -> EXTENSIÓN VÁLIDA
2025-09-30 18:24:26 | ? PDF ENCONTRADO: 839492 ESPINA MONTOTO FERNANDO.pdf
2025-09-30 18:24:26 | Guardando como: 20250930_182426_gmm5_RENOVACION_POLIZAS_839492_Y_68_839492_ESPINA_MONTOTO_FERNANDO.pdf
2025-09-30 18:24:26 | Ruta completa: C:\laragon\www\analizer_files\data\20250930_182426_gmm5_RENOVACION_POLIZAS_839492_Y_68_839492_ESPINA_MONTOTO_FERNANDO.pdf
2025-09-30 18:24:26 | ? PDF DESCARGADO EXITOSAMENTE: 20250930_182426_gmm5_RENOVACION_POLIZAS_839492_Y_68_839492_ESPINA_MONTOTO_FERNANDO.pdf
2025-09-30 18:24:26 | Adjunto: 839492 ESPINA MONTOTO FERNANDO -RECIBO.pdf
2025-09-30 18:24:26 | ? Verificación PDF: 839492 ESPINA MONTOTO FERNANDO -RECIBO.pdf -> EXTENSIÓN VÁLIDA
2025-09-30 18:24:26 | ? PDF ENCONTRADO: 839492 ESPINA MONTOTO FERNANDO -RECIBO.pdf
2025-09-30 18:24:26 | Guardando como: 20250930_182426_gmm5_RENOVACION_POLIZAS_839492_Y_68_839492_ESPINA_MONTOTO_FERNANDO_-RECIBO.pdf
2025-09-30 18:24:26 | Ruta completa: C:\laragon\www\analizer_files\data\20250930_182426_gmm5_RENOVACION_POLIZAS_839492_Y_68_839492_ESPINA_MONTOTO_FERNANDO_-RECIBO.pdf
2025-09-30 18:24:26 | ? PDF DESCARGADO EXITOSAMENTE: 20250930_182426_gmm5_RENOVACION_POLIZAS_839492_Y_68_839492_ESPINA_MONTOTO_FERNANDO_-RECIBO.pdf
2025-09-30 18:24:26 | Adjunto: image001.png
2025-09-30 18:24:26 | ? Verificación PDF: image001.png -> NO es PDF
2025-09-30 18:24:26 | Adjunto: image002.jpg
2025-09-30 18:24:26 | ? Verificación PDF: image002.jpg -> NO es PDF
2025-09-30 18:24:26 | Adjunto: SELECT.zip
2025-09-30 18:24:26 | ? Verificación PDF: SELECT.zip -> NO es PDF
2025-09-30 18:24:26 | Adjunto: 687218 ESPINA MONTOTO FERNANDO -NAVARRO ROLDAN MARIA.pdf
2025-09-30 18:24:26 | ? Verificación PDF: 687218 ESPINA MONTOTO FERNANDO -NAVARRO ROLDAN MARIA.pdf -> EXTENSIÓN VÁLIDA
2025-09-30 18:24:26 | ? PDF ENCONTRADO: 687218 ESPINA MONTOTO FERNANDO -NAVARRO ROLDAN MARIA.pdf
2025-09-30 18:24:26 | Guardando como: 20250930_182426_gmm5_RENOVACION_POLIZAS_839492_Y_68_687218_ESPINA_MONTOTO_FERNANDO_-NAVARRO_ROLDAN_MARIA.pdf
2025-09-30 18:24:26 | Ruta completa: C:\laragon\www\analizer_files\data\20250930_182426_gmm5_RENOVACION_POLIZAS_839492_Y_68_687218_ESPINA_MONTOTO_FERNANDO_-NAVARRO_ROLDAN_MARIA.pdf
2025-09-30 18:24:27 | ? PDF DESCARGADO EXITOSAMENTE: 20250930_182426_gmm5_RENOVACION_POLIZAS_839492_Y_68_687218_ESPINA_MONTOTO_FERNANDO_-NAVARRO_ROLDAN_MARIA.pdf
2025-09-30 18:24:27 | Adjunto: 687218 ESPINA MONTOTO FERNANDO -NAVARRO ROLDAN MARIA  -RECIBO.pdf
2025-09-30 18:24:27 | ? Verificación PDF: 687218 ESPINA MONTOTO FERNANDO -NAVARRO ROLDAN MARIA  -RECIBO.pdf -> EXTENSIÓN VÁLIDA
2025-09-30 18:24:27 | ? PDF ENCONTRADO: 687218 ESPINA MONTOTO FERNANDO -NAVARRO ROLDAN MARIA  -RECIBO.pdf
2025-09-30 18:24:27 | Guardando como: 20250930_182427_gmm5_RENOVACION_POLIZAS_839492_Y_68_687218_ESPINA_MONTOTO_FERNANDO_-NAVARRO_ROLDAN_MARIA__-RECIBO.pdf
2025-09-30 18:24:27 | Ruta completa: C:\laragon\www\analizer_files\data\20250930_182427_gmm5_RENOVACION_POLIZAS_839492_Y_68_687218_ESPINA_MONTOTO_FERNANDO_-NAVARRO_ROLDAN_MARIA__-RECIBO.pdf
2025-09-30 18:24:27 | ? PDF DESCARGADO EXITOSAMENTE: 20250930_182427_gmm5_RENOVACION_POLIZAS_839492_Y_68_687218_ESPINA_MONTOTO_FERNANDO_-NAVARRO_ROLDAN_MARIA__-RECIBO.pdf
2025-09-30 18:24:27 | RESUMEN: 4 PDFs encontrados, 4 descargados
2025-09-30 18:28:28 | ?? NUEVO CORREO DETECTADO - Iniciando procesamiento...
2025-09-30 18:28:28 | === PROCESANDO CORREO ENTRANTE ===
2025-09-30 18:28:28 | Asunto: RENOVACIÓN PÓLIZA DE VIDA INDIVIDUAL 250956620 ARAMBURO TAME JORGE ANTONIO
2025-09-30 18:28:28 | Remitente: Acevedo Couttolenc / Frida Fernanda Villaseñor Tecuatl
2025-09-30 18:28:28 | ?? Detectada cuenta EXCHANGE, extrayendo email real...
2025-09-30 18:28:28 | ? Email REAL obtenido de Exchange: vida2@ACEVEDOCOUTTOLENC.COM
2025-09-30 18:28:28 | Email remitente: vida2@acevedocouttolenc.com
2025-09-30 18:28:28 | Dominio detectado: acevedocouttolenc.com
2025-09-30 18:28:28 | ?? Comparando dominio: acevedocouttolenc.com vs acevedocouttolenc.com
2025-09-30 18:28:28 | ? DOMINIO COINCIDE
2025-09-30 18:28:28 | ? CORREO ACEPTADO - Dominio coincide
2025-09-30 18:28:28 | Buscando adjuntos. Total: 2
2025-09-30 18:28:28 | Adjunto: 03102025 250956620 ARAMBURO TAME JORGE ANTONIO.pdf
2025-09-30 18:28:28 | ? Verificación PDF: 03102025 250956620 ARAMBURO TAME JORGE ANTONIO.pdf -> EXTENSIÓN VÁLIDA
2025-09-30 18:28:28 | ? PDF ENCONTRADO: 03102025 250956620 ARAMBURO TAME JORGE ANTONIO.pdf
2025-09-30 18:28:28 | Guardando como: 20250930_182828_vida2_RENOVACI_N_P_LIZA_DE_VIDA_INDI_03102025_250956620_ARAMBURO_TAME_JORGE_ANTONIO.pdf
2025-09-30 18:28:28 | Ruta completa: C:\laragon\www\analizer_files\data\20250930_182828_vida2_RENOVACI_N_P_LIZA_DE_VIDA_INDI_03102025_250956620_ARAMBURO_TAME_JORGE_ANTONIO.pdf
2025-09-30 18:28:28 | ? PDF DESCARGADO EXITOSAMENTE: 20250930_182828_vida2_RENOVACI_N_P_LIZA_DE_VIDA_INDI_03102025_250956620_ARAMBURO_TAME_JORGE_ANTONIO.pdf
2025-09-30 18:28:28 | Adjunto: image003.png
2025-09-30 18:28:28 | ? Verificación PDF: image003.png -> NO es PDF
2025-09-30 18:28:28 | RESUMEN: 1 PDFs encontrados, 1 descargados
2025-09-30 18:33:14 | ?? NUEVO CORREO DETECTADO - Iniciando procesamiento...
2025-09-30 18:33:14 | === PROCESANDO CORREO ENTRANTE ===
2025-09-30 18:33:14 | Asunto: 83248 - 0	FLORENTINO RUGARCIA CISNEROS	EDGE LIMITED 3.5 L 285 HP MP3 MOD. 2013
2025-09-30 18:33:14 | Remitente: Acevedo Couttolenc / Abraham Pelcastre
2025-09-30 18:33:14 | ?? Detectada cuenta EXCHANGE, extrayendo email real...
2025-09-30 18:33:14 | ? Email REAL obtenido de Exchange: autos2@ACEVEDOCOUTTOLENC.COM
2025-09-30 18:33:14 | Email remitente: autos2@acevedocouttolenc.com
2025-09-30 18:33:14 | Dominio detectado: acevedocouttolenc.com
2025-09-30 18:33:14 | ?? Comparando dominio: acevedocouttolenc.com vs acevedocouttolenc.com
2025-09-30 18:33:14 | ? DOMINIO COINCIDE
2025-09-30 18:33:14 | ? CORREO ACEPTADO - Dominio coincide
2025-09-30 18:33:14 | Buscando adjuntos. Total: 6
2025-09-30 18:33:14 | Adjunto: POLIZA 83248 EDGE LIMITED 3.5 L 285 HP  2013.pdf
2025-09-30 18:33:14 | ? Verificación PDF: POLIZA 83248 EDGE LIMITED 3.5 L 285 HP  2013.pdf -> EXTENSIÓN VÁLIDA
2025-09-30 18:33:14 | ? PDF ENCONTRADO: POLIZA 83248 EDGE LIMITED 3.5 L 285 HP  2013.pdf
2025-09-30 18:33:14 | Guardando como: 20250930_183314_autos2_83248_-_0_FLORENTINO_RUGARCIA__POLIZA_83248_EDGE_LIMITED_3.5_L_285_HP__2013.pdf
2025-09-30 18:33:14 | Ruta completa: C:\laragon\www\analizer_files\data\20250930_183314_autos2_83248_-_0_FLORENTINO_RUGARCIA__POLIZA_83248_EDGE_LIMITED_3.5_L_285_HP__2013.pdf
2025-09-30 18:33:14 | ? PDF DESCARGADO EXITOSAMENTE: 20250930_183314_autos2_83248_-_0_FLORENTINO_RUGARCIA__POLIZA_83248_EDGE_LIMITED_3.5_L_285_HP__2013.pdf
2025-09-30 18:33:14 | Adjunto: RECIBO 83248 EDGE LIMITED 3.5 L 285 HP  2013.pdf
2025-09-30 18:33:14 | ? Verificación PDF: RECIBO 83248 EDGE LIMITED 3.5 L 285 HP  2013.pdf -> EXTENSIÓN VÁLIDA
2025-09-30 18:33:14 | ? PDF ENCONTRADO: RECIBO 83248 EDGE LIMITED 3.5 L 285 HP  2013.pdf
2025-09-30 18:33:14 | Guardando como: 20250930_183314_autos2_83248_-_0_FLORENTINO_RUGARCIA__RECIBO_83248_EDGE_LIMITED_3.5_L_285_HP__2013.pdf
2025-09-30 18:33:14 | Ruta completa: C:\laragon\www\analizer_files\data\20250930_183314_autos2_83248_-_0_FLORENTINO_RUGARCIA__RECIBO_83248_EDGE_LIMITED_3.5_L_285_HP__2013.pdf
2025-09-30 18:33:14 | ? PDF DESCARGADO EXITOSAMENTE: 20250930_183314_autos2_83248_-_0_FLORENTINO_RUGARCIA__RECIBO_83248_EDGE_LIMITED_3.5_L_285_HP__2013.pdf
2025-09-30 18:33:14 | Adjunto: REPORTAR SINIESTRO ZURICH.jpg
2025-09-30 18:33:14 | ? Verificación PDF: REPORTAR SINIESTRO ZURICH.jpg -> NO es PDF
2025-09-30 18:33:14 | Adjunto: Condiciones Generales ZURICH.pdf
2025-09-30 18:33:14 | ? Verificación PDF: Condiciones Generales ZURICH.pdf -> EXTENSIÓN VÁLIDA
2025-09-30 18:33:14 | ? PDF ENCONTRADO: Condiciones Generales ZURICH.pdf
2025-09-30 18:33:14 | Guardando como: 20250930_183314_autos2_83248_-_0_FLORENTINO_RUGARCIA__Condiciones_Generales_ZURICH.pdf
2025-09-30 18:33:14 | Ruta completa: C:\laragon\www\analizer_files\data\20250930_183314_autos2_83248_-_0_FLORENTINO_RUGARCIA__Condiciones_Generales_ZURICH.pdf
2025-09-30 18:33:16 | ? PDF DESCARGADO EXITOSAMENTE: 20250930_183314_autos2_83248_-_0_FLORENTINO_RUGARCIA__Condiciones_Generales_ZURICH.pdf
2025-09-30 18:33:16 | Adjunto: image003.png
2025-09-30 18:33:16 | ? Verificación PDF: image003.png -> NO es PDF
2025-09-30 18:33:16 | Adjunto: image004.png
2025-09-30 18:33:16 | ? Verificación PDF: image004.png -> NO es PDF
2025-09-30 18:33:16 | RESUMEN: 3 PDFs encontrados, 3 descargados
2025-09-30 18:35:34 | ?? NUEVO CORREO DETECTADO - Iniciando procesamiento...
2025-09-30 18:35:34 | === PROCESANDO CORREO ENTRANTE ===
2025-09-30 18:35:34 | Asunto: PRODUCCION AUTOS Y VIDA 30/09/2025 (1)
2025-09-30 18:35:34 | Remitente: Acevedo Couttolenc / Fabiola Garnica Esquivel
2025-09-30 18:35:34 | ?? Detectada cuenta EXCHANGE, extrayendo email real...
2025-09-30 18:35:34 | ? Email REAL obtenido de Exchange: sistemas3@ACEVEDOCOUTTOLENC.COM
2025-09-30 18:35:34 | Email remitente: sistemas3@acevedocouttolenc.com
2025-09-30 18:35:34 | Dominio detectado: acevedocouttolenc.com
2025-09-30 18:35:34 | ?? Comparando dominio: acevedocouttolenc.com vs acevedocouttolenc.com
2025-09-30 18:35:34 | ? DOMINIO COINCIDE
2025-09-30 18:35:34 | ? CORREO ACEPTADO - Dominio coincide
2025-09-30 18:35:34 | Buscando adjuntos. Total: 1
2025-09-30 18:35:34 | Adjunto: image003.png
2025-09-30 18:35:34 | ? Verificación PDF: image003.png -> NO es PDF
2025-09-30 18:35:34 | RESUMEN: 0 PDFs encontrados, 0 descargados
2025-09-30 18:37:29 | ?? NUEVO CORREO DETECTADO - Iniciando procesamiento...
2025-09-30 18:37:29 | === PROCESANDO CORREO ENTRANTE ===
2025-09-30 18:37:29 | Asunto: RENOVACION POLIZA 686326 FRANCISCO GONTRAN HAGHENBECK MORALES
2025-09-30 18:37:29 | Remitente: Acevedo Couttolenc / Lucina Hernandez
2025-09-30 18:37:29 | ?? Detectada cuenta EXCHANGE, extrayendo email real...
2025-09-30 18:37:29 | ? Email REAL obtenido de Exchange: gmm5@ACEVEDOCOUTTOLENC.COM
2025-09-30 18:37:29 | Email remitente: gmm5@acevedocouttolenc.com
2025-09-30 18:37:29 | Dominio detectado: acevedocouttolenc.com
2025-09-30 18:37:29 | ?? Comparando dominio: acevedocouttolenc.com vs acevedocouttolenc.com
2025-09-30 18:37:29 | ? DOMINIO COINCIDE
2025-09-30 18:37:29 | ? CORREO ACEPTADO - Dominio coincide
2025-09-30 18:37:29 | Buscando adjuntos. Total: 5
2025-09-30 18:37:29 | Adjunto: 686326 HAGHENBECK MORALES FRANCISCO GONTRAN.pdf
2025-09-30 18:37:29 | ? Verificación PDF: 686326 HAGHENBECK MORALES FRANCISCO GONTRAN.pdf -> EXTENSIÓN VÁLIDA
2025-09-30 18:37:29 | ? PDF ENCONTRADO: 686326 HAGHENBECK MORALES FRANCISCO GONTRAN.pdf
2025-09-30 18:37:29 | Guardando como: 20250930_183729_gmm5_RENOVACION_POLIZA_686326_FRANC_686326_HAGHENBECK_MORALES_FRANCISCO_GONTRAN.pdf
2025-09-30 18:37:29 | Ruta completa: C:\laragon\www\analizer_files\data\20250930_183729_gmm5_RENOVACION_POLIZA_686326_FRANC_686326_HAGHENBECK_MORALES_FRANCISCO_GONTRAN.pdf
2025-09-30 18:37:30 | ? PDF DESCARGADO EXITOSAMENTE: 20250930_183729_gmm5_RENOVACION_POLIZA_686326_FRANC_686326_HAGHENBECK_MORALES_FRANCISCO_GONTRAN.pdf
2025-09-30 18:37:30 | Adjunto: 686326 HAGHENBECK MORALES FRANCISCO GONTRAN -RECIBO.pdf
2025-09-30 18:37:30 | ? Verificación PDF: 686326 HAGHENBECK MORALES FRANCISCO GONTRAN -RECIBO.pdf -> EXTENSIÓN VÁLIDA
2025-09-30 18:37:30 | ? PDF ENCONTRADO: 686326 HAGHENBECK MORALES FRANCISCO GONTRAN -RECIBO.pdf
2025-09-30 18:37:30 | Guardando como: 20250930_183730_gmm5_RENOVACION_POLIZA_686326_FRANC_686326_HAGHENBECK_MORALES_FRANCISCO_GONTRAN_-RECIBO.pdf
2025-09-30 18:37:30 | Ruta completa: C:\laragon\www\analizer_files\data\20250930_183730_gmm5_RENOVACION_POLIZA_686326_FRANC_686326_HAGHENBECK_MORALES_FRANCISCO_GONTRAN_-RECIBO.pdf
2025-09-30 18:37:30 | ? PDF DESCARGADO EXITOSAMENTE: 20250930_183730_gmm5_RENOVACION_POLIZA_686326_FRANC_686326_HAGHENBECK_MORALES_FRANCISCO_GONTRAN_-RECIBO.pdf
2025-09-30 18:37:30 | Adjunto: SELECT.zip
2025-09-30 18:37:30 | ? Verificación PDF: SELECT.zip -> NO es PDF
2025-09-30 18:37:30 | Adjunto: image001.png
2025-09-30 18:37:30 | ? Verificación PDF: image001.png -> NO es PDF
2025-09-30 18:37:30 | Adjunto: image002.jpg
2025-09-30 18:37:30 | ? Verificación PDF: image002.jpg -> NO es PDF
2025-09-30 18:37:30 | RESUMEN: 2 PDFs encontrados, 2 descargados
2025-09-30 18:58:22 | ?? NUEVO CORREO DETECTADO - Iniciando procesamiento...
2025-09-30 18:58:22 | === PROCESANDO CORREO ENTRANTE ===
2025-09-30 18:58:22 | Asunto: RENOVACIÓN PÓLIZA DE VIDA INDIVIDUAL META-8396595 GUZMAN CARVAJAL MARIA TERESA
2025-09-30 18:58:22 | Remitente: Acevedo Couttolenc / Frida Fernanda Villaseñor Tecuatl
2025-09-30 18:58:22 | ?? Detectada cuenta EXCHANGE, extrayendo email real...
2025-09-30 18:58:22 | ? Email REAL obtenido de Exchange: vida2@ACEVEDOCOUTTOLENC.COM
2025-09-30 18:58:22 | Email remitente: vida2@acevedocouttolenc.com
2025-09-30 18:58:22 | Dominio detectado: acevedocouttolenc.com
2025-09-30 18:58:22 | ?? Comparando dominio: acevedocouttolenc.com vs acevedocouttolenc.com
2025-09-30 18:58:22 | ? DOMINIO COINCIDE
2025-09-30 18:58:22 | ? CORREO ACEPTADO - Dominio coincide
2025-09-30 18:58:22 | Buscando adjuntos. Total: 2
2025-09-30 18:58:22 | Adjunto: 04102025 META-8396595 GUZMAN CARVAJAL MARIA TERESA.pdf
2025-09-30 18:58:22 | ? Verificación PDF: 04102025 META-8396595 GUZMAN CARVAJAL MARIA TERESA.pdf -> EXTENSIÓN VÁLIDA
2025-09-30 18:58:22 | ? PDF ENCONTRADO: 04102025 META-8396595 GUZMAN CARVAJAL MARIA TERESA.pdf
2025-09-30 18:58:22 | Guardando como: 20250930_185822_vida2_RENOVACI_N_P_LIZA_DE_VIDA_INDI_04102025_META-8396595_GUZMAN_CARVAJAL_MARIA_TERESA.pdf
2025-09-30 18:58:22 | Ruta completa: C:\laragon\www\analizer_files\data\20250930_185822_vida2_RENOVACI_N_P_LIZA_DE_VIDA_INDI_04102025_META-8396595_GUZMAN_CARVAJAL_MARIA_TERESA.pdf
2025-09-30 18:58:22 | ? PDF DESCARGADO EXITOSAMENTE: 20250930_185822_vida2_RENOVACI_N_P_LIZA_DE_VIDA_INDI_04102025_META-8396595_GUZMAN_CARVAJAL_MARIA_TERESA.pdf
2025-09-30 18:58:22 | Adjunto: image002.png
2025-09-30 18:58:22 | ? Verificación PDF: image002.png -> NO es PDF
2025-09-30 18:58:22 | RESUMEN: 1 PDFs encontrados, 1 descargados
2025-09-30 19:01:25 | ?? NUEVO CORREO DETECTADO - Iniciando procesamiento...
2025-09-30 19:01:25 | === PROCESANDO CORREO ENTRANTE ===
2025-09-30 19:01:25 | Asunto: Re: RENOVACIÓN PÓLIZA DE VIDA INDIVIDUAL 250956620 ARAMBURO TAME JORGE ANTONIO
2025-09-30 19:01:25 | Remitente: Jorge A
2025-09-30 19:01:25 | ? Email obtenido por SenderEmailAddress: jaramburot@yahoo.com.mx
2025-09-30 19:01:25 | Email remitente: jaramburot@yahoo.com.mx
2025-09-30 19:01:25 | Dominio detectado: yahoo.com.mx
2025-09-30 19:01:25 | ?? Comparando dominio: yahoo.com.mx vs acevedocouttolenc.com
2025-09-30 19:01:25 | ? DOMINIO NO COINCIDE
2025-09-30 19:01:25 | ? CORREO RECHAZADO - Dominio NO coincide. Esperado: acevedocouttolenc.com
2025-10-01 09:25:04 | ?? NUEVO CORREO DETECTADO - Iniciando procesamiento...
2025-10-01 09:25:04 | === PROCESANDO CORREO ENTRANTE ===
2025-10-01 09:25:04 | Asunto: RENOVACION POLIZA 833266 RODRIGO MORALES GOMEZ
2025-10-01 09:25:04 | Remitente: Acevedo Couttolenc / Lucina Hernandez
2025-10-01 09:25:04 | ?? Detectada cuenta EXCHANGE, extrayendo email real...
2025-10-01 09:25:04 | ? Email REAL obtenido de Exchange: gmm5@ACEVEDOCOUTTOLENC.COM
2025-10-01 09:25:04 | Email remitente: gmm5@acevedocouttolenc.com
2025-10-01 09:25:04 | Dominio detectado: acevedocouttolenc.com
2025-10-01 09:25:04 | ?? Comparando dominio: acevedocouttolenc.com vs acevedocouttolenc.com
2025-10-01 09:25:04 | ? DOMINIO COINCIDE
2025-10-01 09:25:04 | ? CORREO ACEPTADO - Dominio coincide
2025-10-01 09:25:04 | Buscando adjuntos. Total: 5
2025-10-01 09:25:04 | Adjunto: 833266 MORALES GOMEZ RODRIGO.pdf
2025-10-01 09:25:04 | ? Verificación PDF: 833266 MORALES GOMEZ RODRIGO.pdf -> EXTENSIÓN VÁLIDA
2025-10-01 09:25:04 | ? PDF ENCONTRADO: 833266 MORALES GOMEZ RODRIGO.pdf
2025-10-01 09:25:04 | Guardando como: 20251001_092504_gmm5_RENOVACION_POLIZA_833266_RODRI_833266_MORALES_GOMEZ_RODRIGO.pdf
2025-10-01 09:25:04 | Ruta completa: C:\laragon\www\analizer_files\data\20251001_092504_gmm5_RENOVACION_POLIZA_833266_RODRI_833266_MORALES_GOMEZ_RODRIGO.pdf
2025-10-01 09:25:04 | ? PDF DESCARGADO EXITOSAMENTE: 20251001_092504_gmm5_RENOVACION_POLIZA_833266_RODRI_833266_MORALES_GOMEZ_RODRIGO.pdf
2025-10-01 09:25:04 | Adjunto: 833266 MORALES GOMEZ RODRIGO -RECIBO.pdf
2025-10-01 09:25:04 | ? Verificación PDF: 833266 MORALES GOMEZ RODRIGO -RECIBO.pdf -> EXTENSIÓN VÁLIDA
2025-10-01 09:25:04 | ? PDF ENCONTRADO: 833266 MORALES GOMEZ RODRIGO -RECIBO.pdf
2025-10-01 09:25:04 | Guardando como: 20251001_092504_gmm5_RENOVACION_POLIZA_833266_RODRI_833266_MORALES_GOMEZ_RODRIGO_-RECIBO.pdf
2025-10-01 09:25:04 | Ruta completa: C:\laragon\www\analizer_files\data\20251001_092504_gmm5_RENOVACION_POLIZA_833266_RODRI_833266_MORALES_GOMEZ_RODRIGO_-RECIBO.pdf
2025-10-01 09:25:04 | ? PDF DESCARGADO EXITOSAMENTE: 20251001_092504_gmm5_RENOVACION_POLIZA_833266_RODRI_833266_MORALES_GOMEZ_RODRIGO_-RECIBO.pdf
2025-10-01 09:25:04 | Adjunto: BUPA NACIONAL PLUS 2025.zip
2025-10-01 09:25:04 | ? Verificación PDF: BUPA NACIONAL PLUS 2025.zip -> NO es PDF
2025-10-01 09:25:04 | Adjunto: image001.png
2025-10-01 09:25:04 | ? Verificación PDF: image001.png -> NO es PDF
2025-10-01 09:25:04 | Adjunto: image002.jpg
2025-10-01 09:25:04 | ? Verificación PDF: image002.jpg -> NO es PDF
2025-10-01 09:25:04 | RESUMEN: 2 PDFs encontrados, 2 descargados
2025-10-01 09:28:37 | ?? NUEVO CORREO DETECTADO - Iniciando procesamiento...
2025-10-01 09:28:37 | === PROCESANDO CORREO ENTRANTE ===
2025-10-01 09:28:37 | Asunto: PRODUCCION GMM  26Y30092025
2025-10-01 09:28:37 | Remitente: Acevedo Couttolenc / Georgina Hernandez
2025-10-01 09:28:37 | ?? Detectada cuenta EXCHANGE, extrayendo email real...
2025-10-01 09:28:37 | ? Email REAL obtenido de Exchange: sistemas1@ACEVEDOCOUTTOLENC.COM
2025-10-01 09:28:37 | Email remitente: sistemas1@acevedocouttolenc.com
2025-10-01 09:28:37 | Dominio detectado: acevedocouttolenc.com
2025-10-01 09:28:37 | ?? Comparando dominio: acevedocouttolenc.com vs acevedocouttolenc.com
2025-10-01 09:28:37 | ? DOMINIO COINCIDE
2025-10-01 09:28:37 | ? CORREO ACEPTADO - Dominio coincide
2025-10-01 09:28:37 | Buscando adjuntos. Total: 1
2025-10-01 09:28:37 | Adjunto: image001.png
2025-10-01 09:28:37 | ? Verificación PDF: image001.png -> NO es PDF
2025-10-01 09:28:37 | RESUMEN: 0 PDFs encontrados, 0 descargados
2025-10-01 09:52:29 | ?? NUEVO CORREO DETECTADO - Iniciando procesamiento...
2025-10-01 09:52:29 | === PROCESANDO CORREO ENTRANTE ===
2025-10-01 09:52:29 | Asunto: 900038179 - 9	ALEJANDRO ACEVEDO COUTTOLENC	RANGER ROVER EVOQUE MOD. 2015
2025-10-01 09:52:29 | Remitente: Acevedo Couttolenc / Abraham Pelcastre
2025-10-01 09:52:29 | ?? Detectada cuenta EXCHANGE, extrayendo email real...
2025-10-01 09:52:29 | ? Email REAL obtenido de Exchange: autos2@ACEVEDOCOUTTOLENC.COM
2025-10-01 09:52:29 | Email remitente: autos2@acevedocouttolenc.com
2025-10-01 09:52:29 | Dominio detectado: acevedocouttolenc.com
2025-10-01 09:52:29 | ?? Comparando dominio: acevedocouttolenc.com vs acevedocouttolenc.com
2025-10-01 09:52:29 | ? DOMINIO COINCIDE
2025-10-01 09:52:29 | ? CORREO ACEPTADO - Dominio coincide
2025-10-01 09:52:29 | Buscando adjuntos. Total: 5
2025-10-01 09:52:29 | Adjunto: POLIZA 900038179 RANGER ROVER EVOQUE DYNAMIC 2015.pdf
2025-10-01 09:52:29 | ? Verificación PDF: POLIZA 900038179 RANGER ROVER EVOQUE DYNAMIC 2015.pdf -> EXTENSIÓN VÁLIDA
2025-10-01 09:52:29 | ? PDF ENCONTRADO: POLIZA 900038179 RANGER ROVER EVOQUE DYNAMIC 2015.pdf
2025-10-01 09:52:29 | Guardando como: 20251001_095229_autos2_900038179_-_9_ALEJANDRO_ACEVED_POLIZA_900038179_RANGER_ROVER_EVOQUE_DYNAMIC_2015.pdf
2025-10-01 09:52:29 | Ruta completa: C:\laragon\www\analizer_files\data\20251001_095229_autos2_900038179_-_9_ALEJANDRO_ACEVED_POLIZA_900038179_RANGER_ROVER_EVOQUE_DYNAMIC_2015.pdf
2025-10-01 09:52:29 | ? PDF DESCARGADO EXITOSAMENTE: 20251001_095229_autos2_900038179_-_9_ALEJANDRO_ACEVED_POLIZA_900038179_RANGER_ROVER_EVOQUE_DYNAMIC_2015.pdf
2025-10-01 09:52:29 | Adjunto: RECIBO 900038179  RANGER ROVER EVOQUE DYNAMIC.pdf
2025-10-01 09:52:29 | ? Verificación PDF: RECIBO 900038179  RANGER ROVER EVOQUE DYNAMIC.pdf -> EXTENSIÓN VÁLIDA
2025-10-01 09:52:29 | ? PDF ENCONTRADO: RECIBO 900038179  RANGER ROVER EVOQUE DYNAMIC.pdf
2025-10-01 09:52:29 | Guardando como: 20251001_095229_autos2_900038179_-_9_ALEJANDRO_ACEVED_RECIBO_900038179__RANGER_ROVER_EVOQUE_DYNAMIC.pdf
2025-10-01 09:52:29 | Ruta completa: C:\laragon\www\analizer_files\data\20251001_095229_autos2_900038179_-_9_ALEJANDRO_ACEVED_RECIBO_900038179__RANGER_ROVER_EVOQUE_DYNAMIC.pdf
2025-10-01 09:52:29 | ? PDF DESCARGADO EXITOSAMENTE: 20251001_095229_autos2_900038179_-_9_ALEJANDRO_ACEVED_RECIBO_900038179__RANGER_ROVER_EVOQUE_DYNAMIC.pdf
2025-10-01 09:52:29 | Adjunto: REPORTE SINIESTRO SURA.jpeg
2025-10-01 09:52:29 | ? Verificación PDF: REPORTE SINIESTRO SURA.jpeg -> NO es PDF
2025-10-01 09:52:29 | Adjunto: image001.png
2025-10-01 09:52:29 | ? Verificación PDF: image001.png -> NO es PDF
2025-10-01 09:52:29 | Adjunto: image002.png
2025-10-01 09:52:29 | ? Verificación PDF: image002.png -> NO es PDF
2025-10-01 09:52:29 | RESUMEN: 2 PDFs encontrados, 2 descargados
2025-10-01 10:28:54 | ?? NUEVO CORREO DETECTADO - Iniciando procesamiento...
2025-10-01 10:28:54 | === PROCESANDO CORREO ENTRANTE ===
2025-10-01 10:28:54 | Asunto: RENOVACION POLIZA 0000968109 GONZALEZ BLANCO MA DE LOS ANGELES ISABEL 
2025-10-01 10:28:54 | Remitente: Acevedo Couttolenc / Adriana Benitez Garcia
2025-10-01 10:28:54 | ?? Detectada cuenta EXCHANGE, extrayendo email real...
2025-10-01 10:28:54 | ? Email REAL obtenido de Exchange: gmm2@ACEVEDOCOUTTOLENC.COM
2025-10-01 10:28:54 | Email remitente: gmm2@acevedocouttolenc.com
2025-10-01 10:28:54 | Dominio detectado: acevedocouttolenc.com
2025-10-01 10:28:54 | ?? Comparando dominio: acevedocouttolenc.com vs acevedocouttolenc.com
2025-10-01 10:28:54 | ? DOMINIO COINCIDE
2025-10-01 10:28:54 | ? CORREO ACEPTADO - Dominio coincide
2025-10-01 10:28:54 | Buscando adjuntos. Total: 11
2025-10-01 10:28:54 | Adjunto: image001.png
2025-10-01 10:28:54 | ? Verificación PDF: image001.png -> NO es PDF
2025-10-01 10:28:54 | Adjunto: image002.jpg
2025-10-01 10:28:54 | ? Verificación PDF: image002.jpg -> NO es PDF
2025-10-01 10:28:54 | Adjunto: 0000968109_Caratula_GM6029.pdf
2025-10-01 10:28:54 | ? Verificación PDF: 0000968109_Caratula_GM6029.pdf -> EXTENSIÓN VÁLIDA
2025-10-01 10:28:54 | ? PDF ENCONTRADO: 0000968109_Caratula_GM6029.pdf
2025-10-01 10:28:54 | Guardando como: 20251001_102854_gmm2_RENOVACION_POLIZA_0000968109_G_0000968109_Caratula_GM6029.pdf
2025-10-01 10:28:54 | Ruta completa: C:\laragon\www\analizer_files\data\20251001_102854_gmm2_RENOVACION_POLIZA_0000968109_G_0000968109_Caratula_GM6029.pdf
2025-10-01 10:28:54 | ? PDF DESCARGADO EXITOSAMENTE: 20251001_102854_gmm2_RENOVACION_POLIZA_0000968109_G_0000968109_Caratula_GM6029.pdf
2025-10-01 10:28:54 | Adjunto: T_0000000000001_GONZALEZ BLANCO MA DE LOS ANGELES ISABEL.pdf
2025-10-01 10:28:54 | ? Verificación PDF: T_0000000000001_GONZALEZ BLANCO MA DE LOS ANGELES ISABEL.pdf -> EXTENSIÓN VÁLIDA
2025-10-01 10:28:54 | ? PDF ENCONTRADO: T_0000000000001_GONZALEZ BLANCO MA DE LOS ANGELES ISABEL.pdf
2025-10-01 10:28:54 | Guardando como: 20251001_102854_gmm2_RENOVACION_POLIZA_0000968109_G_T_0000000000001_GONZALEZ_BLANCO_MA_DE_LOS_ANGELES_ISABEL.pdf
2025-10-01 10:28:54 | Ruta completa: C:\laragon\www\analizer_files\data\20251001_102854_gmm2_RENOVACION_POLIZA_0000968109_G_T_0000000000001_GONZALEZ_BLANCO_MA_DE_LOS_ANGELES_ISABEL.pdf
2025-10-01 10:28:54 | ? PDF DESCARGADO EXITOSAMENTE: 20251001_102854_gmm2_RENOVACION_POLIZA_0000968109_G_T_0000000000001_GONZALEZ_BLANCO_MA_DE_LOS_ANGELES_ISABEL.pdf
2025-10-01 10:28:54 | Adjunto: 0000968109_Textos_Normales_GM6012.pdf
2025-10-01 10:28:54 | ? Verificación PDF: 0000968109_Textos_Normales_GM6012.pdf -> EXTENSIÓN VÁLIDA
2025-10-01 10:28:54 | ? PDF ENCONTRADO: 0000968109_Textos_Normales_GM6012.pdf
2025-10-01 10:28:54 | Guardando como: 20251001_102854_gmm2_RENOVACION_POLIZA_0000968109_G_0000968109_Textos_Normales_GM6012.pdf
2025-10-01 10:28:54 | Ruta completa: C:\laragon\www\analizer_files\data\20251001_102854_gmm2_RENOVACION_POLIZA_0000968109_G_0000968109_Textos_Normales_GM6012.pdf
2025-10-01 10:28:54 | ? PDF DESCARGADO EXITOSAMENTE: 20251001_102854_gmm2_RENOVACION_POLIZA_0000968109_G_0000968109_Textos_Normales_GM6012.pdf
2025-10-01 10:28:54 | Adjunto: 0000968109_Textos_Normales_GM6012A.pdf
2025-10-01 10:28:54 | ? Verificación PDF: 0000968109_Textos_Normales_GM6012A.pdf -> EXTENSIÓN VÁLIDA
2025-10-01 10:28:54 | ? PDF ENCONTRADO: 0000968109_Textos_Normales_GM6012A.pdf
2025-10-01 10:28:54 | Guardando como: 20251001_102854_gmm2_RENOVACION_POLIZA_0000968109_G_0000968109_Textos_Normales_GM6012A.pdf
2025-10-01 10:28:54 | Ruta completa: C:\laragon\www\analizer_files\data\20251001_102854_gmm2_RENOVACION_POLIZA_0000968109_G_0000968109_Textos_Normales_GM6012A.pdf
2025-10-01 10:28:54 | ? PDF DESCARGADO EXITOSAMENTE: 20251001_102854_gmm2_RENOVACION_POLIZA_0000968109_G_0000968109_Textos_Normales_GM6012A.pdf
2025-10-01 10:28:54 | Adjunto: AVISO_GOBA560225AQ9_84851538_0000968109_.pdf
2025-10-01 10:28:54 | ? Verificación PDF: AVISO_GOBA560225AQ9_84851538_0000968109_.pdf -> EXTENSIÓN VÁLIDA
2025-10-01 10:28:54 | ? PDF ENCONTRADO: AVISO_GOBA560225AQ9_84851538_0000968109_.pdf
2025-10-01 10:28:54 | Guardando como: 20251001_102854_gmm2_RENOVACION_POLIZA_0000968109_G_AVISO_GOBA560225AQ9_84851538_0000968109.pdf
2025-10-01 10:28:54 | Ruta completa: C:\laragon\www\analizer_files\data\20251001_102854_gmm2_RENOVACION_POLIZA_0000968109_G_AVISO_GOBA560225AQ9_84851538_0000968109.pdf
2025-10-01 10:28:55 | ? PDF DESCARGADO EXITOSAMENTE: 20251001_102854_gmm2_RENOVACION_POLIZA_0000968109_G_AVISO_GOBA560225AQ9_84851538_0000968109.pdf
2025-10-01 10:28:55 | Adjunto: FACT_GOBA560225AQ9_84851538_0000968109_MA_DE_LOS_ANGELES_ISABEL_GONZALEZ_BLANCO.xml
2025-10-01 10:28:55 | ? Verificación PDF: FACT_GOBA560225AQ9_84851538_0000968109_MA_DE_LOS_ANGELES_ISABEL_GONZALEZ_BLANCO.xml -> NO es PDF
2025-10-01 10:28:55 | Adjunto: FACT_GOBA560225AQ9_84851538_0000968109_MA_DE_LOS_ANGELES_ISABEL_GONZALEZ_BLANCO.pdf
2025-10-01 10:28:55 | ? Verificación PDF: FACT_GOBA560225AQ9_84851538_0000968109_MA_DE_LOS_ANGELES_ISABEL_GONZALEZ_BLANCO.pdf -> EXTENSIÓN VÁLIDA
2025-10-01 10:28:55 | ? PDF ENCONTRADO: FACT_GOBA560225AQ9_84851538_0000968109_MA_DE_LOS_ANGELES_ISABEL_GONZALEZ_BLANCO.pdf
2025-10-01 10:28:55 | Guardando como: 20251001_102855_gmm2_RENOVACION_POLIZA_0000968109_G_FACT_GOBA560225AQ9_84851538_0000968109_MA_DE_LOS_ANGELES_ISABEL_GONZALEZ_BLANCO.pdf
2025-10-01 10:28:55 | Ruta completa: C:\laragon\www\analizer_files\data\20251001_102855_gmm2_RENOVACION_POLIZA_0000968109_G_FACT_GOBA560225AQ9_84851538_0000968109_MA_DE_LOS_ANGELES_ISABEL_GONZALEZ_BLANCO.pdf
2025-10-01 10:28:55 | ? PDF DESCARGADO EXITOSAMENTE: 20251001_102855_gmm2_RENOVACION_POLIZA_0000968109_G_FACT_GOBA560225AQ9_84851538_0000968109_MA_DE_LOS_ANGELES_ISABEL_GONZALEZ_BLANCO.pdf
2025-10-01 10:28:55 | Adjunto: Condiciones Generales MedicaLife Familiar  Abril 2025.pdf
2025-10-01 10:28:55 | ? Verificación PDF: Condiciones Generales MedicaLife Familiar  Abril 2025.pdf -> EXTENSIÓN VÁLIDA
2025-10-01 10:28:55 | ? PDF ENCONTRADO: Condiciones Generales MedicaLife Familiar  Abril 2025.pdf
2025-10-01 10:28:55 | Guardando como: 20251001_102855_gmm2_RENOVACION_POLIZA_0000968109_G_Condiciones_Generales_MedicaLife_Familiar__Abril_2025.pdf
2025-10-01 10:28:55 | Ruta completa: C:\laragon\www\analizer_files\data\20251001_102855_gmm2_RENOVACION_POLIZA_0000968109_G_Condiciones_Generales_MedicaLife_Familiar__Abril_2025.pdf
2025-10-01 10:28:56 | ? PDF DESCARGADO EXITOSAMENTE: 20251001_102855_gmm2_RENOVACION_POLIZA_0000968109_G_Condiciones_Generales_MedicaLife_Familiar__Abril_2025.pdf
2025-10-01 10:28:56 | Adjunto: Flyer prevencion de fraudes.pdf
2025-10-01 10:28:56 | ? Verificación PDF: Flyer prevencion de fraudes.pdf -> EXTENSIÓN VÁLIDA
2025-10-01 10:28:56 | ? PDF ENCONTRADO: Flyer prevencion de fraudes.pdf
2025-10-01 10:28:56 | Guardando como: 20251001_102856_gmm2_RENOVACION_POLIZA_0000968109_G_Flyer_prevencion_de_fraudes.pdf
2025-10-01 10:28:56 | Ruta completa: C:\laragon\www\analizer_files\data\20251001_102856_gmm2_RENOVACION_POLIZA_0000968109_G_Flyer_prevencion_de_fraudes.pdf
2025-10-01 10:28:57 | ? PDF DESCARGADO EXITOSAMENTE: 20251001_102856_gmm2_RENOVACION_POLIZA_0000968109_G_Flyer_prevencion_de_fraudes.pdf
2025-10-01 10:28:57 | RESUMEN: 8 PDFs encontrados, 8 descargados
2025-10-01 10:34:22 | ?? NUEVO CORREO DETECTADO - Iniciando procesamiento...
2025-10-01 10:34:22 | === PROCESANDO CORREO ENTRANTE ===
2025-10-01 10:34:22 | Asunto: 300064860 - 3	CONSTRUCTORA SAN TELMO	SEAT TARRACO FR DSG MOD. 2022
2025-10-01 10:34:22 | Remitente: Acevedo Couttolenc / Abraham Pelcastre
2025-10-01 10:34:22 | ?? Detectada cuenta EXCHANGE, extrayendo email real...
2025-10-01 10:34:22 | ? Email REAL obtenido de Exchange: autos2@ACEVEDOCOUTTOLENC.COM
2025-10-01 10:34:22 | Email remitente: autos2@acevedocouttolenc.com
2025-10-01 10:34:22 | Dominio detectado: acevedocouttolenc.com
2025-10-01 10:34:22 | ?? Comparando dominio: acevedocouttolenc.com vs acevedocouttolenc.com
2025-10-01 10:34:22 | ? DOMINIO COINCIDE
2025-10-01 10:34:22 | ? CORREO ACEPTADO - Dominio coincide
2025-10-01 10:34:22 | Buscando adjuntos. Total: 9
2025-10-01 10:34:22 | Adjunto: POLIZA 300064860 SEAT TARRACO FR DSG.pdf
2025-10-01 10:34:22 | ? Verificación PDF: POLIZA 300064860 SEAT TARRACO FR DSG.pdf -> EXTENSIÓN VÁLIDA
2025-10-01 10:34:22 | ? PDF ENCONTRADO: POLIZA 300064860 SEAT TARRACO FR DSG.pdf
2025-10-01 10:34:22 | Guardando como: 20251001_103422_autos2_300064860_-_3_CONSTRUCTORA_SAN_POLIZA_300064860_SEAT_TARRACO_FR_DSG.pdf
2025-10-01 10:34:22 | Ruta completa: C:\laragon\www\analizer_files\data\20251001_103422_autos2_300064860_-_3_CONSTRUCTORA_SAN_POLIZA_300064860_SEAT_TARRACO_FR_DSG.pdf
2025-10-01 10:34:22 | ? PDF DESCARGADO EXITOSAMENTE: 20251001_103422_autos2_300064860_-_3_CONSTRUCTORA_SAN_POLIZA_300064860_SEAT_TARRACO_FR_DSG.pdf
2025-10-01 10:34:22 | Adjunto: RECIBO 300064860 SEAT TARRACO FR DSG.pdf
2025-10-01 10:34:22 | ? Verificación PDF: RECIBO 300064860 SEAT TARRACO FR DSG.pdf -> EXTENSIÓN VÁLIDA
2025-10-01 10:34:22 | ? PDF ENCONTRADO: RECIBO 300064860 SEAT TARRACO FR DSG.pdf
2025-10-01 10:34:22 | Guardando como: 20251001_103422_autos2_300064860_-_3_CONSTRUCTORA_SAN_RECIBO_300064860_SEAT_TARRACO_FR_DSG.pdf
2025-10-01 10:34:22 | Ruta completa: C:\laragon\www\analizer_files\data\20251001_103422_autos2_300064860_-_3_CONSTRUCTORA_SAN_RECIBO_300064860_SEAT_TARRACO_FR_DSG.pdf
2025-10-01 10:34:22 | ? PDF DESCARGADO EXITOSAMENTE: 20251001_103422_autos2_300064860_-_3_CONSTRUCTORA_SAN_RECIBO_300064860_SEAT_TARRACO_FR_DSG.pdf
2025-10-01 10:34:22 | Adjunto: ANEXO Robo Parcial.pdf
2025-10-01 10:34:22 | ? Verificación PDF: ANEXO Robo Parcial.pdf -> EXTENSIÓN VÁLIDA
2025-10-01 10:34:22 | ? PDF ENCONTRADO: ANEXO Robo Parcial.pdf
2025-10-01 10:34:22 | Guardando como: 20251001_103422_autos2_300064860_-_3_CONSTRUCTORA_SAN_ANEXO_Robo_Parcial.pdf
2025-10-01 10:34:22 | Ruta completa: C:\laragon\www\analizer_files\data\20251001_103422_autos2_300064860_-_3_CONSTRUCTORA_SAN_ANEXO_Robo_Parcial.pdf
2025-10-01 10:34:22 | ? PDF DESCARGADO EXITOSAMENTE: 20251001_103422_autos2_300064860_-_3_CONSTRUCTORA_SAN_ANEXO_Robo_Parcial.pdf
2025-10-01 10:34:22 | Adjunto: CONDICIONES GENERALES SURA AUTOS.zip
2025-10-01 10:34:22 | ? Verificación PDF: CONDICIONES GENERALES SURA AUTOS.zip -> NO es PDF
2025-10-01 10:34:22 | Adjunto: REPORTE SINIESTRO SURA.jpeg
2025-10-01 10:34:22 | ? Verificación PDF: REPORTE SINIESTRO SURA.jpeg -> NO es PDF
2025-10-01 10:34:22 | Adjunto: image001.png
2025-10-01 10:34:22 | ? Verificación PDF: image001.png -> NO es PDF
2025-10-01 10:34:22 | Adjunto: image002.png
2025-10-01 10:34:22 | ? Verificación PDF: image002.png -> NO es PDF
2025-10-01 10:34:22 | Adjunto: image003.jpg
2025-10-01 10:34:22 | ? Verificación PDF: image003.jpg -> NO es PDF
2025-10-01 10:34:22 | Adjunto: image004.png
2025-10-01 10:34:22 | ? Verificación PDF: image004.png -> NO es PDF
2025-10-01 10:34:22 | RESUMEN: 3 PDFs encontrados, 3 descargados
2025-10-01 10:36:58 | ?? NUEVO CORREO DETECTADO - Iniciando procesamiento...
2025-10-01 10:36:58 | === PROCESANDO CORREO ENTRANTE ===
2025-10-01 10:36:58 | Asunto: RENOVACION / POLIZA 136811684 / CLAUDIA CASILLAS CASILLAS
2025-10-01 10:36:58 | Remitente: Acevedo Couttolenc / Vianney Espinosa
2025-10-01 10:36:58 | ?? Detectada cuenta EXCHANGE, extrayendo email real...
2025-10-01 10:36:58 | ? Email REAL obtenido de Exchange: gmm1@ACEVEDOCOUTTOLENC.COM
2025-10-01 10:36:58 | Email remitente: gmm1@acevedocouttolenc.com
2025-10-01 10:36:58 | Dominio detectado: acevedocouttolenc.com
2025-10-01 10:36:58 | ?? Comparando dominio: acevedocouttolenc.com vs acevedocouttolenc.com
2025-10-01 10:36:58 | ? DOMINIO COINCIDE
2025-10-01 10:36:58 | ? CORREO ACEPTADO - Dominio coincide
2025-10-01 10:36:58 | Buscando adjuntos. Total: 11
2025-10-01 10:36:58 | Adjunto: 136811684 CASILLAS CASILLAS CLAUDIA.pdf
2025-10-01 10:36:58 | ? Verificación PDF: 136811684 CASILLAS CASILLAS CLAUDIA.pdf -> EXTENSIÓN VÁLIDA
2025-10-01 10:36:58 | ? PDF ENCONTRADO: 136811684 CASILLAS CASILLAS CLAUDIA.pdf
2025-10-01 10:36:58 | Guardando como: 20251001_103658_gmm1_RENOVACION___POLIZA_136811684__136811684_CASILLAS_CASILLAS_CLAUDIA.pdf
2025-10-01 10:36:58 | Ruta completa: C:\laragon\www\analizer_files\data\20251001_103658_gmm1_RENOVACION___POLIZA_136811684__136811684_CASILLAS_CASILLAS_CLAUDIA.pdf
2025-10-01 10:36:58 | ? PDF DESCARGADO EXITOSAMENTE: 20251001_103658_gmm1_RENOVACION___POLIZA_136811684__136811684_CASILLAS_CASILLAS_CLAUDIA.pdf
2025-10-01 10:36:58 | Adjunto: 136811684 CASILLAS CASILLAS CLAUDIA - RECIBO.pdf
2025-10-01 10:36:58 | ? Verificación PDF: 136811684 CASILLAS CASILLAS CLAUDIA - RECIBO.pdf -> EXTENSIÓN VÁLIDA
2025-10-01 10:36:58 | ? PDF ENCONTRADO: 136811684 CASILLAS CASILLAS CLAUDIA - RECIBO.pdf
2025-10-01 10:36:58 | Guardando como: 20251001_103658_gmm1_RENOVACION___POLIZA_136811684__136811684_CASILLAS_CASILLAS_CLAUDIA_-_RECIBO.pdf
2025-10-01 10:36:58 | Ruta completa: C:\laragon\www\analizer_files\data\20251001_103658_gmm1_RENOVACION___POLIZA_136811684__136811684_CASILLAS_CASILLAS_CLAUDIA_-_RECIBO.pdf
2025-10-01 10:36:58 | ? PDF DESCARGADO EXITOSAMENTE: 20251001_103658_gmm1_RENOVACION___POLIZA_136811684__136811684_CASILLAS_CASILLAS_CLAUDIA_-_RECIBO.pdf
2025-10-01 10:36:58 | Adjunto: 136811684 CASILLAS CASILLAS CLAUDIA - FACTURA.pdf
2025-10-01 10:36:58 | ? Verificación PDF: 136811684 CASILLAS CASILLAS CLAUDIA - FACTURA.pdf -> EXTENSIÓN VÁLIDA
2025-10-01 10:36:58 | ? PDF ENCONTRADO: 136811684 CASILLAS CASILLAS CLAUDIA - FACTURA.pdf
2025-10-01 10:36:58 | Guardando como: 20251001_103658_gmm1_RENOVACION___POLIZA_136811684__136811684_CASILLAS_CASILLAS_CLAUDIA_-_FACTURA.pdf
2025-10-01 10:36:58 | Ruta completa: C:\laragon\www\analizer_files\data\20251001_103658_gmm1_RENOVACION___POLIZA_136811684__136811684_CASILLAS_CASILLAS_CLAUDIA_-_FACTURA.pdf
2025-10-01 10:36:58 | ? PDF DESCARGADO EXITOSAMENTE: 20251001_103658_gmm1_RENOVACION___POLIZA_136811684__136811684_CASILLAS_CASILLAS_CLAUDIA_-_FACTURA.pdf
2025-10-01 10:36:58 | Adjunto: image004.png
2025-10-01 10:36:58 | ? Verificación PDF: image004.png -> NO es PDF
2025-10-01 10:36:58 | Adjunto: image007.png
2025-10-01 10:36:58 | ? Verificación PDF: image007.png -> NO es PDF
2025-10-01 10:36:58 | Adjunto: 136811684 CASILLAS CASILLAS CLAUDIA - FACTURA.xml
2025-10-01 10:36:58 | ? Verificación PDF: 136811684 CASILLAS CASILLAS CLAUDIA - FACTURA.xml -> NO es PDF
2025-10-01 10:36:58 | Adjunto: PREMIUM-PLATINO-FLEXIBLES.zip
2025-10-01 10:36:58 | ? Verificación PDF: PREMIUM-PLATINO-FLEXIBLES.zip -> NO es PDF
2025-10-01 10:36:58 | Adjunto: image001.png
2025-10-01 10:36:58 | ? Verificación PDF: image001.png -> NO es PDF
2025-10-01 10:36:58 | Adjunto: image003.png
2025-10-01 10:36:58 | ? Verificación PDF: image003.png -> NO es PDF
2025-10-01 10:36:58 | Adjunto: image006.png
2025-10-01 10:36:58 | ? Verificación PDF: image006.png -> NO es PDF
2025-10-01 10:36:58 | Adjunto: image009.png
2025-10-01 10:36:58 | ? Verificación PDF: image009.png -> NO es PDF
2025-10-01 10:36:58 | RESUMEN: 3 PDFs encontrados, 3 descargados
2025-10-01 10:42:07 | ?? NUEVO CORREO DETECTADO - Iniciando procesamiento...
2025-10-01 10:42:07 | === PROCESANDO CORREO ENTRANTE ===
2025-10-01 10:42:07 | Asunto: 2-430-1000004306-10  -  TIENDA NATURISTA BI, S.A. DE C.V.  -  SEGURO EMPRESARIAL 
2025-10-01 10:42:07 | Remitente: Acevedo Couttolenc / Facundo Hernández
2025-10-01 10:42:07 | ?? Detectada cuenta EXCHANGE, extrayendo email real...
2025-10-01 10:42:07 | ? Email REAL obtenido de Exchange: danos2@ACEVEDOCOUTTOLENC.COM
2025-10-01 10:42:07 | Email remitente: danos2@acevedocouttolenc.com
2025-10-01 10:42:07 | Dominio detectado: acevedocouttolenc.com
2025-10-01 10:42:07 | ?? Comparando dominio: acevedocouttolenc.com vs acevedocouttolenc.com
2025-10-01 10:42:07 | ? DOMINIO COINCIDE
2025-10-01 10:42:07 | ? CORREO ACEPTADO - Dominio coincide
2025-10-01 10:42:07 | Buscando adjuntos. Total: 4
2025-10-01 10:42:07 | Adjunto: CARATULA Y CONDICIONES POLIZA _2_430_M_1000004306_0 TIENDA NATURISTA BI.pdf
2025-10-01 10:42:07 | ? Verificación PDF: CARATULA Y CONDICIONES POLIZA _2_430_M_1000004306_0 TIENDA NATURISTA BI.pdf -> EXTENSIÓN VÁLIDA
2025-10-01 10:42:07 | ? PDF ENCONTRADO: CARATULA Y CONDICIONES POLIZA _2_430_M_1000004306_0 TIENDA NATURISTA BI.pdf
2025-10-01 10:42:07 | Guardando como: 20251001_104207_danos2_2-430-1000004306-10__-__TIENDA_CARATULA_Y_CONDICIONES_POLIZA__2_430_M_1000004306_0_TIENDA_NATURISTA_BI.pdf
2025-10-01 10:42:07 | Ruta completa: C:\laragon\www\analizer_files\data\20251001_104207_danos2_2-430-1000004306-10__-__TIENDA_CARATULA_Y_CONDICIONES_POLIZA__2_430_M_1000004306_0_TIENDA_NATURISTA_BI.pdf
2025-10-01 10:42:07 | ? PDF DESCARGADO EXITOSAMENTE: 20251001_104207_danos2_2-430-1000004306-10__-__TIENDA_CARATULA_Y_CONDICIONES_POLIZA__2_430_M_1000004306_0_TIENDA_NATURISTA_BI.pdf
2025-10-01 10:42:07 | Adjunto: RECIBO DE PAGO POLIZA _2_430_M_1000004306_0 TIENDA NATURISTA BI.pdf
2025-10-01 10:42:07 | ? Verificación PDF: RECIBO DE PAGO POLIZA _2_430_M_1000004306_0 TIENDA NATURISTA BI.pdf -> EXTENSIÓN VÁLIDA
2025-10-01 10:42:07 | ? PDF ENCONTRADO: RECIBO DE PAGO POLIZA _2_430_M_1000004306_0 TIENDA NATURISTA BI.pdf
2025-10-01 10:42:07 | Guardando como: 20251001_104207_danos2_2-430-1000004306-10__-__TIENDA_RECIBO_DE_PAGO_POLIZA__2_430_M_1000004306_0_TIENDA_NATURISTA_BI.pdf
2025-10-01 10:42:07 | Ruta completa: C:\laragon\www\analizer_files\data\20251001_104207_danos2_2-430-1000004306-10__-__TIENDA_RECIBO_DE_PAGO_POLIZA__2_430_M_1000004306_0_TIENDA_NATURISTA_BI.pdf
2025-10-01 10:42:07 | ? PDF DESCARGADO EXITOSAMENTE: 20251001_104207_danos2_2-430-1000004306-10__-__TIENDA_RECIBO_DE_PAGO_POLIZA__2_430_M_1000004306_0_TIENDA_NATURISTA_BI.pdf
2025-10-01 10:42:08 | Adjunto: image001.png
2025-10-01 10:42:08 | ? Verificación PDF: image001.png -> NO es PDF
2025-10-01 10:42:08 | Adjunto: image002.png
2025-10-01 10:42:08 | ? Verificación PDF: image002.png -> NO es PDF
2025-10-01 10:42:08 | RESUMEN: 2 PDFs encontrados, 2 descargados
2025-10-01 10:42:08 | ?? NUEVO CORREO DETECTADO - Iniciando procesamiento...
2025-10-01 10:42:08 | === PROCESANDO CORREO ENTRANTE ===
2025-10-01 10:42:08 | Asunto: 2-501-200000962-2  -  TRACTORES Y EQUIPOS DE PUEBLA, S.A. DE C.V.  -  SEGURO DE RESPONSABILIDAD CIVIL (MONTACARGAS)
2025-10-01 10:42:08 | Remitente: Acevedo Couttolenc / Facundo Hernández
2025-10-01 10:42:08 | ?? Detectada cuenta EXCHANGE, extrayendo email real...
2025-10-01 10:42:08 | ? Email REAL obtenido de Exchange: danos2@ACEVEDOCOUTTOLENC.COM
2025-10-01 10:42:08 | Email remitente: danos2@acevedocouttolenc.com
2025-10-01 10:42:08 | Dominio detectado: acevedocouttolenc.com
2025-10-01 10:42:08 | ?? Comparando dominio: acevedocouttolenc.com vs acevedocouttolenc.com
2025-10-01 10:42:08 | ? DOMINIO COINCIDE
2025-10-01 10:42:08 | ? CORREO ACEPTADO - Dominio coincide
2025-10-01 10:42:08 | Buscando adjuntos. Total: 4
2025-10-01 10:42:08 | Adjunto: CARATULA Y CONDICIONES POLIZA 2_501_M_200000962_0 TRACTORES Y EQUIPOS RC.pdf
2025-10-01 10:42:08 | ? Verificación PDF: CARATULA Y CONDICIONES POLIZA 2_501_M_200000962_0 TRACTORES Y EQUIPOS RC.pdf -> EXTENSIÓN VÁLIDA
2025-10-01 10:42:08 | ? PDF ENCONTRADO: CARATULA Y CONDICIONES POLIZA 2_501_M_200000962_0 TRACTORES Y EQUIPOS RC.pdf
2025-10-01 10:42:08 | Guardando como: 20251001_104208_danos2_2-501-200000962-2__-__TRACTORE_CARATULA_Y_CONDICIONES_POLIZA_2_501_M_200000962_0_TRACTORES_Y_EQUIPOS_RC.pdf
2025-10-01 10:42:08 | Ruta completa: C:\laragon\www\analizer_files\data\20251001_104208_danos2_2-501-200000962-2__-__TRACTORE_CARATULA_Y_CONDICIONES_POLIZA_2_501_M_200000962_0_TRACTORES_Y_EQUIPOS_RC.pdf
2025-10-01 10:42:08 | ? PDF DESCARGADO EXITOSAMENTE: 20251001_104208_danos2_2-501-200000962-2__-__TRACTORE_CARATULA_Y_CONDICIONES_POLIZA_2_501_M_200000962_0_TRACTORES_Y_EQUIPOS_RC.pdf
2025-10-01 10:42:08 | Adjunto: DESGLOSE RECIBOS POLIZA 2-501-200000962 TRACTORES Y EQUIPOS DE PUEBLA RC.zip
2025-10-01 10:42:08 | ? Verificación PDF: DESGLOSE RECIBOS POLIZA 2-501-200000962 TRACTORES Y EQUIPOS DE PUEBLA RC.zip -> NO es PDF
2025-10-01 10:42:08 | Adjunto: image001.png
2025-10-01 10:42:08 | ? Verificación PDF: image001.png -> NO es PDF
2025-10-01 10:42:08 | Adjunto: image003.png
2025-10-01 10:42:08 | ? Verificación PDF: image003.png -> NO es PDF
2025-10-01 10:42:08 | RESUMEN: 1 PDFs encontrados, 1 descargados
2025-10-01 10:42:08 | ?? NUEVO CORREO DETECTADO - Iniciando procesamiento...
2025-10-01 10:42:08 | === PROCESANDO CORREO ENTRANTE ===
2025-10-01 10:42:08 | Asunto: 2-403-1000000139-10  -  TRACTORES Y EQUIPOS DE PUEBLA, S.A. DE C.V.   -  SEGURO EQUIPO DE CONTRATISTAS (MONTACARGAS)
2025-10-01 10:42:08 | Remitente: Acevedo Couttolenc / Facundo Hernández
2025-10-01 10:42:08 | ?? Detectada cuenta EXCHANGE, extrayendo email real...
2025-10-01 10:42:08 | ? Email REAL obtenido de Exchange: danos2@ACEVEDOCOUTTOLENC.COM
2025-10-01 10:42:08 | Email remitente: danos2@acevedocouttolenc.com
2025-10-01 10:42:08 | Dominio detectado: acevedocouttolenc.com
2025-10-01 10:42:08 | ?? Comparando dominio: acevedocouttolenc.com vs acevedocouttolenc.com
2025-10-01 10:42:08 | ? DOMINIO COINCIDE
2025-10-01 10:42:08 | ? CORREO ACEPTADO - Dominio coincide
2025-10-01 10:42:08 | Buscando adjuntos. Total: 5
2025-10-01 10:42:08 | Adjunto: CARATULA DE POLIZA 2_403_M_1000000139_0 TRACTORES Y EQUPOS DE PUEBLA EC.pdf
2025-10-01 10:42:08 | ? Verificación PDF: CARATULA DE POLIZA 2_403_M_1000000139_0 TRACTORES Y EQUPOS DE PUEBLA EC.pdf -> EXTENSIÓN VÁLIDA
2025-10-01 10:42:08 | ? PDF ENCONTRADO: CARATULA DE POLIZA 2_403_M_1000000139_0 TRACTORES Y EQUPOS DE PUEBLA EC.pdf
2025-10-01 10:42:08 | Guardando como: 20251001_104208_danos2_2-403-1000000139-10__-__TRACTO_CARATULA_DE_POLIZA_2_403_M_1000000139_0_TRACTORES_Y_EQUPOS_DE_PUEBLA_EC.pdf
2025-10-01 10:42:08 | Ruta completa: C:\laragon\www\analizer_files\data\20251001_104208_danos2_2-403-1000000139-10__-__TRACTO_CARATULA_DE_POLIZA_2_403_M_1000000139_0_TRACTORES_Y_EQUPOS_DE_PUEBLA_EC.pdf
2025-10-01 10:42:08 | ? PDF DESCARGADO EXITOSAMENTE: 20251001_104208_danos2_2-403-1000000139-10__-__TRACTO_CARATULA_DE_POLIZA_2_403_M_1000000139_0_TRACTORES_Y_EQUPOS_DE_PUEBLA_EC.pdf
2025-10-01 10:42:08 | Adjunto: ESPECIFICACIÓN POLIZA EC 2-403-1000000139 TRACTORES Y EQUIPOS DE PUEBLA.pdf
2025-10-01 10:42:08 | ? Verificación PDF: ESPECIFICACIÓN POLIZA EC 2-403-1000000139 TRACTORES Y EQUIPOS DE PUEBLA.pdf -> EXTENSIÓN VÁLIDA
2025-10-01 10:42:08 | ? PDF ENCONTRADO: ESPECIFICACIÓN POLIZA EC 2-403-1000000139 TRACTORES Y EQUIPOS DE PUEBLA.pdf
2025-10-01 10:42:08 | Guardando como: 20251001_104208_danos2_2-403-1000000139-10__-__TRACTO_ESPECIFICACI_N_POLIZA_EC_2-403-1000000139_TRACTORES_Y_EQUIPOS_DE_PUEBLA.pdf
2025-10-01 10:42:08 | Ruta completa: C:\laragon\www\analizer_files\data\20251001_104208_danos2_2-403-1000000139-10__-__TRACTO_ESPECIFICACI_N_POLIZA_EC_2-403-1000000139_TRACTORES_Y_EQUIPOS_DE_PUEBLA.pdf
2025-10-01 10:42:08 | ? PDF DESCARGADO EXITOSAMENTE: 20251001_104208_danos2_2-403-1000000139-10__-__TRACTO_ESPECIFICACI_N_POLIZA_EC_2-403-1000000139_TRACTORES_Y_EQUIPOS_DE_PUEBLA.pdf
2025-10-01 10:42:08 | Adjunto: image001.png
2025-10-01 10:42:08 | ? Verificación PDF: image001.png -> NO es PDF
2025-10-01 10:42:08 | Adjunto: image003.png
2025-10-01 10:42:08 | ? Verificación PDF: image003.png -> NO es PDF
2025-10-01 10:42:08 | Adjunto: RECIBOS DESGLOSADOS POLIZA 2-403-1000000139-10 TRACTORES Y EQUIPOS DE PUEBLA EC.zip
2025-10-01 10:42:08 | ? Verificación PDF: RECIBOS DESGLOSADOS POLIZA 2-403-1000000139-10 TRACTORES Y EQUIPOS DE PUEBLA EC.zip -> NO es PDF
2025-10-01 10:42:08 | RESUMEN: 2 PDFs encontrados, 2 descargados
2025-10-01 12:36:30 | ?? NUEVO CORREO DETECTADO - Iniciando procesamiento...
2025-10-01 12:36:30 | === PROCESANDO CORREO ENTRANTE ===
2025-10-01 12:36:30 | Asunto: 0630-07002179-06 / SOLUCIONES SEÑALETICAS / RENOVACIÓN  TRANSPORTE DE MERCANCIA 
2025-10-01 12:36:30 | Remitente: Acevedo Couttolenc / Evelyn Alvarez
2025-10-01 12:36:30 | ?? Detectada cuenta EXCHANGE, extrayendo email real...
2025-10-01 12:36:30 | ? Email REAL obtenido de Exchange: danos1@ACEVEDOCOUTTOLENC.COM
2025-10-01 12:36:30 | Email remitente: danos1@acevedocouttolenc.com
2025-10-01 12:36:30 | Dominio detectado: acevedocouttolenc.com
2025-10-01 12:36:30 | ?? Comparando dominio: acevedocouttolenc.com vs acevedocouttolenc.com
2025-10-01 12:36:30 | ? DOMINIO COINCIDE
2025-10-01 12:36:30 | ? CORREO ACEPTADO - Dominio coincide
2025-10-01 12:36:30 | Buscando adjuntos. Total: 6
2025-10-01 12:36:30 | Adjunto: CARATULA.pdf
2025-10-01 12:36:30 | ? Verificación PDF: CARATULA.pdf -> EXTENSIÓN VÁLIDA
2025-10-01 12:36:30 | ? PDF ENCONTRADO: CARATULA.pdf
2025-10-01 12:36:30 | Guardando como: 20251001_123630_danos1_0630-07002179-06___SOLUCIONES__CARATULA.pdf
2025-10-01 12:36:30 | Ruta completa: C:\laragon\www\analizer_files\data\20251001_123630_danos1_0630-07002179-06___SOLUCIONES__CARATULA.pdf
2025-10-01 12:36:31 | ? PDF DESCARGADO EXITOSAMENTE: 20251001_123630_danos1_0630-07002179-06___SOLUCIONES__CARATULA.pdf
2025-10-01 12:36:31 | Adjunto: ESPECIFICACIONES.pdf
2025-10-01 12:36:31 | ? Verificación PDF: ESPECIFICACIONES.pdf -> EXTENSIÓN VÁLIDA
2025-10-01 12:36:31 | ? PDF ENCONTRADO: ESPECIFICACIONES.pdf
2025-10-01 12:36:31 | Guardando como: 20251001_123631_danos1_0630-07002179-06___SOLUCIONES__ESPECIFICACIONES.pdf
2025-10-01 12:36:31 | Ruta completa: C:\laragon\www\analizer_files\data\20251001_123631_danos1_0630-07002179-06___SOLUCIONES__ESPECIFICACIONES.pdf
2025-10-01 12:36:31 | ? PDF DESCARGADO EXITOSAMENTE: 20251001_123631_danos1_0630-07002179-06___SOLUCIONES__ESPECIFICACIONES.pdf
2025-10-01 12:36:31 | Adjunto: image003.png
2025-10-01 12:36:31 | ? Verificación PDF: image003.png -> NO es PDF
2025-10-01 12:36:31 | Adjunto: RECIBO.pdf
2025-10-01 12:36:31 | ? Verificación PDF: RECIBO.pdf -> EXTENSIÓN VÁLIDA
2025-10-01 12:36:31 | ? PDF ENCONTRADO: RECIBO.pdf
2025-10-01 12:36:31 | Guardando como: 20251001_123631_danos1_0630-07002179-06___SOLUCIONES__RECIBO.pdf
2025-10-01 12:36:31 | Ruta completa: C:\laragon\www\analizer_files\data\20251001_123631_danos1_0630-07002179-06___SOLUCIONES__RECIBO.pdf
2025-10-01 12:36:31 | ? PDF DESCARGADO EXITOSAMENTE: 20251001_123631_danos1_0630-07002179-06___SOLUCIONES__RECIBO.pdf
2025-10-01 12:36:31 | Adjunto: SOLUCIONES SEÑALETICAS.zip
2025-10-01 12:36:31 | ? Verificación PDF: SOLUCIONES SEÑALETICAS.zip -> NO es PDF
2025-10-01 12:36:31 | Adjunto: image004.png
2025-10-01 12:36:31 | ? Verificación PDF: image004.png -> NO es PDF
2025-10-01 12:36:31 | RESUMEN: 3 PDFs encontrados, 3 descargados
2025-10-01 12:55:17 | ?? NUEVO CORREO DETECTADO - Iniciando procesamiento...
2025-10-01 12:55:17 | === PROCESANDO CORREO ENTRANTE ===
2025-10-01 12:55:17 | Asunto: RV: 83248 - 0	FLORENTINO RUGARCIA CISNEROS	EDGE LIMITED 3.5 L  285 HP MP3 MOD. 2013
2025-10-01 12:55:17 | Remitente: Acevedo Couttolenc / Abraham Pelcastre
2025-10-01 12:55:17 | ?? Detectada cuenta EXCHANGE, extrayendo email real...
2025-10-01 12:55:17 | ? Email REAL obtenido de Exchange: autos2@ACEVEDOCOUTTOLENC.COM
2025-10-01 12:55:17 | Email remitente: autos2@acevedocouttolenc.com
2025-10-01 12:55:17 | Dominio detectado: acevedocouttolenc.com
2025-10-01 12:55:17 | ?? Comparando dominio: acevedocouttolenc.com vs acevedocouttolenc.com
2025-10-01 12:55:17 | ? DOMINIO COINCIDE
2025-10-01 12:55:17 | ? CORREO ACEPTADO - Dominio coincide
2025-10-01 12:55:17 | Buscando adjuntos. Total: 1
2025-10-01 12:55:17 | Adjunto: 83248 - 0FLORENTINO RUGARCIA CISNEROSEDGE LIMITED 3.5 L 285 HP MP3 MOD. 2013.msg
2025-10-01 12:55:17 | ? Verificación PDF: 83248 - 0FLORENTINO RUGARCIA CISNEROSEDGE LIMITED 3.5 L 285 HP MP3 MOD. 2013.msg -> NO es PDF
2025-10-01 12:55:17 | RESUMEN: 0 PDFs encontrados, 0 descargados
2025-10-02 09:15:49 | ?? NUEVO CORREO DETECTADO - Iniciando procesamiento...
2025-10-02 09:15:49 | === PROCESANDO CORREO ENTRANTE ===
2025-10-02 09:15:49 | Asunto: RE: 0940428743	BYB TRANSPORTES DE CARGA EN GENERAL	TRACTO CAMION CONSTELLATION  26.480 6X4 MOD 2026  / USO PRUEBA DE RODAJE
2025-10-02 09:15:49 | Remitente: Acevedo Couttolenc / Ody Alvarez
2025-10-02 09:15:49 | ?? Detectada cuenta EXCHANGE, extrayendo email real...
2025-10-02 09:15:49 | ? Email REAL obtenido de Exchange: autos@ACEVEDOCOUTTOLENC.COM
2025-10-02 09:15:49 | Email remitente: autos@acevedocouttolenc.com
2025-10-02 09:15:49 | Dominio detectado: acevedocouttolenc.com
2025-10-02 09:15:49 | ?? Comparando dominio: acevedocouttolenc.com vs acevedocouttolenc.com
2025-10-02 09:15:49 | ? DOMINIO COINCIDE
2025-10-02 09:15:49 | ? CORREO ACEPTADO - Dominio coincide
2025-10-02 09:15:49 | Buscando adjuntos. Total: 8
2025-10-02 09:15:49 | Adjunto: image010.png
2025-10-02 09:15:49 | ? Verificación PDF: image010.png -> NO es PDF
2025-10-02 09:15:49 | Adjunto: image019.jpg
2025-10-02 09:15:49 | ? Verificación PDF: image019.jpg -> NO es PDF
2025-10-02 09:15:49 | Adjunto: image007.png
2025-10-02 09:15:49 | ? Verificación PDF: image007.png -> NO es PDF
2025-10-02 09:15:49 | Adjunto: image009.png
2025-10-02 09:15:49 | ? Verificación PDF: image009.png -> NO es PDF
2025-10-02 09:15:49 | Adjunto: image012.png
2025-10-02 09:15:49 | ? Verificación PDF: image012.png -> NO es PDF
2025-10-02 09:15:49 | Adjunto: image014.png
2025-10-02 09:15:49 | ? Verificación PDF: image014.png -> NO es PDF
2025-10-02 09:15:49 | Adjunto: image016.png
2025-10-02 09:15:49 | ? Verificación PDF: image016.png -> NO es PDF
2025-10-02 09:15:49 | Adjunto: image018.png
2025-10-02 09:15:49 | ? Verificación PDF: image018.png -> NO es PDF
2025-10-02 09:15:49 | RESUMEN: 0 PDFs encontrados, 0 descargados
2025-10-02 10:00:09 | ?? NUEVO CORREO DETECTADO - Iniciando procesamiento...
2025-10-02 10:00:09 | === PROCESANDO CORREO ENTRANTE ===
2025-10-02 10:00:09 | Asunto: SOLICITUD DE CAPTURA PÓLIZA VIDA NUEVA CONSTANZA DENISSE RIVERA ZEPEDA
2025-10-02 10:00:09 | Remitente: Acevedo Couttolenc / Edith Soto
2025-10-02 10:00:09 | ?? Detectada cuenta EXCHANGE, extrayendo email real...
2025-10-02 10:00:09 | ? Email REAL obtenido de Exchange: vida@ACEVEDOCOUTTOLENC.COM
2025-10-02 10:00:09 | Email remitente: vida@acevedocouttolenc.com
2025-10-02 10:00:09 | Dominio detectado: acevedocouttolenc.com
2025-10-02 10:00:09 | ?? Comparando dominio: acevedocouttolenc.com vs acevedocouttolenc.com
2025-10-02 10:00:09 | ? DOMINIO COINCIDE
2025-10-02 10:00:09 | ? CORREO ACEPTADO - Dominio coincide
2025-10-02 10:00:09 | Buscando adjuntos. Total: 4
2025-10-02 10:00:09 | Adjunto: image001.png
2025-10-02 10:00:09 | ? Verificación PDF: image001.png -> NO es PDF
2025-10-02 10:00:09 | Adjunto: image002.png
2025-10-02 10:00:09 | ? Verificación PDF: image002.png -> NO es PDF
2025-10-02 10:00:09 | Adjunto: 0008484331_Aviso_Pago_AVIPAGML.pdf
2025-10-02 10:00:09 | ? Verificación PDF: 0008484331_Aviso_Pago_AVIPAGML.pdf -> EXTENSIÓN VÁLIDA
2025-10-02 10:00:09 | ? PDF ENCONTRADO: 0008484331_Aviso_Pago_AVIPAGML.pdf
2025-10-02 10:00:09 | Guardando como: 20251002_100009_vida_SOLICITUD_DE_CAPTURA_P_LIZA_VI_0008484331_Aviso_Pago_AVIPAGML.pdf
2025-10-02 10:00:09 | Ruta completa: C:\laragon\www\analizer_files\data\20251002_100009_vida_SOLICITUD_DE_CAPTURA_P_LIZA_VI_0008484331_Aviso_Pago_AVIPAGML.pdf
2025-10-02 10:00:09 | ? PDF DESCARGADO EXITOSAMENTE: 20251002_100009_vida_SOLICITUD_DE_CAPTURA_P_LIZA_VI_0008484331_Aviso_Pago_AVIPAGML.pdf
2025-10-02 10:00:09 | Adjunto: 0008484331_Carta_Bienvenida_IVUPP02.pdf
2025-10-02 10:00:09 | ? Verificación PDF: 0008484331_Carta_Bienvenida_IVUPP02.pdf -> EXTENSIÓN VÁLIDA
2025-10-02 10:00:09 | ? PDF ENCONTRADO: 0008484331_Carta_Bienvenida_IVUPP02.pdf
2025-10-02 10:00:09 | Guardando como: 20251002_100009_vida_SOLICITUD_DE_CAPTURA_P_LIZA_VI_0008484331_Carta_Bienvenida_IVUPP02.pdf
2025-10-02 10:00:09 | Ruta completa: C:\laragon\www\analizer_files\data\20251002_100009_vida_SOLICITUD_DE_CAPTURA_P_LIZA_VI_0008484331_Carta_Bienvenida_IVUPP02.pdf
2025-10-02 10:00:09 | ? PDF DESCARGADO EXITOSAMENTE: 20251002_100009_vida_SOLICITUD_DE_CAPTURA_P_LIZA_VI_0008484331_Carta_Bienvenida_IVUPP02.pdf
2025-10-02 10:00:09 | RESUMEN: 2 PDFs encontrados, 2 descargados
2025-10-02 10:37:17 | ?? NUEVO CORREO DETECTADO - Iniciando procesamiento...
2025-10-02 10:37:17 | === PROCESANDO CORREO ENTRANTE ===
2025-10-02 10:37:17 | Asunto: pólizas_faltantes
2025-10-02 10:37:17 | Remitente: Acevedo Couttolenc / Ricardo Gaspariano Galán
2025-10-02 10:37:17 | ?? Detectada cuenta EXCHANGE, extrayendo email real...
2025-10-02 10:37:17 | ? Email REAL obtenido de Exchange: programador@ACEVEDOCOUTTOLENC.COM
2025-10-02 10:37:17 | Email remitente: programador@acevedocouttolenc.com
2025-10-02 10:37:17 | Dominio detectado: acevedocouttolenc.com
2025-10-02 10:37:17 | ?? Comparando dominio: acevedocouttolenc.com vs acevedocouttolenc.com
2025-10-02 10:37:17 | ? DOMINIO COINCIDE
2025-10-02 10:37:17 | ? CORREO ACEPTADO - Dominio coincide
2025-10-02 10:37:17 | Buscando adjuntos. Total: 2
2025-10-02 10:37:17 | Adjunto: image001.jpg
2025-10-02 10:37:17 | ? Verificación PDF: image001.jpg -> NO es PDF
2025-10-02 10:37:17 | Adjunto: polizas_faltantes.xlsx
2025-10-02 10:37:17 | ? Verificación PDF: polizas_faltantes.xlsx -> NO es PDF
2025-10-02 10:37:17 | RESUMEN: 0 PDFs encontrados, 0 descargados
2025-10-02 10:48:06 | ?? NUEVO CORREO DETECTADO - Iniciando procesamiento...
2025-10-02 10:48:06 | === PROCESANDO CORREO ENTRANTE ===
2025-10-02 10:48:06 | Asunto: 2-430-100007067-1  -  CULINARIA MUNDIAL, S.A. DE C.V.   -   SEGURO EMPRESARIAL 
2025-10-02 10:48:06 | Remitente: Acevedo Couttolenc / Facundo Hernández
2025-10-02 10:48:06 | ?? Detectada cuenta EXCHANGE, extrayendo email real...
2025-10-02 10:48:06 | ? Email REAL obtenido de Exchange: danos2@ACEVEDOCOUTTOLENC.COM
2025-10-02 10:48:06 | Email remitente: danos2@acevedocouttolenc.com
2025-10-02 10:48:06 | Dominio detectado: acevedocouttolenc.com
2025-10-02 10:48:06 | ?? Comparando dominio: acevedocouttolenc.com vs acevedocouttolenc.com
2025-10-02 10:48:06 | ? DOMINIO COINCIDE
2025-10-02 10:48:06 | ? CORREO ACEPTADO - Dominio coincide
2025-10-02 10:48:06 | Buscando adjuntos. Total: 5
2025-10-02 10:48:06 | Adjunto: CARATULA DE POLIZA 2-430-100007067-1 CULINARIA MUNDIAL.PDF
2025-10-02 10:48:06 | ? Verificación PDF: CARATULA DE POLIZA 2-430-100007067-1 CULINARIA MUNDIAL.PDF -> EXTENSIÓN VÁLIDA
2025-10-02 10:48:06 | ? PDF ENCONTRADO: CARATULA DE POLIZA 2-430-100007067-1 CULINARIA MUNDIAL.PDF
2025-10-02 10:48:06 | Guardando como: 20251002_104806_danos2_2-430-100007067-1__-__CULINARI_CARATULA_DE_POLIZA_2-430-100007067-1_CULINARIA_MUNDIAL.pdf
2025-10-02 10:48:06 | Ruta completa: C:\laragon\www\analizer_files\data\20251002_104806_danos2_2-430-100007067-1__-__CULINARI_CARATULA_DE_POLIZA_2-430-100007067-1_CULINARIA_MUNDIAL.pdf
2025-10-02 10:48:06 | ? PDF DESCARGADO EXITOSAMENTE: 20251002_104806_danos2_2-430-100007067-1__-__CULINARI_CARATULA_DE_POLIZA_2-430-100007067-1_CULINARIA_MUNDIAL.pdf
2025-10-02 10:48:06 | Adjunto: RECIBO DE PAGO POLIZA _2-430-100007067-1 CULINARIA MUNDIAL.pdf
2025-10-02 10:48:06 | ? Verificación PDF: RECIBO DE PAGO POLIZA _2-430-100007067-1 CULINARIA MUNDIAL.pdf -> EXTENSIÓN VÁLIDA
2025-10-02 10:48:06 | ? PDF ENCONTRADO: RECIBO DE PAGO POLIZA _2-430-100007067-1 CULINARIA MUNDIAL.pdf
2025-10-02 10:48:06 | Guardando como: 20251002_104806_danos2_2-430-100007067-1__-__CULINARI_RECIBO_DE_PAGO_POLIZA__2-430-100007067-1_CULINARIA_MUNDIAL.pdf
2025-10-02 10:48:06 | Ruta completa: C:\laragon\www\analizer_files\data\20251002_104806_danos2_2-430-100007067-1__-__CULINARI_RECIBO_DE_PAGO_POLIZA__2-430-100007067-1_CULINARIA_MUNDIAL.pdf
2025-10-02 10:48:06 | ? PDF DESCARGADO EXITOSAMENTE: 20251002_104806_danos2_2-430-100007067-1__-__CULINARI_RECIBO_DE_PAGO_POLIZA__2-430-100007067-1_CULINARIA_MUNDIAL.pdf
2025-10-02 10:48:06 | Adjunto: CONDICIONES DE L APOLIZA 2-430-10007067 CULINARIA MUNDIAL.pdf
2025-10-02 10:48:06 | ? Verificación PDF: CONDICIONES DE L APOLIZA 2-430-10007067 CULINARIA MUNDIAL.pdf -> EXTENSIÓN VÁLIDA
2025-10-02 10:48:06 | ? PDF ENCONTRADO: CONDICIONES DE L APOLIZA 2-430-10007067 CULINARIA MUNDIAL.pdf
2025-10-02 10:48:06 | Guardando como: 20251002_104806_danos2_2-430-100007067-1__-__CULINARI_CONDICIONES_DE_L_APOLIZA_2-430-10007067_CULINARIA_MUNDIAL.pdf
2025-10-02 10:48:06 | Ruta completa: C:\laragon\www\analizer_files\data\20251002_104806_danos2_2-430-100007067-1__-__CULINARI_CONDICIONES_DE_L_APOLIZA_2-430-10007067_CULINARIA_MUNDIAL.pdf
2025-10-02 10:48:06 | ? PDF DESCARGADO EXITOSAMENTE: 20251002_104806_danos2_2-430-100007067-1__-__CULINARI_CONDICIONES_DE_L_APOLIZA_2-430-10007067_CULINARIA_MUNDIAL.pdf
2025-10-02 10:48:06 | Adjunto: image001.png
2025-10-02 10:48:06 | ? Verificación PDF: image001.png -> NO es PDF
2025-10-02 10:48:06 | Adjunto: image002.png
2025-10-02 10:48:06 | ? Verificación PDF: image002.png -> NO es PDF
2025-10-02 10:48:06 | RESUMEN: 3 PDFs encontrados, 3 descargados
2025-10-02 10:48:06 | ?? NUEVO CORREO DETECTADO - Iniciando procesamiento...
2025-10-02 10:48:06 | === PROCESANDO CORREO ENTRANTE ===
2025-10-02 10:48:06 | Asunto: RE: 005397005	BASACORP	NISSAN X-TRAIL EXCLUSIVE 2 ROW MOD. 2018
2025-10-02 10:48:06 | Remitente: vjimenez@balcazararquitectos.com
2025-10-02 10:48:06 | ? Email obtenido por SenderEmailAddress: vjimenez@balcazararquitectos.com
2025-10-02 10:48:06 | Email remitente: vjimenez@balcazararquitectos.com
2025-10-02 10:48:06 | Dominio detectado: balcazararquitectos.com
2025-10-02 10:48:06 | ?? Comparando dominio: balcazararquitectos.com vs acevedocouttolenc.com
2025-10-02 10:48:06 | ? DOMINIO NO COINCIDE
2025-10-02 10:48:06 | ? CORREO RECHAZADO - Dominio NO coincide. Esperado: acevedocouttolenc.com
2025-10-02 11:01:57 | ?? NUEVO CORREO DETECTADO - Iniciando procesamiento...
2025-10-02 11:01:57 | ? ERROR procesando correo: No coinciden los tipos
2025-10-02 11:01:57 | ?? NUEVO CORREO DETECTADO - Iniciando procesamiento...
2025-10-02 11:01:57 | ? ERROR procesando correo: No coinciden los tipos
2025-10-02 11:11:50 | ?? NUEVO CORREO DETECTADO - Iniciando procesamiento...
2025-10-02 11:11:50 | === PROCESANDO CORREO ENTRANTE ===
2025-10-02 11:11:50 | Asunto: RV: 06-013-07000329-00001-07 / AGRUPACION LEONESA DE PUEBLA A.C. / ENDOSO EMPRESARIAL
2025-10-02 11:11:50 | Remitente: Acevedo Couttolenc / Saúl Sánchez
2025-10-02 11:11:50 | ?? Detectada cuenta EXCHANGE, extrayendo email real...
2025-10-02 11:11:50 | ? Email REAL obtenido de Exchange: danos@ACEVEDOCOUTTOLENC.COM
2025-10-02 11:11:50 | Email remitente: danos@acevedocouttolenc.com
2025-10-02 11:11:50 | Dominio detectado: acevedocouttolenc.com
2025-10-02 11:11:50 | ?? Comparando dominio: acevedocouttolenc.com vs acevedocouttolenc.com
2025-10-02 11:11:50 | ? DOMINIO COINCIDE
2025-10-02 11:11:50 | ? CORREO ACEPTADO - Dominio coincide
2025-10-02 11:11:50 | Buscando adjuntos. Total: 6
2025-10-02 11:11:50 | Adjunto: DE - Especificacion_006-013-07000329-00001-07.pdf
2025-10-02 11:11:50 | ? Verificación PDF: DE - Especificacion_006-013-07000329-00001-07.pdf -> EXTENSIÓN VÁLIDA
2025-10-02 11:11:50 | ? PDF ENCONTRADO: DE - Especificacion_006-013-07000329-00001-07.pdf
2025-10-02 11:11:50 | Guardando como: 20251002_111150_danos_RV__06-013-07000329-00001-07___DE_-_Especificacion_006-013-07000329-00001-07.pdf
2025-10-02 11:11:50 | Ruta completa: C:\laragon\www\analizer_files\data\20251002_111150_danos_RV__06-013-07000329-00001-07___DE_-_Especificacion_006-013-07000329-00001-07.pdf
2025-10-02 11:11:51 | ? PDF DESCARGADO EXITOSAMENTE: 20251002_111150_danos_RV__06-013-07000329-00001-07___DE_-_Especificacion_006-013-07000329-00001-07.pdf
2025-10-02 11:11:51 | Adjunto: DE - Recibo de Primas_006-013-07000329-00001-07.pdf
2025-10-02 11:11:51 | ? Verificación PDF: DE - Recibo de Primas_006-013-07000329-00001-07.pdf -> EXTENSIÓN VÁLIDA
2025-10-02 11:11:51 | ? PDF ENCONTRADO: DE - Recibo de Primas_006-013-07000329-00001-07.pdf
2025-10-02 11:11:51 | Guardando como: 20251002_111151_danos_RV__06-013-07000329-00001-07___DE_-_Recibo_de_Primas_006-013-07000329-00001-07.pdf
2025-10-02 11:11:51 | Ruta completa: C:\laragon\www\analizer_files\data\20251002_111151_danos_RV__06-013-07000329-00001-07___DE_-_Recibo_de_Primas_006-013-07000329-00001-07.pdf
2025-10-02 11:11:51 | ? PDF DESCARGADO EXITOSAMENTE: 20251002_111151_danos_RV__06-013-07000329-00001-07___DE_-_Recibo_de_Primas_006-013-07000329-00001-07.pdf
2025-10-02 11:11:51 | Adjunto: DE - Caratula de la Poliza_006-013-07000329-00001-07.pdf
2025-10-02 11:11:51 | ? Verificación PDF: DE - Caratula de la Poliza_006-013-07000329-00001-07.pdf -> EXTENSIÓN VÁLIDA
2025-10-02 11:11:51 | ? PDF ENCONTRADO: DE - Caratula de la Poliza_006-013-07000329-00001-07.pdf
2025-10-02 11:11:51 | Guardando como: 20251002_111151_danos_RV__06-013-07000329-00001-07___DE_-_Caratula_de_la_Poliza_006-013-07000329-00001-07.pdf
2025-10-02 11:11:51 | Ruta completa: C:\laragon\www\analizer_files\data\20251002_111151_danos_RV__06-013-07000329-00001-07___DE_-_Caratula_de_la_Poliza_006-013-07000329-00001-07.pdf
2025-10-02 11:11:51 | ? PDF DESCARGADO EXITOSAMENTE: 20251002_111151_danos_RV__06-013-07000329-00001-07___DE_-_Caratula_de_la_Poliza_006-013-07000329-00001-07.pdf
2025-10-02 11:11:51 | Adjunto: 006-013-07000329-00001-07.zip
2025-10-02 11:11:51 | ? Verificación PDF: 006-013-07000329-00001-07.zip -> NO es PDF
2025-10-02 11:11:51 | Adjunto: image001.png
2025-10-02 11:11:51 | ? Verificación PDF: image001.png -> NO es PDF
2025-10-02 11:11:51 | Adjunto: image002.png
2025-10-02 11:11:51 | ? Verificación PDF: image002.png -> NO es PDF
2025-10-02 11:11:51 | RESUMEN: 3 PDFs encontrados, 3 descargados
2025-10-02 11:11:51 | ?? NUEVO CORREO DETECTADO - Iniciando procesamiento...
2025-10-02 11:11:51 | === PROCESANDO CORREO ENTRANTE ===
2025-10-02 11:11:51 | Asunto: 112067920  - GRUPO AGSO, S.A. DE C.V.  -  SEGURO EMPRESARIAL (CORRECCION DE CARATULA DE POLIZA)
2025-10-02 11:11:51 | Remitente: Acevedo Couttolenc / Facundo Hernández
2025-10-02 11:11:51 | ?? Detectada cuenta EXCHANGE, extrayendo email real...
2025-10-02 11:11:51 | ? Email REAL obtenido de Exchange: danos2@ACEVEDOCOUTTOLENC.COM
2025-10-02 11:11:51 | Email remitente: danos2@acevedocouttolenc.com
2025-10-02 11:11:51 | Dominio detectado: acevedocouttolenc.com
2025-10-02 11:11:51 | ?? Comparando dominio: acevedocouttolenc.com vs acevedocouttolenc.com
2025-10-02 11:11:51 | ? DOMINIO COINCIDE
2025-10-02 11:11:51 | ? CORREO ACEPTADO - Dominio coincide
2025-10-02 11:11:51 | Buscando adjuntos. Total: 4
2025-10-02 11:11:51 | Adjunto: RECIBO DE PAGO POLIZA _112067920  GRUPO AGSO.Pdf
2025-10-02 11:11:51 | ? Verificación PDF: RECIBO DE PAGO POLIZA _112067920  GRUPO AGSO.Pdf -> EXTENSIÓN VÁLIDA
2025-10-02 11:11:51 | ? PDF ENCONTRADO: RECIBO DE PAGO POLIZA _112067920  GRUPO AGSO.Pdf
2025-10-02 11:11:51 | Guardando como: 20251002_111151_danos2_112067920__-_GRUPO_AGSO__S.A.__RECIBO_DE_PAGO_POLIZA__112067920__GRUPO_AGSO.pdf
2025-10-02 11:11:51 | Ruta completa: C:\laragon\www\analizer_files\data\20251002_111151_danos2_112067920__-_GRUPO_AGSO__S.A.__RECIBO_DE_PAGO_POLIZA__112067920__GRUPO_AGSO.pdf
2025-10-02 11:11:52 | ? PDF DESCARGADO EXITOSAMENTE: 20251002_111151_danos2_112067920__-_GRUPO_AGSO__S.A.__RECIBO_DE_PAGO_POLIZA__112067920__GRUPO_AGSO.pdf
2025-10-02 11:11:52 | Adjunto: CARATULA Y CONDICIONES DE POLIZA 112067920 (CORRECTA) GRUPO AGSO.Pdf
2025-10-02 11:11:52 | ? Verificación PDF: CARATULA Y CONDICIONES DE POLIZA 112067920 (CORRECTA) GRUPO AGSO.Pdf -> EXTENSIÓN VÁLIDA
2025-10-02 11:11:52 | ? PDF ENCONTRADO: CARATULA Y CONDICIONES DE POLIZA 112067920 (CORRECTA) GRUPO AGSO.Pdf
2025-10-02 11:11:52 | Guardando como: 20251002_111152_danos2_112067920__-_GRUPO_AGSO__S.A.__CARATULA_Y_CONDICIONES_DE_POLIZA_112067920__CORRECTA__GRUPO_AGSO.pdf
2025-10-02 11:11:52 | Ruta completa: C:\laragon\www\analizer_files\data\20251002_111152_danos2_112067920__-_GRUPO_AGSO__S.A.__CARATULA_Y_CONDICIONES_DE_POLIZA_112067920__CORRECTA__GRUPO_AGSO.pdf
2025-10-02 11:11:52 | ? PDF DESCARGADO EXITOSAMENTE: 20251002_111152_danos2_112067920__-_GRUPO_AGSO__S.A.__CARATULA_Y_CONDICIONES_DE_POLIZA_112067920__CORRECTA__GRUPO_AGSO.pdf
2025-10-02 11:11:52 | Adjunto: image001.png
2025-10-02 11:11:52 | ? Verificación PDF: image001.png -> NO es PDF
2025-10-02 11:11:52 | Adjunto: image003.png
2025-10-02 11:11:52 | ? Verificación PDF: image003.png -> NO es PDF
2025-10-02 11:11:52 | RESUMEN: 2 PDFs encontrados, 2 descargados
2025-10-02 11:17:10 | ?? NUEVO CORREO DETECTADO - Iniciando procesamiento...
2025-10-02 11:17:10 | === PROCESANDO CORREO ENTRANTE ===
2025-10-02 11:17:10 | Asunto: 112067553 / MARISOL MARTINEZ DE CASTRO DE LA MORA  /  EMISIÓN HOGAR
2025-10-02 11:17:10 | Remitente: Acevedo Couttolenc / Evelyn Alvarez
2025-10-02 11:17:10 | ?? Detectada cuenta EXCHANGE, extrayendo email real...
2025-10-02 11:17:10 | ? Email REAL obtenido de Exchange: danos1@ACEVEDOCOUTTOLENC.COM
2025-10-02 11:17:10 | Email remitente: danos1@acevedocouttolenc.com
2025-10-02 11:17:10 | Dominio detectado: acevedocouttolenc.com
2025-10-02 11:17:10 | ?? Comparando dominio: acevedocouttolenc.com vs acevedocouttolenc.com
2025-10-02 11:17:10 | ? DOMINIO COINCIDE
2025-10-02 11:17:10 | ? CORREO ACEPTADO - Dominio coincide
2025-10-02 11:17:10 | Buscando adjuntos. Total: 5
2025-10-02 11:17:10 | Adjunto: image003.png
2025-10-02 11:17:10 | ? Verificación PDF: image003.png -> NO es PDF
2025-10-02 11:17:10 | Adjunto: PÓLIZA.pdf
2025-10-02 11:17:10 | ? Verificación PDF: PÓLIZA.pdf -> EXTENSIÓN VÁLIDA
2025-10-02 11:17:10 | ? PDF ENCONTRADO: PÓLIZA.pdf
2025-10-02 11:17:10 | Guardando como: 20251002_111710_danos1_112067553___MARISOL_MARTINEZ_D_P_LIZA.pdf
2025-10-02 11:17:10 | Ruta completa: C:\laragon\www\analizer_files\data\20251002_111710_danos1_112067553___MARISOL_MARTINEZ_D_P_LIZA.pdf
2025-10-02 11:17:10 | ? PDF DESCARGADO EXITOSAMENTE: 20251002_111710_danos1_112067553___MARISOL_MARTINEZ_D_P_LIZA.pdf
2025-10-02 11:17:10 | Adjunto: RECIBO.pdf
2025-10-02 11:17:10 | ? Verificación PDF: RECIBO.pdf -> EXTENSIÓN VÁLIDA
2025-10-02 11:17:10 | ? PDF ENCONTRADO: RECIBO.pdf
2025-10-02 11:17:10 | Guardando como: 20251002_111710_danos1_112067553___MARISOL_MARTINEZ_D_RECIBO.pdf
2025-10-02 11:17:10 | Ruta completa: C:\laragon\www\analizer_files\data\20251002_111710_danos1_112067553___MARISOL_MARTINEZ_D_RECIBO.pdf
2025-10-02 11:17:10 | ? PDF DESCARGADO EXITOSAMENTE: 20251002_111710_danos1_112067553___MARISOL_MARTINEZ_D_RECIBO.pdf
2025-10-02 11:17:10 | Adjunto: MARTINEZ DE CASTRO DE LA MORA MARISOL.zip
2025-10-02 11:17:10 | ? Verificación PDF: MARTINEZ DE CASTRO DE LA MORA MARISOL.zip -> NO es PDF
2025-10-02 11:17:10 | Adjunto: image002.png
2025-10-02 11:17:10 | ? Verificación PDF: image002.png -> NO es PDF
2025-10-02 11:17:10 | RESUMEN: 2 PDFs encontrados, 2 descargados
2025-10-02 11:22:13 | ?? NUEVO CORREO DETECTADO - Iniciando procesamiento...
2025-10-02 11:22:13 | === PROCESANDO CORREO ENTRANTE ===
2025-10-02 11:22:13 | Asunto: 83252 // PEREZ CANTILLO FERNANDO JOSE // MB GLC 300 4MATIC MOD 2020
2025-10-02 11:22:13 | Remitente: Acevedo Couttolenc / Diana Carrillo
2025-10-02 11:22:13 | ?? Detectada cuenta EXCHANGE, extrayendo email real...
2025-10-02 11:22:13 | ? Email REAL obtenido de Exchange: autos1@ACEVEDOCOUTTOLENC.COM
2025-10-02 11:22:13 | Email remitente: autos1@acevedocouttolenc.com
2025-10-02 11:22:13 | Dominio detectado: acevedocouttolenc.com
2025-10-02 11:22:13 | ?? Comparando dominio: acevedocouttolenc.com vs acevedocouttolenc.com
2025-10-02 11:22:13 | ? DOMINIO COINCIDE
2025-10-02 11:22:13 | ? CORREO ACEPTADO - Dominio coincide
2025-10-02 11:22:13 | Buscando adjuntos. Total: 7
2025-10-02 11:22:13 | Adjunto: image003.png
2025-10-02 11:22:13 | ? Verificación PDF: image003.png -> NO es PDF
2025-10-02 11:22:13 | Adjunto: REPORTE SURA.pdf
2025-10-02 11:22:13 | ? Verificación PDF: REPORTE SURA.pdf -> EXTENSIÓN VÁLIDA
2025-10-02 11:22:13 | ? PDF ENCONTRADO: REPORTE SURA.pdf
2025-10-02 11:22:13 | Guardando como: 20251002_112213_autos1_83252___PEREZ_CANTILLO_FERNAND_REPORTE_SURA.pdf
2025-10-02 11:22:13 | Ruta completa: C:\laragon\www\analizer_files\data\20251002_112213_autos1_83252___PEREZ_CANTILLO_FERNAND_REPORTE_SURA.pdf
2025-10-02 11:22:13 | ? PDF DESCARGADO EXITOSAMENTE: 20251002_112213_autos1_83252___PEREZ_CANTILLO_FERNAND_REPORTE_SURA.pdf
2025-10-02 11:22:13 | Adjunto: 83252 (2).pdf
2025-10-02 11:22:13 | ? Verificación PDF: 83252 (2).pdf -> EXTENSIÓN VÁLIDA
2025-10-02 11:22:13 | ? PDF ENCONTRADO: 83252 (2).pdf
2025-10-02 11:22:13 | Guardando como: 20251002_112213_autos1_83252___PEREZ_CANTILLO_FERNAND_83252__2.pdf
2025-10-02 11:22:13 | Ruta completa: C:\laragon\www\analizer_files\data\20251002_112213_autos1_83252___PEREZ_CANTILLO_FERNAND_83252__2.pdf
2025-10-02 11:22:13 | ? PDF DESCARGADO EXITOSAMENTE: 20251002_112213_autos1_83252___PEREZ_CANTILLO_FERNAND_83252__2.pdf
2025-10-02 11:22:13 | Adjunto: 83252 (1).pdf
2025-10-02 11:22:13 | ? Verificación PDF: 83252 (1).pdf -> EXTENSIÓN VÁLIDA
2025-10-02 11:22:13 | ? PDF ENCONTRADO: 83252 (1).pdf
2025-10-02 11:22:13 | Guardando como: 20251002_112213_autos1_83252___PEREZ_CANTILLO_FERNAND_83252__1.pdf
2025-10-02 11:22:13 | Ruta completa: C:\laragon\www\analizer_files\data\20251002_112213_autos1_83252___PEREZ_CANTILLO_FERNAND_83252__1.pdf
2025-10-02 11:22:13 | ? PDF DESCARGADO EXITOSAMENTE: 20251002_112213_autos1_83252___PEREZ_CANTILLO_FERNAND_83252__1.pdf
2025-10-02 11:22:13 | Adjunto: ENDOSO ROBO PARCIAL SURA.pdf
2025-10-02 11:22:13 | ? Verificación PDF: ENDOSO ROBO PARCIAL SURA.pdf -> EXTENSIÓN VÁLIDA
2025-10-02 11:22:13 | ? PDF ENCONTRADO: ENDOSO ROBO PARCIAL SURA.pdf
2025-10-02 11:22:13 | Guardando como: 20251002_112213_autos1_83252___PEREZ_CANTILLO_FERNAND_ENDOSO_ROBO_PARCIAL_SURA.pdf
2025-10-02 11:22:13 | Ruta completa: C:\laragon\www\analizer_files\data\20251002_112213_autos1_83252___PEREZ_CANTILLO_FERNAND_ENDOSO_ROBO_PARCIAL_SURA.pdf
2025-10-02 11:22:13 | ? PDF DESCARGADO EXITOSAMENTE: 20251002_112213_autos1_83252___PEREZ_CANTILLO_FERNAND_ENDOSO_ROBO_PARCIAL_SURA.pdf
2025-10-02 11:22:13 | Adjunto: COND GENERALES AUTO.zip
2025-10-02 11:22:13 | ? Verificación PDF: COND GENERALES AUTO.zip -> NO es PDF
2025-10-02 11:22:13 | Adjunto: image002.png
2025-10-02 11:22:13 | ? Verificación PDF: image002.png -> NO es PDF
2025-10-02 11:22:13 | RESUMEN: 4 PDFs encontrados, 4 descargados
2025-10-02 11:27:04 | ?? NUEVO CORREO DETECTADO - Iniciando procesamiento...
2025-10-02 11:27:04 | === PROCESANDO CORREO ENTRANTE ===
2025-10-02 11:27:04 | Asunto: ENDOSO DEV POLIZA ANTERIOR 627333388 RUBIO CONSUEGRA GERARDO JOSE
2025-10-02 11:27:04 | Remitente: Acevedo Couttolenc / Adriana Benitez Garcia
2025-10-02 11:27:04 | ?? Detectada cuenta EXCHANGE, extrayendo email real...
2025-10-02 11:27:04 | ? Email REAL obtenido de Exchange: gmm2@ACEVEDOCOUTTOLENC.COM
2025-10-02 11:27:04 | Email remitente: gmm2@acevedocouttolenc.com
2025-10-02 11:27:04 | Dominio detectado: acevedocouttolenc.com
2025-10-02 11:27:04 | ?? Comparando dominio: acevedocouttolenc.com vs acevedocouttolenc.com
2025-10-02 11:27:04 | ? DOMINIO COINCIDE
2025-10-02 11:27:04 | ? CORREO ACEPTADO - Dominio coincide
2025-10-02 11:27:04 | Buscando adjuntos. Total: 10
2025-10-02 11:27:04 | Adjunto: image002.png
2025-10-02 11:27:04 | ? Verificación PDF: image002.png -> NO es PDF
2025-10-02 11:27:04 | Adjunto: image003.png
2025-10-02 11:27:04 | ? Verificación PDF: image003.png -> NO es PDF
2025-10-02 11:27:04 | Adjunto: image004.jpg
2025-10-02 11:27:04 | ? Verificación PDF: image004.jpg -> NO es PDF
2025-10-02 11:27:04 | Adjunto: image005.png
2025-10-02 11:27:04 | ? Verificación PDF: image005.png -> NO es PDF
2025-10-02 11:27:04 | Adjunto: image006.png
2025-10-02 11:27:04 | ? Verificación PDF: image006.png -> NO es PDF
2025-10-02 11:27:04 | Adjunto: image007.png
2025-10-02 11:27:04 | ? Verificación PDF: image007.png -> NO es PDF
2025-10-02 11:27:04 | Adjunto: image008.png
2025-10-02 11:27:04 | ? Verificación PDF: image008.png -> NO es PDF
2025-10-02 11:27:04 | Adjunto: image009.png
2025-10-02 11:27:04 | ? Verificación PDF: image009.png -> NO es PDF
2025-10-02 11:27:04 | Adjunto: Re FOLIO QR 5895 PUEBLA.msg
2025-10-02 11:27:04 | ? Verificación PDF: Re FOLIO QR 5895 PUEBLA.msg -> NO es PDF
2025-10-02 11:27:04 | Adjunto: 627333388 RUBIO CONSUEGRA GERARDO JOSE - RECIBO DEV.pdf
2025-10-02 11:27:04 | ? Verificación PDF: 627333388 RUBIO CONSUEGRA GERARDO JOSE - RECIBO DEV.pdf -> EXTENSIÓN VÁLIDA
2025-10-02 11:27:04 | ? PDF ENCONTRADO: 627333388 RUBIO CONSUEGRA GERARDO JOSE - RECIBO DEV.pdf
2025-10-02 11:27:04 | Guardando como: 20251002_112704_gmm2_ENDOSO_DEV_POLIZA_ANTERIOR_627_627333388_RUBIO_CONSUEGRA_GERARDO_JOSE_-_RECIBO_DEV.pdf
2025-10-02 11:27:04 | Ruta completa: C:\laragon\www\analizer_files\data\20251002_112704_gmm2_ENDOSO_DEV_POLIZA_ANTERIOR_627_627333388_RUBIO_CONSUEGRA_GERARDO_JOSE_-_RECIBO_DEV.pdf
2025-10-02 11:27:04 | ? PDF DESCARGADO EXITOSAMENTE: 20251002_112704_gmm2_ENDOSO_DEV_POLIZA_ANTERIOR_627_627333388_RUBIO_CONSUEGRA_GERARDO_JOSE_-_RECIBO_DEV.pdf
2025-10-02 11:27:04 | RESUMEN: 1 PDFs encontrados, 1 descargados
2025-10-02 11:45:33 | ?? NUEVO CORREO DETECTADO - Iniciando procesamiento...
2025-10-02 11:45:33 | === PROCESANDO CORREO ENTRANTE ===
2025-10-02 11:45:33 | Asunto: 112070407  -  TURISMO PIGMALION, S.A.  -  SEGURO EMPRESARIAL
2025-10-02 11:45:33 | Remitente: Acevedo Couttolenc / Facundo Hernández
2025-10-02 11:45:33 | ?? Detectada cuenta EXCHANGE, extrayendo email real...
2025-10-02 11:45:33 | ? Email REAL obtenido de Exchange: danos2@ACEVEDOCOUTTOLENC.COM
2025-10-02 11:45:33 | Email remitente: danos2@acevedocouttolenc.com
2025-10-02 11:45:33 | Dominio detectado: acevedocouttolenc.com
2025-10-02 11:45:33 | ?? Comparando dominio: acevedocouttolenc.com vs acevedocouttolenc.com
2025-10-02 11:45:33 | ? DOMINIO COINCIDE
2025-10-02 11:45:33 | ? CORREO ACEPTADO - Dominio coincide
2025-10-02 11:45:33 | Buscando adjuntos. Total: 4
2025-10-02 11:45:33 | Adjunto: CARATULA Y CONDICIONES DE POLIZA  112070407 TURISMO PIGMALION.Pdf
2025-10-02 11:45:33 | ? Verificación PDF: CARATULA Y CONDICIONES DE POLIZA  112070407 TURISMO PIGMALION.Pdf -> EXTENSIÓN VÁLIDA
2025-10-02 11:45:33 | ? PDF ENCONTRADO: CARATULA Y CONDICIONES DE POLIZA  112070407 TURISMO PIGMALION.Pdf
2025-10-02 11:45:33 | Guardando como: 20251002_114533_danos2_112070407__-__TURISMO_PIGMALIO_CARATULA_Y_CONDICIONES_DE_POLIZA__112070407_TURISMO_PIGMALION.pdf
2025-10-02 11:45:33 | Ruta completa: C:\laragon\www\analizer_files\data\20251002_114533_danos2_112070407__-__TURISMO_PIGMALIO_CARATULA_Y_CONDICIONES_DE_POLIZA__112070407_TURISMO_PIGMALION.pdf
2025-10-02 11:45:33 | ? PDF DESCARGADO EXITOSAMENTE: 20251002_114533_danos2_112070407__-__TURISMO_PIGMALIO_CARATULA_Y_CONDICIONES_DE_POLIZA__112070407_TURISMO_PIGMALION.pdf
2025-10-02 11:45:33 | Adjunto: RECIBO DE PAGO POLIZA _112070407  TURISMO PIGMALION.Pdf
2025-10-02 11:45:33 | ? Verificación PDF: RECIBO DE PAGO POLIZA _112070407  TURISMO PIGMALION.Pdf -> EXTENSIÓN VÁLIDA
2025-10-02 11:45:33 | ? PDF ENCONTRADO: RECIBO DE PAGO POLIZA _112070407  TURISMO PIGMALION.Pdf
2025-10-02 11:45:33 | Guardando como: 20251002_114533_danos2_112070407__-__TURISMO_PIGMALIO_RECIBO_DE_PAGO_POLIZA__112070407__TURISMO_PIGMALION.pdf
2025-10-02 11:45:33 | Ruta completa: C:\laragon\www\analizer_files\data\20251002_114533_danos2_112070407__-__TURISMO_PIGMALIO_RECIBO_DE_PAGO_POLIZA__112070407__TURISMO_PIGMALION.pdf
2025-10-02 11:45:33 | ? PDF DESCARGADO EXITOSAMENTE: 20251002_114533_danos2_112070407__-__TURISMO_PIGMALIO_RECIBO_DE_PAGO_POLIZA__112070407__TURISMO_PIGMALION.pdf
2025-10-02 11:45:33 | Adjunto: image002.png
2025-10-02 11:45:33 | ? Verificación PDF: image002.png -> NO es PDF
2025-10-02 11:45:33 | Adjunto: image003.png
2025-10-02 11:45:33 | ? Verificación PDF: image003.png -> NO es PDF
2025-10-02 11:45:33 | RESUMEN: 2 PDFs encontrados, 2 descargados
2025-10-02 11:47:12 | ?? NUEVO CORREO DETECTADO - Iniciando procesamiento...
2025-10-02 11:47:12 | === PROCESANDO CORREO ENTRANTE ===
2025-10-02 11:47:12 | Asunto: RENOVACION / POLIZA (ANT.20002490) 20002678 / UNARTE UNIVERSIDAD DEL ARTE DE PUEBLA SC
2025-10-02 11:47:12 | Remitente: Acevedo Couttolenc / Vianney Espinosa
2025-10-02 11:47:12 | ?? Detectada cuenta EXCHANGE, extrayendo email real...
2025-10-02 11:47:12 | ? Email REAL obtenido de Exchange: gmm1@ACEVEDOCOUTTOLENC.COM
2025-10-02 11:47:12 | Email remitente: gmm1@acevedocouttolenc.com
2025-10-02 11:47:12 | Dominio detectado: acevedocouttolenc.com
2025-10-02 11:47:12 | ?? Comparando dominio: acevedocouttolenc.com vs acevedocouttolenc.com
2025-10-02 11:47:12 | ? DOMINIO COINCIDE
2025-10-02 11:47:12 | ? CORREO ACEPTADO - Dominio coincide
2025-10-02 11:47:12 | Buscando adjuntos. Total: 7
2025-10-02 11:47:12 | Adjunto: image002.png
2025-10-02 11:47:12 | ? Verificación PDF: image002.png -> NO es PDF
2025-10-02 11:47:12 | Adjunto: CONDUSEF-002699-06_CG_Seguro de Accidentes Personales Colectivo Experiencia Propia sin Participacion en las Utilidades Escolar.pdf
2025-10-02 11:47:12 | ? Verificación PDF: CONDUSEF-002699-06_CG_Seguro de Accidentes Personales Colectivo Experiencia Propia sin Participacion en las Utilidades Escolar.pdf -> EXTENSIÓN VÁLIDA
2025-10-02 11:47:12 | ? PDF ENCONTRADO: CONDUSEF-002699-06_CG_Seguro de Accidentes Personales Colectivo Experiencia Propia sin Participacion en las Utilidades Escolar.pdf
2025-10-02 11:47:12 | Guardando como: 20251002_114712_gmm1_RENOVACION___POLIZA__ANT.20002_CONDUSEF-002699-06_CG_Seguro_de_Accidentes_Personales_Colectivo_Experiencia_Propia_sin_Participacion_en_las_Utilidades_Escolar.pdf
2025-10-02 11:47:12 | Ruta completa: C:\laragon\www\analizer_files\data\20251002_114712_gmm1_RENOVACION___POLIZA__ANT.20002_CONDUSEF-002699-06_CG_Seguro_de_Accidentes_Personales_Colectivo_Experiencia_Propia_sin_Participacion_en_las_Utilidades_Escolar.pdf
2025-10-02 11:47:12 | ? PDF DESCARGADO EXITOSAMENTE: 20251002_114712_gmm1_RENOVACION___POLIZA__ANT.20002_CONDUSEF-002699-06_CG_Seguro_de_Accidentes_Personales_Colectivo_Experiencia_Propia_sin_Participacion_en_las_Utilidades_Escolar.pdf
2025-10-02 11:47:12 | Adjunto: UNARTE - LO QUE CUBRE, LO QUE NO CUBRE, REEMBOLSO.pdf
2025-10-02 11:47:12 | ? Verificación PDF: UNARTE - LO QUE CUBRE, LO QUE NO CUBRE, REEMBOLSO.pdf -> EXTENSIÓN VÁLIDA
2025-10-02 11:47:12 | ? PDF ENCONTRADO: UNARTE - LO QUE CUBRE, LO QUE NO CUBRE, REEMBOLSO.pdf
2025-10-02 11:47:12 | Guardando como: 20251002_114712_gmm1_RENOVACION___POLIZA__ANT.20002_UNARTE_-_LO_QUE_CUBRE__LO_QUE_NO_CUBRE__REEMBOLSO.pdf
2025-10-02 11:47:12 | Ruta completa: C:\laragon\www\analizer_files\data\20251002_114712_gmm1_RENOVACION___POLIZA__ANT.20002_UNARTE_-_LO_QUE_CUBRE__LO_QUE_NO_CUBRE__REEMBOLSO.pdf
2025-10-02 11:47:12 | ? PDF DESCARGADO EXITOSAMENTE: 20251002_114712_gmm1_RENOVACION___POLIZA__ANT.20002_UNARTE_-_LO_QUE_CUBRE__LO_QUE_NO_CUBRE__REEMBOLSO.pdf
2025-10-02 11:47:12 | Adjunto: 20002678 UNARTE - EMISION 2025-2026.pdf
2025-10-02 11:47:12 | ? Verificación PDF: 20002678 UNARTE - EMISION 2025-2026.pdf -> EXTENSIÓN VÁLIDA
2025-10-02 11:47:12 | ? PDF ENCONTRADO: 20002678 UNARTE - EMISION 2025-2026.pdf
2025-10-02 11:47:12 | Guardando como: 20251002_114712_gmm1_RENOVACION___POLIZA__ANT.20002_20002678_UNARTE_-_EMISION_2025-2026.pdf
2025-10-02 11:47:12 | Ruta completa: C:\laragon\www\analizer_files\data\20251002_114712_gmm1_RENOVACION___POLIZA__ANT.20002_20002678_UNARTE_-_EMISION_2025-2026.pdf
2025-10-02 11:47:13 | ? PDF DESCARGADO EXITOSAMENTE: 20251002_114712_gmm1_RENOVACION___POLIZA__ANT.20002_20002678_UNARTE_-_EMISION_2025-2026.pdf
2025-10-02 11:47:13 | Adjunto: RECIBO 20002678 UNARTE - EMISION 2025-2026.pdf
2025-10-02 11:47:13 | ? Verificación PDF: RECIBO 20002678 UNARTE - EMISION 2025-2026.pdf -> EXTENSIÓN VÁLIDA
2025-10-02 11:47:13 | ? PDF ENCONTRADO: RECIBO 20002678 UNARTE - EMISION 2025-2026.pdf
2025-10-02 11:47:13 | Guardando como: 20251002_114713_gmm1_RENOVACION___POLIZA__ANT.20002_RECIBO_20002678_UNARTE_-_EMISION_2025-2026.pdf
2025-10-02 11:47:13 | Ruta completa: C:\laragon\www\analizer_files\data\20251002_114713_gmm1_RENOVACION___POLIZA__ANT.20002_RECIBO_20002678_UNARTE_-_EMISION_2025-2026.pdf
2025-10-02 11:47:13 | ? PDF DESCARGADO EXITOSAMENTE: 20251002_114713_gmm1_RENOVACION___POLIZA__ANT.20002_RECIBO_20002678_UNARTE_-_EMISION_2025-2026.pdf
2025-10-02 11:47:13 | Adjunto: ORGANIGRAMA - ACCIDENTES ESCOLARES.pdf
2025-10-02 11:47:13 | ? Verificación PDF: ORGANIGRAMA - ACCIDENTES ESCOLARES.pdf -> EXTENSIÓN VÁLIDA
2025-10-02 11:47:13 | ? PDF ENCONTRADO: ORGANIGRAMA - ACCIDENTES ESCOLARES.pdf
2025-10-02 11:47:13 | Guardando como: 20251002_114713_gmm1_RENOVACION___POLIZA__ANT.20002_ORGANIGRAMA_-_ACCIDENTES_ESCOLARES.pdf
2025-10-02 11:47:13 | Ruta completa: C:\laragon\www\analizer_files\data\20251002_114713_gmm1_RENOVACION___POLIZA__ANT.20002_ORGANIGRAMA_-_ACCIDENTES_ESCOLARES.pdf
2025-10-02 11:47:13 | ? PDF DESCARGADO EXITOSAMENTE: 20251002_114713_gmm1_RENOVACION___POLIZA__ANT.20002_ORGANIGRAMA_-_ACCIDENTES_ESCOLARES.pdf
2025-10-02 11:47:13 | Adjunto: image001.png
2025-10-02 11:47:13 | ? Verificación PDF: image001.png -> NO es PDF
2025-10-02 11:47:13 | RESUMEN: 5 PDFs encontrados, 5 descargados
2025-10-02 11:47:13 | ?? NUEVO CORREO DETECTADO - Iniciando procesamiento...
2025-10-02 11:47:13 | === PROCESANDO CORREO ENTRANTE ===
2025-10-02 11:47:13 | Asunto: 5429476 // RAMIREZ LAGOS CLAUDIA // MB SLK 200 K CONVERTIBLE 1.8L AUT 2PAS MOD 2009
2025-10-02 11:47:13 | Remitente: Acevedo Couttolenc / Diana Carrillo
2025-10-02 11:47:13 | ?? Detectada cuenta EXCHANGE, extrayendo email real...
2025-10-02 11:47:13 | ? Email REAL obtenido de Exchange: autos1@ACEVEDOCOUTTOLENC.COM
2025-10-02 11:47:13 | Email remitente: autos1@acevedocouttolenc.com
2025-10-02 11:47:13 | Dominio detectado: acevedocouttolenc.com
2025-10-02 11:47:13 | ?? Comparando dominio: acevedocouttolenc.com vs acevedocouttolenc.com
2025-10-02 11:47:13 | ? DOMINIO COINCIDE
2025-10-02 11:47:13 | ? CORREO ACEPTADO - Dominio coincide
2025-10-02 11:47:13 | Buscando adjuntos. Total: 6
2025-10-02 11:47:13 | Adjunto: REPORTE ANA.pdf
2025-10-02 11:47:13 | ? Verificación PDF: REPORTE ANA.pdf -> EXTENSIÓN VÁLIDA
2025-10-02 11:47:13 | ? PDF ENCONTRADO: REPORTE ANA.pdf
2025-10-02 11:47:13 | Guardando como: 20251002_114713_autos1_5429476___RAMIREZ_LAGOS_CLAUDI_REPORTE_ANA.pdf
2025-10-02 11:47:13 | Ruta completa: C:\laragon\www\analizer_files\data\20251002_114713_autos1_5429476___RAMIREZ_LAGOS_CLAUDI_REPORTE_ANA.pdf
2025-10-02 11:47:13 | ? PDF DESCARGADO EXITOSAMENTE: 20251002_114713_autos1_5429476___RAMIREZ_LAGOS_CLAUDI_REPORTE_ANA.pdf
2025-10-02 11:47:13 | Adjunto: CONDICIONES GENERALES.pdf
2025-10-02 11:47:13 | ? Verificación PDF: CONDICIONES GENERALES.pdf -> EXTENSIÓN VÁLIDA
2025-10-02 11:47:13 | ? PDF ENCONTRADO: CONDICIONES GENERALES.pdf
2025-10-02 11:47:13 | Guardando como: 20251002_114713_autos1_5429476___RAMIREZ_LAGOS_CLAUDI_CONDICIONES_GENERALES.pdf
2025-10-02 11:47:13 | Ruta completa: C:\laragon\www\analizer_files\data\20251002_114713_autos1_5429476___RAMIREZ_LAGOS_CLAUDI_CONDICIONES_GENERALES.pdf
2025-10-02 11:47:14 | ? PDF DESCARGADO EXITOSAMENTE: 20251002_114713_autos1_5429476___RAMIREZ_LAGOS_CLAUDI_CONDICIONES_GENERALES.pdf
2025-10-02 11:47:14 | Adjunto: 005429476-1.pdf
2025-10-02 11:47:14 | ? Verificación PDF: 005429476-1.pdf -> EXTENSIÓN VÁLIDA
2025-10-02 11:47:14 | ? PDF ENCONTRADO: 005429476-1.pdf
2025-10-02 11:47:14 | Guardando como: 20251002_114714_autos1_5429476___RAMIREZ_LAGOS_CLAUDI_005429476-1.pdf
2025-10-02 11:47:14 | Ruta completa: C:\laragon\www\analizer_files\data\20251002_114714_autos1_5429476___RAMIREZ_LAGOS_CLAUDI_005429476-1.pdf
2025-10-02 11:47:14 | ? PDF DESCARGADO EXITOSAMENTE: 20251002_114714_autos1_5429476___RAMIREZ_LAGOS_CLAUDI_005429476-1.pdf
2025-10-02 11:47:14 | Adjunto: 005429476.pdf
2025-10-02 11:47:14 | ? Verificación PDF: 005429476.pdf -> EXTENSIÓN VÁLIDA
2025-10-02 11:47:14 | ? PDF ENCONTRADO: 005429476.pdf
2025-10-02 11:47:14 | Guardando como: 20251002_114714_autos1_5429476___RAMIREZ_LAGOS_CLAUDI_005429476.pdf
2025-10-02 11:47:14 | Ruta completa: C:\laragon\www\analizer_files\data\20251002_114714_autos1_5429476___RAMIREZ_LAGOS_CLAUDI_005429476.pdf
2025-10-02 11:47:14 | ? PDF DESCARGADO EXITOSAMENTE: 20251002_114714_autos1_5429476___RAMIREZ_LAGOS_CLAUDI_005429476.pdf
2025-10-02 11:47:14 | Adjunto: image001.png
2025-10-02 11:47:14 | ? Verificación PDF: image001.png -> NO es PDF
2025-10-02 11:47:14 | Adjunto: image002.png
2025-10-02 11:47:14 | ? Verificación PDF: image002.png -> NO es PDF
2025-10-02 11:47:14 | RESUMEN: 4 PDFs encontrados, 4 descargados
2025-10-02 11:54:11 | ?? NUEVO CORREO DETECTADO - Iniciando procesamiento...
2025-10-02 11:54:11 | === PROCESANDO CORREO ENTRANTE ===
2025-10-02 11:54:11 | Asunto: RENOVACIÓN PÓLIZA DE VIDA INDIVIDUAL 297796708/ 106886575/ 106886658/ 209617992
2025-10-02 11:54:11 | Remitente: Acevedo Couttolenc / Frida Fernanda Villaseñor Tecuatl
2025-10-02 11:54:11 | ?? Detectada cuenta EXCHANGE, extrayendo email real...
2025-10-02 11:54:11 | ? Email REAL obtenido de Exchange: vida2@ACEVEDOCOUTTOLENC.COM
2025-10-02 11:54:11 | Email remitente: vida2@acevedocouttolenc.com
2025-10-02 11:54:11 | Dominio detectado: acevedocouttolenc.com
2025-10-02 11:54:11 | ?? Comparando dominio: acevedocouttolenc.com vs acevedocouttolenc.com
2025-10-02 11:54:11 | ? DOMINIO COINCIDE
2025-10-02 11:54:11 | ? CORREO ACEPTADO - Dominio coincide
2025-10-02 11:54:11 | Buscando adjuntos. Total: 5
2025-10-02 11:54:11 | Adjunto: 11102025 297796708 TORRE SAINZ DE ROZAS SANTIAGO.pdf
2025-10-02 11:54:11 | ? Verificación PDF: 11102025 297796708 TORRE SAINZ DE ROZAS SANTIAGO.pdf -> EXTENSIÓN VÁLIDA
2025-10-02 11:54:11 | ? PDF ENCONTRADO: 11102025 297796708 TORRE SAINZ DE ROZAS SANTIAGO.pdf
2025-10-02 11:54:11 | Guardando como: 20251002_115411_vida2_RENOVACI_N_P_LIZA_DE_VIDA_INDI_11102025_297796708_TORRE_SAINZ_DE_ROZAS_SANTIAGO.pdf
2025-10-02 11:54:11 | Ruta completa: C:\laragon\www\analizer_files\data\20251002_115411_vida2_RENOVACI_N_P_LIZA_DE_VIDA_INDI_11102025_297796708_TORRE_SAINZ_DE_ROZAS_SANTIAGO.pdf
2025-10-02 11:54:11 | ? PDF DESCARGADO EXITOSAMENTE: 20251002_115411_vida2_RENOVACI_N_P_LIZA_DE_VIDA_INDI_11102025_297796708_TORRE_SAINZ_DE_ROZAS_SANTIAGO.pdf
2025-10-02 11:54:11 | Adjunto: 12102025 106886575 PEÑA ROMANO ROBERTO.pdf
2025-10-02 11:54:11 | ? Verificación PDF: 12102025 106886575 PEÑA ROMANO ROBERTO.pdf -> EXTENSIÓN VÁLIDA
2025-10-02 11:54:11 | ? PDF ENCONTRADO: 12102025 106886575 PEÑA ROMANO ROBERTO.pdf
2025-10-02 11:54:11 | Guardando como: 20251002_115411_vida2_RENOVACI_N_P_LIZA_DE_VIDA_INDI_12102025_106886575_PE_A_ROMANO_ROBERTO.pdf
2025-10-02 11:54:11 | Ruta completa: C:\laragon\www\analizer_files\data\20251002_115411_vida2_RENOVACI_N_P_LIZA_DE_VIDA_INDI_12102025_106886575_PE_A_ROMANO_ROBERTO.pdf
2025-10-02 11:54:11 | ? PDF DESCARGADO EXITOSAMENTE: 20251002_115411_vida2_RENOVACI_N_P_LIZA_DE_VIDA_INDI_12102025_106886575_PE_A_ROMANO_ROBERTO.pdf
2025-10-02 11:54:11 | Adjunto: 12102025 106886658 PEÑA ROMANO ROBERTO.pdf
2025-10-02 11:54:11 | ? Verificación PDF: 12102025 106886658 PEÑA ROMANO ROBERTO.pdf -> EXTENSIÓN VÁLIDA
2025-10-02 11:54:11 | ? PDF ENCONTRADO: 12102025 106886658 PEÑA ROMANO ROBERTO.pdf
2025-10-02 11:54:11 | Guardando como: 20251002_115411_vida2_RENOVACI_N_P_LIZA_DE_VIDA_INDI_12102025_106886658_PE_A_ROMANO_ROBERTO.pdf
2025-10-02 11:54:11 | Ruta completa: C:\laragon\www\analizer_files\data\20251002_115411_vida2_RENOVACI_N_P_LIZA_DE_VIDA_INDI_12102025_106886658_PE_A_ROMANO_ROBERTO.pdf
2025-10-02 11:54:11 | ? PDF DESCARGADO EXITOSAMENTE: 20251002_115411_vida2_RENOVACI_N_P_LIZA_DE_VIDA_INDI_12102025_106886658_PE_A_ROMANO_ROBERTO.pdf
2025-10-02 11:54:11 | Adjunto: 14102025 209617992 VAZQUEZ TEMOLTZIN NANCY KARLA.pdf
2025-10-02 11:54:11 | ? Verificación PDF: 14102025 209617992 VAZQUEZ TEMOLTZIN NANCY KARLA.pdf -> EXTENSIÓN VÁLIDA
2025-10-02 11:54:12 | ? PDF ENCONTRADO: 14102025 209617992 VAZQUEZ TEMOLTZIN NANCY KARLA.pdf
2025-10-02 11:54:12 | Guardando como: 20251002_115412_vida2_RENOVACI_N_P_LIZA_DE_VIDA_INDI_14102025_209617992_VAZQUEZ_TEMOLTZIN_NANCY_KARLA.pdf
2025-10-02 11:54:12 | Ruta completa: C:\laragon\www\analizer_files\data\20251002_115412_vida2_RENOVACI_N_P_LIZA_DE_VIDA_INDI_14102025_209617992_VAZQUEZ_TEMOLTZIN_NANCY_KARLA.pdf
2025-10-02 11:54:12 | ? PDF DESCARGADO EXITOSAMENTE: 20251002_115412_vida2_RENOVACI_N_P_LIZA_DE_VIDA_INDI_14102025_209617992_VAZQUEZ_TEMOLTZIN_NANCY_KARLA.pdf
2025-10-02 11:54:12 | Adjunto: image002.png
2025-10-02 11:54:12 | ? Verificación PDF: image002.png -> NO es PDF
2025-10-02 11:54:12 | RESUMEN: 4 PDFs encontrados, 4 descargados
2025-10-02 12:50:08 | ?? NUEVO CORREO DETECTADO - Iniciando procesamiento...
2025-10-02 12:50:08 | === PROCESANDO CORREO ENTRANTE ===
2025-10-02 12:50:08 | Asunto: 3932500001764 / AYAZUL INMOBILIARIA S.C. / EMISIÓN EMPRESARIAL
2025-10-02 12:50:08 | Remitente: Acevedo Couttolenc / Saúl Sánchez
2025-10-02 12:50:08 | ?? Detectada cuenta EXCHANGE, extrayendo email real...
2025-10-02 12:50:08 | ? Email REAL obtenido de Exchange: danos@ACEVEDOCOUTTOLENC.COM
2025-10-02 12:50:08 | Email remitente: danos@acevedocouttolenc.com
2025-10-02 12:50:08 | Dominio detectado: acevedocouttolenc.com
2025-10-02 12:50:08 | ?? Comparando dominio: acevedocouttolenc.com vs acevedocouttolenc.com
2025-10-02 12:50:08 | ? DOMINIO COINCIDE
2025-10-02 12:50:08 | ? CORREO ACEPTADO - Dominio coincide
2025-10-02 12:50:08 | Buscando adjuntos. Total: 5
2025-10-02 12:50:08 | Adjunto: Póliza-3932500001764.pdf
2025-10-02 12:50:08 | ? Verificación PDF: Póliza-3932500001764.pdf -> EXTENSIÓN VÁLIDA
2025-10-02 12:50:08 | ? PDF ENCONTRADO: Póliza-3932500001764.pdf
2025-10-02 12:50:08 | Guardando como: 20251002_125008_danos_3932500001764___AYAZUL_INMOBIL_P_liza-3932500001764.pdf
2025-10-02 12:50:08 | Ruta completa: C:\laragon\www\analizer_files\data\20251002_125008_danos_3932500001764___AYAZUL_INMOBIL_P_liza-3932500001764.pdf
2025-10-02 12:50:08 | ? PDF DESCARGADO EXITOSAMENTE: 20251002_125008_danos_3932500001764___AYAZUL_INMOBIL_P_liza-3932500001764.pdf
2025-10-02 12:50:08 | Adjunto: 3932500001764_REF.pdf
2025-10-02 12:50:08 | ? Verificación PDF: 3932500001764_REF.pdf -> EXTENSIÓN VÁLIDA
2025-10-02 12:50:08 | ? PDF ENCONTRADO: 3932500001764_REF.pdf
2025-10-02 12:50:08 | Guardando como: 20251002_125008_danos_3932500001764___AYAZUL_INMOBIL_3932500001764_REF.pdf
2025-10-02 12:50:08 | Ruta completa: C:\laragon\www\analizer_files\data\20251002_125008_danos_3932500001764___AYAZUL_INMOBIL_3932500001764_REF.pdf
2025-10-02 12:50:08 | ? PDF DESCARGADO EXITOSAMENTE: 20251002_125008_danos_3932500001764___AYAZUL_INMOBIL_3932500001764_REF.pdf
2025-10-02 12:50:08 | Adjunto: T-16866408.zip
2025-10-02 12:50:08 | ? Verificación PDF: T-16866408.zip -> NO es PDF
2025-10-02 12:50:08 | Adjunto: image004.png
2025-10-02 12:50:08 | ? Verificación PDF: image004.png -> NO es PDF
2025-10-02 12:50:08 | Adjunto: image001.png
2025-10-02 12:50:08 | ? Verificación PDF: image001.png -> NO es PDF
2025-10-02 12:50:08 | RESUMEN: 2 PDFs encontrados, 2 descargados
2025-10-02 12:57:28 | ?? NUEVO CORREO DETECTADO - Iniciando procesamiento...
2025-10-02 12:57:28 | === PROCESANDO CORREO ENTRANTE ===
2025-10-02 12:57:28 | Asunto: 200070136 - 2	SOFIA RUIZ DE LA CONCHA	TIGUAN SPORT & STYLE 1.4 MOD. 2015
2025-10-02 12:57:28 | Remitente: Acevedo Couttolenc / Abraham Pelcastre
2025-10-02 12:57:28 | ?? Detectada cuenta EXCHANGE, extrayendo email real...
2025-10-02 12:57:28 | ? Email REAL obtenido de Exchange: autos2@ACEVEDOCOUTTOLENC.COM
2025-10-02 12:57:28 | Email remitente: autos2@acevedocouttolenc.com
2025-10-02 12:57:28 | Dominio detectado: acevedocouttolenc.com
2025-10-02 12:57:28 | ?? Comparando dominio: acevedocouttolenc.com vs acevedocouttolenc.com
2025-10-02 12:57:28 | ? DOMINIO COINCIDE
2025-10-02 12:57:28 | ? CORREO ACEPTADO - Dominio coincide
2025-10-02 12:57:28 | Buscando adjuntos. Total: 9
2025-10-02 12:57:28 | Adjunto: POLIZA 200070136 TIGUAN SPORT & STYLE 1.4  2015.pdf
2025-10-02 12:57:28 | ? Verificación PDF: POLIZA 200070136 TIGUAN SPORT & STYLE 1.4  2015.pdf -> EXTENSIÓN VÁLIDA
2025-10-02 12:57:28 | ? PDF ENCONTRADO: POLIZA 200070136 TIGUAN SPORT & STYLE 1.4  2015.pdf
2025-10-02 12:57:28 | Guardando como: 20251002_125728_autos2_200070136_-_2_SOFIA_RUIZ_DE_LA_POLIZA_200070136_TIGUAN_SPORT___STYLE_1.4__2015.pdf
2025-10-02 12:57:28 | Ruta completa: C:\laragon\www\analizer_files\data\20251002_125728_autos2_200070136_-_2_SOFIA_RUIZ_DE_LA_POLIZA_200070136_TIGUAN_SPORT___STYLE_1.4__2015.pdf
2025-10-02 12:57:28 | ? PDF DESCARGADO EXITOSAMENTE: 20251002_125728_autos2_200070136_-_2_SOFIA_RUIZ_DE_LA_POLIZA_200070136_TIGUAN_SPORT___STYLE_1.4__2015.pdf
2025-10-02 12:57:28 | Adjunto: RECIBO 200070136 TIGUAN SPORT & STYLE 1.4  2015.pdf
2025-10-02 12:57:28 | ? Verificación PDF: RECIBO 200070136 TIGUAN SPORT & STYLE 1.4  2015.pdf -> EXTENSIÓN VÁLIDA
2025-10-02 12:57:28 | ? PDF ENCONTRADO: RECIBO 200070136 TIGUAN SPORT & STYLE 1.4  2015.pdf
2025-10-02 12:57:28 | Guardando como: 20251002_125728_autos2_200070136_-_2_SOFIA_RUIZ_DE_LA_RECIBO_200070136_TIGUAN_SPORT___STYLE_1.4__2015.pdf
2025-10-02 12:57:28 | Ruta completa: C:\laragon\www\analizer_files\data\20251002_125728_autos2_200070136_-_2_SOFIA_RUIZ_DE_LA_RECIBO_200070136_TIGUAN_SPORT___STYLE_1.4__2015.pdf
2025-10-02 12:57:28 | ? PDF DESCARGADO EXITOSAMENTE: 20251002_125728_autos2_200070136_-_2_SOFIA_RUIZ_DE_LA_RECIBO_200070136_TIGUAN_SPORT___STYLE_1.4__2015.pdf
2025-10-02 12:57:28 | Adjunto: ANEXO Robo Parcial.pdf
2025-10-02 12:57:28 | ? Verificación PDF: ANEXO Robo Parcial.pdf -> EXTENSIÓN VÁLIDA
2025-10-02 12:57:28 | ? PDF ENCONTRADO: ANEXO Robo Parcial.pdf
2025-10-02 12:57:28 | Guardando como: 20251002_125728_autos2_200070136_-_2_SOFIA_RUIZ_DE_LA_ANEXO_Robo_Parcial.pdf
2025-10-02 12:57:28 | Ruta completa: C:\laragon\www\analizer_files\data\20251002_125728_autos2_200070136_-_2_SOFIA_RUIZ_DE_LA_ANEXO_Robo_Parcial.pdf
2025-10-02 12:57:28 | ? PDF DESCARGADO EXITOSAMENTE: 20251002_125728_autos2_200070136_-_2_SOFIA_RUIZ_DE_LA_ANEXO_Robo_Parcial.pdf
2025-10-02 12:57:28 | Adjunto: CONDICIONES GENERALES SURA AUTOS.zip
2025-10-02 12:57:28 | ? Verificación PDF: CONDICIONES GENERALES SURA AUTOS.zip -> NO es PDF
2025-10-02 12:57:28 | Adjunto: REPORTE SINIESTRO SURA.jpeg
2025-10-02 12:57:28 | ? Verificación PDF: REPORTE SINIESTRO SURA.jpeg -> NO es PDF
2025-10-02 12:57:28 | Adjunto: image001.jpg
2025-10-02 12:57:28 | ? Verificación PDF: image001.jpg -> NO es PDF
2025-10-02 12:57:28 | Adjunto: image002.png
2025-10-02 12:57:28 | ? Verificación PDF: image002.png -> NO es PDF
2025-10-02 12:57:28 | Adjunto: image003.png
2025-10-02 12:57:28 | ? Verificación PDF: image003.png -> NO es PDF
2025-10-02 12:57:28 | Adjunto: image004.png
2025-10-02 12:57:28 | ? Verificación PDF: image004.png -> NO es PDF
2025-10-02 12:57:28 | RESUMEN: 3 PDFs encontrados, 3 descargados
2025-10-02 13:04:43 | ?? NUEVO CORREO DETECTADO - Iniciando procesamiento...
2025-10-02 13:04:43 | === PROCESANDO CORREO ENTRANTE ===
2025-10-02 13:04:43 | Asunto: RENOVACIÓN PÓLIZA DE VIDA INDIVIDUAL 523463453/ 523589158 MONTERO ROMERO MARIA JOSE
2025-10-02 13:04:43 | Remitente: Acevedo Couttolenc / Frida Fernanda Villaseñor Tecuatl
2025-10-02 13:04:43 | ?? Detectada cuenta EXCHANGE, extrayendo email real...
2025-10-02 13:04:43 | ? Email REAL obtenido de Exchange: vida2@ACEVEDOCOUTTOLENC.COM
2025-10-02 13:04:43 | Email remitente: vida2@acevedocouttolenc.com
2025-10-02 13:04:43 | Dominio detectado: acevedocouttolenc.com
2025-10-02 13:04:43 | ?? Comparando dominio: acevedocouttolenc.com vs acevedocouttolenc.com
2025-10-02 13:04:43 | ? DOMINIO COINCIDE
2025-10-02 13:04:43 | ? CORREO ACEPTADO - Dominio coincide
2025-10-02 13:04:43 | Buscando adjuntos. Total: 3
2025-10-02 13:04:43 | Adjunto: 06102025 523463453 MONTERO ROMERO MARIA JOSE.pdf
2025-10-02 13:04:43 | ? Verificación PDF: 06102025 523463453 MONTERO ROMERO MARIA JOSE.pdf -> EXTENSIÓN VÁLIDA
2025-10-02 13:04:43 | ? PDF ENCONTRADO: 06102025 523463453 MONTERO ROMERO MARIA JOSE.pdf
2025-10-02 13:04:43 | Guardando como: 20251002_130443_vida2_RENOVACI_N_P_LIZA_DE_VIDA_INDI_06102025_523463453_MONTERO_ROMERO_MARIA_JOSE.pdf
2025-10-02 13:04:43 | Ruta completa: C:\laragon\www\analizer_files\data\20251002_130443_vida2_RENOVACI_N_P_LIZA_DE_VIDA_INDI_06102025_523463453_MONTERO_ROMERO_MARIA_JOSE.pdf
2025-10-02 13:04:43 | ? PDF DESCARGADO EXITOSAMENTE: 20251002_130443_vida2_RENOVACI_N_P_LIZA_DE_VIDA_INDI_06102025_523463453_MONTERO_ROMERO_MARIA_JOSE.pdf
2025-10-02 13:04:43 | Adjunto: 06102025 523589158 MONTERO ROMERO MARIA JOSE.pdf
2025-10-02 13:04:43 | ? Verificación PDF: 06102025 523589158 MONTERO ROMERO MARIA JOSE.pdf -> EXTENSIÓN VÁLIDA
2025-10-02 13:04:43 | ? PDF ENCONTRADO: 06102025 523589158 MONTERO ROMERO MARIA JOSE.pdf
2025-10-02 13:04:43 | Guardando como: 20251002_130443_vida2_RENOVACI_N_P_LIZA_DE_VIDA_INDI_06102025_523589158_MONTERO_ROMERO_MARIA_JOSE.pdf
2025-10-02 13:04:43 | Ruta completa: C:\laragon\www\analizer_files\data\20251002_130443_vida2_RENOVACI_N_P_LIZA_DE_VIDA_INDI_06102025_523589158_MONTERO_ROMERO_MARIA_JOSE.pdf
2025-10-02 13:04:43 | ? PDF DESCARGADO EXITOSAMENTE: 20251002_130443_vida2_RENOVACI_N_P_LIZA_DE_VIDA_INDI_06102025_523589158_MONTERO_ROMERO_MARIA_JOSE.pdf
2025-10-02 13:04:43 | Adjunto: image002.png
2025-10-02 13:04:43 | ? Verificación PDF: image002.png -> NO es PDF
2025-10-02 13:04:43 | RESUMEN: 2 PDFs encontrados, 2 descargados
2025-10-02 13:54:39 | ?? NUEVO CORREO DETECTADO - Iniciando procesamiento...
2025-10-02 13:54:39 | === PROCESANDO CORREO ENTRANTE ===
2025-10-02 13:54:39 | Asunto: 112070992 // EMPRESAS Y NEGOCIOS GRUPOEHS // JEEP GRAND CHEROKEE LIMITED LUJO BLINDADA MOD 2018
2025-10-02 13:54:39 | Remitente: Acevedo Couttolenc / Diana Carrillo
2025-10-02 13:54:39 | ?? Detectada cuenta EXCHANGE, extrayendo email real...
2025-10-02 13:54:39 | ? Email REAL obtenido de Exchange: autos1@ACEVEDOCOUTTOLENC.COM
2025-10-02 13:54:39 | Email remitente: autos1@acevedocouttolenc.com
2025-10-02 13:54:39 | Dominio detectado: acevedocouttolenc.com
2025-10-02 13:54:39 | ?? Comparando dominio: acevedocouttolenc.com vs acevedocouttolenc.com
2025-10-02 13:54:39 | ? DOMINIO COINCIDE
2025-10-02 13:54:39 | ? CORREO ACEPTADO - Dominio coincide
2025-10-02 13:54:39 | Buscando adjuntos. Total: 7
2025-10-02 13:54:39 | Adjunto: image003.png
2025-10-02 13:54:39 | ? Verificación PDF: image003.png -> NO es PDF
2025-10-02 13:54:39 | Adjunto: guia-del--asegurado.pdf
2025-10-02 13:54:39 | ? Verificación PDF: guia-del--asegurado.pdf -> EXTENSIÓN VÁLIDA
2025-10-02 13:54:39 | ? PDF ENCONTRADO: guia-del--asegurado.pdf
2025-10-02 13:54:39 | Guardando como: 20251002_135439_autos1_112070992___EMPRESAS_Y_NEGOCIO_guia-del--asegurado.pdf
2025-10-02 13:54:39 | Ruta completa: C:\laragon\www\analizer_files\data\20251002_135439_autos1_112070992___EMPRESAS_Y_NEGOCIO_guia-del--asegurado.pdf
2025-10-02 13:54:40 | ? PDF DESCARGADO EXITOSAMENTE: 20251002_135439_autos1_112070992___EMPRESAS_Y_NEGOCIO_guia-del--asegurado.pdf
2025-10-02 13:54:40 | Adjunto: cuponera_zurich.pdf
2025-10-02 13:54:40 | ? Verificación PDF: cuponera_zurich.pdf -> EXTENSIÓN VÁLIDA
2025-10-02 13:54:40 | ? PDF ENCONTRADO: cuponera_zurich.pdf
2025-10-02 13:54:40 | Guardando como: 20251002_135440_autos1_112070992___EMPRESAS_Y_NEGOCIO_cuponera_zurich.pdf
2025-10-02 13:54:40 | Ruta completa: C:\laragon\www\analizer_files\data\20251002_135440_autos1_112070992___EMPRESAS_Y_NEGOCIO_cuponera_zurich.pdf
2025-10-02 13:54:40 | ? PDF DESCARGADO EXITOSAMENTE: 20251002_135440_autos1_112070992___EMPRESAS_Y_NEGOCIO_cuponera_zurich.pdf
2025-10-02 13:54:40 | Adjunto: Condiciones_Generales.pdf
2025-10-02 13:54:40 | ? Verificación PDF: Condiciones_Generales.pdf -> EXTENSIÓN VÁLIDA
2025-10-02 13:54:40 | ? PDF ENCONTRADO: Condiciones_Generales.pdf
2025-10-02 13:54:40 | Guardando como: 20251002_135440_autos1_112070992___EMPRESAS_Y_NEGOCIO_Condiciones_Generales.pdf
2025-10-02 13:54:40 | Ruta completa: C:\laragon\www\analizer_files\data\20251002_135440_autos1_112070992___EMPRESAS_Y_NEGOCIO_Condiciones_Generales.pdf
2025-10-02 13:54:41 | ? PDF DESCARGADO EXITOSAMENTE: 20251002_135440_autos1_112070992___EMPRESAS_Y_NEGOCIO_Condiciones_Generales.pdf
2025-10-02 13:54:41 | Adjunto: 112070992_Recibo.pdf
2025-10-02 13:54:41 | ? Verificación PDF: 112070992_Recibo.pdf -> EXTENSIÓN VÁLIDA
2025-10-02 13:54:41 | ? PDF ENCONTRADO: 112070992_Recibo.pdf
2025-10-02 13:54:41 | Guardando como: 20251002_135441_autos1_112070992___EMPRESAS_Y_NEGOCIO_112070992_Recibo.pdf
2025-10-02 13:54:41 | Ruta completa: C:\laragon\www\analizer_files\data\20251002_135441_autos1_112070992___EMPRESAS_Y_NEGOCIO_112070992_Recibo.pdf
2025-10-02 13:54:41 | ? PDF DESCARGADO EXITOSAMENTE: 20251002_135441_autos1_112070992___EMPRESAS_Y_NEGOCIO_112070992_Recibo.pdf
2025-10-02 13:54:41 | Adjunto: 112070992_Poliza.pdf
2025-10-02 13:54:41 | ? Verificación PDF: 112070992_Poliza.pdf -> EXTENSIÓN VÁLIDA
2025-10-02 13:54:41 | ? PDF ENCONTRADO: 112070992_Poliza.pdf
2025-10-02 13:54:41 | Guardando como: 20251002_135441_autos1_112070992___EMPRESAS_Y_NEGOCIO_112070992_Poliza.pdf
2025-10-02 13:54:41 | Ruta completa: C:\laragon\www\analizer_files\data\20251002_135441_autos1_112070992___EMPRESAS_Y_NEGOCIO_112070992_Poliza.pdf
2025-10-02 13:54:41 | ? PDF DESCARGADO EXITOSAMENTE: 20251002_135441_autos1_112070992___EMPRESAS_Y_NEGOCIO_112070992_Poliza.pdf
2025-10-02 13:54:41 | Adjunto: image004.png
2025-10-02 13:54:41 | ? Verificación PDF: image004.png -> NO es PDF
2025-10-02 13:54:41 | RESUMEN: 5 PDFs encontrados, 5 descargados
2025-10-02 16:03:36 | ?? NUEVO CORREO DETECTADO - Iniciando procesamiento...
2025-10-02 16:03:36 | === PROCESANDO CORREO ENTRANTE ===
2025-10-02 16:03:36 | Asunto: RV: CAT AXA
2025-10-02 16:03:36 | Remitente: Acevedo Couttolenc / Abraham Pelcastre
2025-10-02 16:03:36 | ?? Detectada cuenta EXCHANGE, extrayendo email real...
2025-10-02 16:03:36 | ? Email REAL obtenido de Exchange: autos2@ACEVEDOCOUTTOLENC.COM
2025-10-02 16:03:36 | Email remitente: autos2@acevedocouttolenc.com
2025-10-02 16:03:36 | Dominio detectado: acevedocouttolenc.com
2025-10-02 16:03:36 | ?? Comparando dominio: acevedocouttolenc.com vs acevedocouttolenc.com
2025-10-02 16:03:36 | ? DOMINIO COINCIDE
2025-10-02 16:03:36 | ? CORREO ACEPTADO - Dominio coincide
2025-10-02 16:03:36 | Buscando adjuntos. Total: 10
2025-10-02 16:03:36 | Adjunto: image002.png
2025-10-02 16:03:36 | ? Verificación PDF: image002.png -> NO es PDF
2025-10-02 16:03:36 | Adjunto: image003.png
2025-10-02 16:03:36 | ? Verificación PDF: image003.png -> NO es PDF
2025-10-02 16:03:36 | Adjunto: image004.png
2025-10-02 16:03:36 | ? Verificación PDF: image004.png -> NO es PDF
2025-10-02 16:03:36 | Adjunto: image005.png
2025-10-02 16:03:36 | ? Verificación PDF: image005.png -> NO es PDF
2025-10-02 16:03:36 | Adjunto: image006.png
2025-10-02 16:03:36 | ? Verificación PDF: image006.png -> NO es PDF
2025-10-02 16:03:36 | Adjunto: image007.png
2025-10-02 16:03:36 | ? Verificación PDF: image007.png -> NO es PDF
2025-10-02 16:03:36 | Adjunto: image008.jpg
2025-10-02 16:03:36 | ? Verificación PDF: image008.jpg -> NO es PDF
2025-10-02 16:03:36 | Adjunto: image009.jpg
2025-10-02 16:03:36 | ? Verificación PDF: image009.jpg -> NO es PDF
2025-10-02 16:03:36 | Adjunto: image010.png
2025-10-02 16:03:36 | ? Verificación PDF: image010.png -> NO es PDF
2025-10-02 16:03:36 | Adjunto: image.png
2025-10-02 16:03:36 | ? Verificación PDF: image.png -> NO es PDF
2025-10-02 16:03:36 | RESUMEN: 0 PDFs encontrados, 0 descargados
2025-10-02 16:27:03 | ?? NUEVO CORREO DETECTADO - Iniciando procesamiento...
2025-10-02 16:27:03 | === PROCESANDO CORREO ENTRANTE ===
2025-10-02 16:27:03 | Asunto: 0940429558	FRANCISCO RICARDO CALVO MORTERA	KIA FORTE LX 4P L4 2.0L ABS BA AC MOD. 2022
2025-10-02 16:27:03 | Remitente: Acevedo Couttolenc / Abraham Pelcastre
2025-10-02 16:27:03 | ?? Detectada cuenta EXCHANGE, extrayendo email real...
2025-10-02 16:27:03 | ? Email REAL obtenido de Exchange: autos2@ACEVEDOCOUTTOLENC.COM
2025-10-02 16:27:03 | Email remitente: autos2@acevedocouttolenc.com
2025-10-02 16:27:03 | Dominio detectado: acevedocouttolenc.com
2025-10-02 16:27:03 | ?? Comparando dominio: acevedocouttolenc.com vs acevedocouttolenc.com
2025-10-02 16:27:03 | ? DOMINIO COINCIDE
2025-10-02 16:27:03 | ? CORREO ACEPTADO - Dominio coincide
2025-10-02 16:27:03 | Buscando adjuntos. Total: 7
2025-10-02 16:27:03 | Adjunto: Recibos Poliza 040940429558000000.pdf
2025-10-02 16:27:03 | ? Verificación PDF: Recibos Poliza 040940429558000000.pdf -> EXTENSIÓN VÁLIDA
2025-10-02 16:27:03 | ? PDF ENCONTRADO: Recibos Poliza 040940429558000000.pdf
2025-10-02 16:27:03 | Guardando como: 20251002_162703_autos2_0940429558_FRANCISCO_RICARDO_C_Recibos_Poliza_040940429558000000.pdf
2025-10-02 16:27:03 | Ruta completa: C:\laragon\www\analizer_files\data\20251002_162703_autos2_0940429558_FRANCISCO_RICARDO_C_Recibos_Poliza_040940429558000000.pdf
2025-10-02 16:27:03 | ? PDF DESCARGADO EXITOSAMENTE: 20251002_162703_autos2_0940429558_FRANCISCO_RICARDO_C_Recibos_Poliza_040940429558000000.pdf
2025-10-02 16:27:03 | Adjunto: Poliza 040940429558000000.pdf
2025-10-02 16:27:03 | ? Verificación PDF: Poliza 040940429558000000.pdf -> EXTENSIÓN VÁLIDA
2025-10-02 16:27:03 | ? PDF ENCONTRADO: Poliza 040940429558000000.pdf
2025-10-02 16:27:03 | Guardando como: 20251002_162703_autos2_0940429558_FRANCISCO_RICARDO_C_Poliza_040940429558000000.pdf
2025-10-02 16:27:03 | Ruta completa: C:\laragon\www\analizer_files\data\20251002_162703_autos2_0940429558_FRANCISCO_RICARDO_C_Poliza_040940429558000000.pdf
2025-10-02 16:27:03 | ? PDF DESCARGADO EXITOSAMENTE: 20251002_162703_autos2_0940429558_FRANCISCO_RICARDO_C_Poliza_040940429558000000.pdf
2025-10-02 16:27:03 | Adjunto: REPORTAR SINIESTRO QUALITAS.jpg
2025-10-02 16:27:03 | ? Verificación PDF: REPORTAR SINIESTRO QUALITAS.jpg -> NO es PDF
2025-10-02 16:27:03 | Adjunto: CONDICIONES GENERALES QUALITAS AUTOS.pdf
2025-10-02 16:27:03 | ? Verificación PDF: CONDICIONES GENERALES QUALITAS AUTOS.pdf -> EXTENSIÓN VÁLIDA
2025-10-02 16:27:03 | ? PDF ENCONTRADO: CONDICIONES GENERALES QUALITAS AUTOS.pdf
2025-10-02 16:27:03 | Guardando como: 20251002_162703_autos2_0940429558_FRANCISCO_RICARDO_C_CONDICIONES_GENERALES_QUALITAS_AUTOS.pdf
2025-10-02 16:27:03 | Ruta completa: C:\laragon\www\analizer_files\data\20251002_162703_autos2_0940429558_FRANCISCO_RICARDO_C_CONDICIONES_GENERALES_QUALITAS_AUTOS.pdf
2025-10-02 16:27:05 | ? PDF DESCARGADO EXITOSAMENTE: 20251002_162703_autos2_0940429558_FRANCISCO_RICARDO_C_CONDICIONES_GENERALES_QUALITAS_AUTOS.pdf
2025-10-02 16:27:05 | Adjunto: image003.png
2025-10-02 16:27:05 | ? Verificación PDF: image003.png -> NO es PDF
2025-10-02 16:27:05 | Adjunto: image004.png
2025-10-02 16:27:05 | ? Verificación PDF: image004.png -> NO es PDF
2025-10-02 16:27:05 | Adjunto: image005.png
2025-10-02 16:27:05 | ? Verificación PDF: image005.png -> NO es PDF
2025-10-02 16:27:05 | RESUMEN: 3 PDFs encontrados, 3 descargados
2025-10-02 16:35:49 | ?? NUEVO CORREO DETECTADO - Iniciando procesamiento...
2025-10-02 16:35:49 | === PROCESANDO CORREO ENTRANTE ===
2025-10-02 16:35:49 | Asunto: PRODUCCION AUTOS Y VIDA 02/10/2025 (1)
2025-10-02 16:35:49 | Remitente: Acevedo Couttolenc / Fabiola Garnica Esquivel
2025-10-02 16:35:49 | ?? Detectada cuenta EXCHANGE, extrayendo email real...
2025-10-02 16:35:49 | ? Email REAL obtenido de Exchange: sistemas3@ACEVEDOCOUTTOLENC.COM
2025-10-02 16:35:49 | Email remitente: sistemas3@acevedocouttolenc.com
2025-10-02 16:35:49 | Dominio detectado: acevedocouttolenc.com
2025-10-02 16:35:49 | ?? Comparando dominio: acevedocouttolenc.com vs acevedocouttolenc.com
2025-10-02 16:35:49 | ? DOMINIO COINCIDE
2025-10-02 16:35:49 | ? CORREO ACEPTADO - Dominio coincide
2025-10-02 16:35:49 | Buscando adjuntos. Total: 1
2025-10-02 16:35:49 | Adjunto: image001.png
2025-10-02 16:35:49 | ? Verificación PDF: image001.png -> NO es PDF
2025-10-02 16:35:49 | RESUMEN: 0 PDFs encontrados, 0 descargados
2025-10-02 16:54:52 | ?? NUEVO CORREO DETECTADO - Iniciando procesamiento...
2025-10-02 16:54:52 | === PROCESANDO CORREO ENTRANTE ===
2025-10-02 16:54:52 | Asunto: RE: 200070136 - 2	SOFIA RUIZ DE LA CONCHA	TIGUAN SPORT & STYLE 1.4 MOD. 2015
2025-10-02 16:54:52 | Remitente: Mayra [EMPACABADOS]
2025-10-02 16:54:52 | ? Email obtenido por SenderEmailAddress: mayra@empacabados.com
2025-10-02 16:54:52 | Email remitente: mayra@empacabados.com
2025-10-02 16:54:52 | Dominio detectado: empacabados.com
2025-10-02 16:54:52 | ?? Comparando dominio: empacabados.com vs acevedocouttolenc.com
2025-10-02 16:54:52 | ? DOMINIO NO COINCIDE
2025-10-02 16:54:52 | ? CORREO RECHAZADO - Dominio NO coincide. Esperado: acevedocouttolenc.com
2025-10-02 17:11:02 | ?? NUEVO CORREO DETECTADO - Iniciando procesamiento...
2025-10-02 17:11:02 | === PROCESANDO CORREO ENTRANTE ===
2025-10-02 17:11:02 | Asunto: 400060539	GRUBAC & ASOCIADOS	CHEVROLET BEAT SEDAN LT S MOD. 2018
2025-10-02 17:11:02 | Remitente: Acevedo Couttolenc / Abraham Pelcastre
2025-10-02 17:11:02 | ?? Detectada cuenta EXCHANGE, extrayendo email real...
2025-10-02 17:11:02 | ? Email REAL obtenido de Exchange: autos2@ACEVEDOCOUTTOLENC.COM
2025-10-02 17:11:02 | Email remitente: autos2@acevedocouttolenc.com
2025-10-02 17:11:02 | Dominio detectado: acevedocouttolenc.com
2025-10-02 17:11:02 | ?? Comparando dominio: acevedocouttolenc.com vs acevedocouttolenc.com
2025-10-02 17:11:02 | ? DOMINIO COINCIDE
2025-10-02 17:11:02 | ? CORREO ACEPTADO - Dominio coincide
2025-10-02 17:11:02 | Buscando adjuntos. Total: 7
2025-10-02 17:11:02 | Adjunto: RECIBO  400060539 CHEVROLET BEAT SEDAN LT STD.pdf
2025-10-02 17:11:02 | ? Verificación PDF: RECIBO  400060539 CHEVROLET BEAT SEDAN LT STD.pdf -> EXTENSIÓN VÁLIDA
2025-10-02 17:11:02 | ? PDF ENCONTRADO: RECIBO  400060539 CHEVROLET BEAT SEDAN LT STD.pdf
2025-10-02 17:11:02 | Guardando como: 20251002_171102_autos2_400060539_GRUBAC___ASOCIADOS_C_RECIBO__400060539_CHEVROLET_BEAT_SEDAN_LT_STD.pdf
2025-10-02 17:11:02 | Ruta completa: C:\laragon\www\analizer_files\data\20251002_171102_autos2_400060539_GRUBAC___ASOCIADOS_C_RECIBO__400060539_CHEVROLET_BEAT_SEDAN_LT_STD.pdf
2025-10-02 17:11:02 | ? PDF DESCARGADO EXITOSAMENTE: 20251002_171102_autos2_400060539_GRUBAC___ASOCIADOS_C_RECIBO__400060539_CHEVROLET_BEAT_SEDAN_LT_STD.pdf
2025-10-02 17:11:02 | Adjunto: POLIZA 400060539 CHEVROLET BEAT SEDAN LT STD.pdf
2025-10-02 17:11:02 | ? Verificación PDF: POLIZA 400060539 CHEVROLET BEAT SEDAN LT STD.pdf -> EXTENSIÓN VÁLIDA
2025-10-02 17:11:02 | ? PDF ENCONTRADO: POLIZA 400060539 CHEVROLET BEAT SEDAN LT STD.pdf
2025-10-02 17:11:02 | Guardando como: 20251002_171102_autos2_400060539_GRUBAC___ASOCIADOS_C_POLIZA_400060539_CHEVROLET_BEAT_SEDAN_LT_STD.pdf
2025-10-02 17:11:02 | Ruta completa: C:\laragon\www\analizer_files\data\20251002_171102_autos2_400060539_GRUBAC___ASOCIADOS_C_POLIZA_400060539_CHEVROLET_BEAT_SEDAN_LT_STD.pdf
2025-10-02 17:11:02 | ? PDF DESCARGADO EXITOSAMENTE: 20251002_171102_autos2_400060539_GRUBAC___ASOCIADOS_C_POLIZA_400060539_CHEVROLET_BEAT_SEDAN_LT_STD.pdf
2025-10-02 17:11:02 | Adjunto: image001.png
2025-10-02 17:11:02 | ? Verificación PDF: image001.png -> NO es PDF
2025-10-02 17:11:02 | Adjunto: image002.png
2025-10-02 17:11:02 | ? Verificación PDF: image002.png -> NO es PDF
2025-10-02 17:11:02 | Adjunto: ANEXO Robo Parcial.pdf
2025-10-02 17:11:02 | ? Verificación PDF: ANEXO Robo Parcial.pdf -> EXTENSIÓN VÁLIDA
2025-10-02 17:11:02 | ? PDF ENCONTRADO: ANEXO Robo Parcial.pdf
2025-10-02 17:11:02 | Guardando como: 20251002_171102_autos2_400060539_GRUBAC___ASOCIADOS_C_ANEXO_Robo_Parcial.pdf
2025-10-02 17:11:02 | Ruta completa: C:\laragon\www\analizer_files\data\20251002_171102_autos2_400060539_GRUBAC___ASOCIADOS_C_ANEXO_Robo_Parcial.pdf
2025-10-02 17:11:03 | ? PDF DESCARGADO EXITOSAMENTE: 20251002_171102_autos2_400060539_GRUBAC___ASOCIADOS_C_ANEXO_Robo_Parcial.pdf
2025-10-02 17:11:03 | Adjunto: 40.pdf
2025-10-02 17:11:03 | ? Verificación PDF: 40.pdf -> EXTENSIÓN VÁLIDA
2025-10-02 17:11:03 | ? PDF ENCONTRADO: 40.pdf
2025-10-02 17:11:03 | Guardando como: 20251002_171103_autos2_400060539_GRUBAC___ASOCIADOS_C_40.pdf
2025-10-02 17:11:03 | Ruta completa: C:\laragon\www\analizer_files\data\20251002_171103_autos2_400060539_GRUBAC___ASOCIADOS_C_40.pdf
2025-10-02 17:11:03 | ? PDF DESCARGADO EXITOSAMENTE: 20251002_171103_autos2_400060539_GRUBAC___ASOCIADOS_C_40.pdf
2025-10-02 17:11:03 | Adjunto: image003.png
2025-10-02 17:11:03 | ? Verificación PDF: image003.png -> NO es PDF
2025-10-02 17:11:03 | RESUMEN: 4 PDFs encontrados, 4 descargados
2025-10-02 17:24:16 | ?? NUEVO CORREO DETECTADO - Iniciando procesamiento...
2025-10-02 17:24:16 | === PROCESANDO CORREO ENTRANTE ===
2025-10-02 17:24:16 | Asunto: POL.  26451994 / PL REPRESENTACIONES   /INTERNACIONAL / 170778
2025-10-02 17:24:16 | Remitente: Acevedo Couttolenc / Yesbeck Hutzil
2025-10-02 17:24:16 | ?? Detectada cuenta EXCHANGE, extrayendo email real...
2025-10-02 17:24:16 | ? Email REAL obtenido de Exchange: gmm@ACEVEDOCOUTTOLENC.COM
2025-10-02 17:24:16 | Email remitente: gmm@acevedocouttolenc.com
2025-10-02 17:24:16 | Dominio detectado: acevedocouttolenc.com
2025-10-02 17:24:16 | ?? Comparando dominio: acevedocouttolenc.com vs acevedocouttolenc.com
2025-10-02 17:24:16 | ? DOMINIO COINCIDE
2025-10-02 17:24:16 | ? CORREO ACEPTADO - Dominio coincide
2025-10-02 17:24:16 | Buscando adjuntos. Total: 5
2025-10-02 17:24:16 | Adjunto: 26451994_Endoso_26-2-170778_GM09_13.pdf
2025-10-02 17:24:16 | ? Verificación PDF: 26451994_Endoso_26-2-170778_GM09_13.pdf -> EXTENSIÓN VÁLIDA
2025-10-02 17:24:16 | ? PDF ENCONTRADO: 26451994_Endoso_26-2-170778_GM09_13.pdf
2025-10-02 17:24:16 | Guardando como: 20251002_172416_gmm_POL.__26451994___PL_REPRESENTA_26451994_Endoso_26-2-170778_GM09_13.pdf
2025-10-02 17:24:16 | Ruta completa: C:\laragon\www\analizer_files\data\20251002_172416_gmm_POL.__26451994___PL_REPRESENTA_26451994_Endoso_26-2-170778_GM09_13.pdf
2025-10-02 17:24:16 | ? PDF DESCARGADO EXITOSAMENTE: 20251002_172416_gmm_POL.__26451994___PL_REPRESENTA_26451994_Endoso_26-2-170778_GM09_13.pdf
2025-10-02 17:24:16 | Adjunto: 26451994_ListadoEndoso_26-2-170778_GM07_12.pdf
2025-10-02 17:24:16 | ? Verificación PDF: 26451994_ListadoEndoso_26-2-170778_GM07_12.pdf -> EXTENSIÓN VÁLIDA
2025-10-02 17:24:16 | ? PDF ENCONTRADO: 26451994_ListadoEndoso_26-2-170778_GM07_12.pdf
2025-10-02 17:24:16 | Guardando como: 20251002_172416_gmm_POL.__26451994___PL_REPRESENTA_26451994_ListadoEndoso_26-2-170778_GM07_12.pdf
2025-10-02 17:24:16 | Ruta completa: C:\laragon\www\analizer_files\data\20251002_172416_gmm_POL.__26451994___PL_REPRESENTA_26451994_ListadoEndoso_26-2-170778_GM07_12.pdf
2025-10-02 17:24:16 | ? PDF DESCARGADO EXITOSAMENTE: 20251002_172416_gmm_POL.__26451994___PL_REPRESENTA_26451994_ListadoEndoso_26-2-170778_GM07_12.pdf
2025-10-02 17:24:16 | Adjunto: 26451994_Solicitud_de_CobroEndoso_170778_RE01_10.pdf
2025-10-02 17:24:16 | ? Verificación PDF: 26451994_Solicitud_de_CobroEndoso_170778_RE01_10.pdf -> EXTENSIÓN VÁLIDA
2025-10-02 17:24:16 | ? PDF ENCONTRADO: 26451994_Solicitud_de_CobroEndoso_170778_RE01_10.pdf
2025-10-02 17:24:16 | Guardando como: 20251002_172416_gmm_POL.__26451994___PL_REPRESENTA_26451994_Solicitud_de_CobroEndoso_170778_RE01_10.pdf
2025-10-02 17:24:16 | Ruta completa: C:\laragon\www\analizer_files\data\20251002_172416_gmm_POL.__26451994___PL_REPRESENTA_26451994_Solicitud_de_CobroEndoso_170778_RE01_10.pdf
2025-10-02 17:24:16 | ? PDF DESCARGADO EXITOSAMENTE: 20251002_172416_gmm_POL.__26451994___PL_REPRESENTA_26451994_Solicitud_de_CobroEndoso_170778_RE01_10.pdf
2025-10-02 17:24:16 | Adjunto: 26451994_Aviso_de_PagoEndoso_170778_RE02_7.pdf
2025-10-02 17:24:16 | ? Verificación PDF: 26451994_Aviso_de_PagoEndoso_170778_RE02_7.pdf -> EXTENSIÓN VÁLIDA
2025-10-02 17:24:16 | ? PDF ENCONTRADO: 26451994_Aviso_de_PagoEndoso_170778_RE02_7.pdf
2025-10-02 17:24:16 | Guardando como: 20251002_172416_gmm_POL.__26451994___PL_REPRESENTA_26451994_Aviso_de_PagoEndoso_170778_RE02_7.pdf
2025-10-02 17:24:16 | Ruta completa: C:\laragon\www\analizer_files\data\20251002_172416_gmm_POL.__26451994___PL_REPRESENTA_26451994_Aviso_de_PagoEndoso_170778_RE02_7.pdf
2025-10-02 17:24:16 | ? PDF DESCARGADO EXITOSAMENTE: 20251002_172416_gmm_POL.__26451994___PL_REPRESENTA_26451994_Aviso_de_PagoEndoso_170778_RE02_7.pdf
2025-10-02 17:24:16 | Adjunto: image001.png
2025-10-02 17:24:16 | ? Verificación PDF: image001.png -> NO es PDF
2025-10-02 17:24:16 | RESUMEN: 4 PDFs encontrados, 4 descargados
2025-10-02 17:28:28 | ?? NUEVO CORREO DETECTADO - Iniciando procesamiento...
2025-10-02 17:28:28 | === PROCESANDO CORREO ENTRANTE ===
2025-10-02 17:28:28 | Asunto:  150292226801	ACSA LOGISTICS DE LAS ALTAS MONTAÑAS SA DE CV	LEGALIZADO TRACTOCAMION LEGALIZADO
2025-10-02 17:28:28 | Remitente: Acevedo Couttolenc / Abraham Pelcastre
2025-10-02 17:28:28 | ?? Detectada cuenta EXCHANGE, extrayendo email real...
2025-10-02 17:28:28 | ? Email REAL obtenido de Exchange: autos2@ACEVEDOCOUTTOLENC.COM
2025-10-02 17:28:28 | Email remitente: autos2@acevedocouttolenc.com
2025-10-02 17:28:28 | Dominio detectado: acevedocouttolenc.com
2025-10-02 17:28:28 | ?? Comparando dominio: acevedocouttolenc.com vs acevedocouttolenc.com
2025-10-02 17:28:28 | ? DOMINIO COINCIDE
2025-10-02 17:28:28 | ? CORREO ACEPTADO - Dominio coincide
2025-10-02 17:28:28 | Buscando adjuntos. Total: 4
2025-10-02 17:28:28 | Adjunto: POLIZA 150292226801.pdf
2025-10-02 17:28:28 | ? Verificación PDF: POLIZA 150292226801.pdf -> EXTENSIÓN VÁLIDA
2025-10-02 17:28:28 | ? PDF ENCONTRADO: POLIZA 150292226801.pdf
2025-10-02 17:28:28 | Guardando como: 20251002_172828_autos2_150292226801_ACSA_LOGISTICS_DE_POLIZA_150292226801.pdf
2025-10-02 17:28:28 | Ruta completa: C:\laragon\www\analizer_files\data\20251002_172828_autos2_150292226801_ACSA_LOGISTICS_DE_POLIZA_150292226801.pdf
2025-10-02 17:28:28 | ? PDF DESCARGADO EXITOSAMENTE: 20251002_172828_autos2_150292226801_ACSA_LOGISTICS_DE_POLIZA_150292226801.pdf
2025-10-02 17:28:28 | Adjunto: ENDOSO.pdf
2025-10-02 17:28:28 | ? Verificación PDF: ENDOSO.pdf -> EXTENSIÓN VÁLIDA
2025-10-02 17:28:28 | ? PDF ENCONTRADO: ENDOSO.pdf
2025-10-02 17:28:28 | Guardando como: 20251002_172828_autos2_150292226801_ACSA_LOGISTICS_DE_ENDOSO.pdf
2025-10-02 17:28:28 | Ruta completa: C:\laragon\www\analizer_files\data\20251002_172828_autos2_150292226801_ACSA_LOGISTICS_DE_ENDOSO.pdf
2025-10-02 17:28:28 | ? PDF DESCARGADO EXITOSAMENTE: 20251002_172828_autos2_150292226801_ACSA_LOGISTICS_DE_ENDOSO.pdf
2025-10-02 17:28:28 | Adjunto: image003.png
2025-10-02 17:28:28 | ? Verificación PDF: image003.png -> NO es PDF
2025-10-02 17:28:28 | Adjunto: image002.png
2025-10-02 17:28:28 | ? Verificación PDF: image002.png -> NO es PDF
2025-10-02 17:28:28 | RESUMEN: 2 PDFs encontrados, 2 descargados
2025-10-02 17:36:56 | ?? NUEVO CORREO DETECTADO - Iniciando procesamiento...
2025-10-02 17:36:56 | === PROCESANDO CORREO ENTRANTE ===
2025-10-02 17:36:56 | Asunto: RE: 2025 10 02 FACTURA por pago de recibo P01 - 66480, Póliza #006-075-07000031-08 Responsabilidad Civil Exportación CARAMELOS DON PICOSO
2025-10-02 17:36:56 | Remitente: Acevedo Couttolenc / Facturación
2025-10-02 17:36:56 | ?? Detectada cuenta EXCHANGE, extrayendo email real...
2025-10-02 17:36:56 | ? Email REAL obtenido de Exchange: facturacion@ACEVEDOCOUTTOLENC.COM
2025-10-02 17:36:56 | Email remitente: facturacion@acevedocouttolenc.com
2025-10-02 17:36:56 | Dominio detectado: acevedocouttolenc.com
2025-10-02 17:36:56 | ?? Comparando dominio: acevedocouttolenc.com vs acevedocouttolenc.com
2025-10-02 17:36:56 | ? DOMINIO COINCIDE
2025-10-02 17:36:56 | ? CORREO ACEPTADO - Dominio coincide
2025-10-02 17:36:56 | Buscando adjuntos. Total: 8
2025-10-02 17:36:56 | Adjunto: 06-075-07000031-08 CARAMELOS DON PICOSO S.A. DE C.V..pdf
2025-10-02 17:36:56 | ? Verificación PDF: 06-075-07000031-08 CARAMELOS DON PICOSO S.A. DE C.V..pdf -> EXTENSIÓN VÁLIDA
2025-10-02 17:36:56 | ? PDF ENCONTRADO: 06-075-07000031-08 CARAMELOS DON PICOSO S.A. DE C.V..pdf
2025-10-02 17:36:56 | Guardando como: 20251002_173656_facturacion_RE__2025_10_02_FACTURA_por_pag_06-075-07000031-08_CARAMELOS_DON_PICOSO_S.A._DE_C.V..pdf
2025-10-02 17:36:56 | Ruta completa: C:\laragon\www\analizer_files\data\20251002_173656_facturacion_RE__2025_10_02_FACTURA_por_pag_06-075-07000031-08_CARAMELOS_DON_PICOSO_S.A._DE_C.V..pdf
2025-10-02 17:36:57 | ? PDF DESCARGADO EXITOSAMENTE: 20251002_173656_facturacion_RE__2025_10_02_FACTURA_por_pag_06-075-07000031-08_CARAMELOS_DON_PICOSO_S.A._DE_C.V..pdf
2025-10-02 17:36:57 | Adjunto: 06-075-07000031-08 CARAMELOS DON PICOSO S.A. DE C.V..xml
2025-10-02 17:36:57 | ? Verificación PDF: 06-075-07000031-08 CARAMELOS DON PICOSO S.A. DE C.V..xml -> NO es PDF
2025-10-02 17:36:57 | Adjunto: image009.png
2025-10-02 17:36:57 | ? Verificación PDF: image009.png -> NO es PDF
2025-10-02 17:36:57 | Adjunto: image010.png
2025-10-02 17:36:57 | ? Verificación PDF: image010.png -> NO es PDF
2025-10-02 17:36:57 | Adjunto: image005.png
2025-10-02 17:36:57 | ? Verificación PDF: image005.png -> NO es PDF
2025-10-02 17:36:57 | Adjunto: image006.png
2025-10-02 17:36:57 | ? Verificación PDF: image006.png -> NO es PDF
2025-10-02 17:36:57 | Adjunto: image007.png
2025-10-02 17:36:57 | ? Verificación PDF: image007.png -> NO es PDF
2025-10-02 17:36:57 | Adjunto: image008.png
2025-10-02 17:36:57 | ? Verificación PDF: image008.png -> NO es PDF
2025-10-02 17:36:57 | RESUMEN: 1 PDFs encontrados, 1 descargados
2025-10-02 17:37:04 | ?? NUEVO CORREO DETECTADO - Iniciando procesamiento...
2025-10-02 17:37:04 | === PROCESANDO CORREO ENTRANTE ===
2025-10-02 17:37:04 | Asunto: Re: POL.  26451994 / PL REPRESENTACIONES   /INTERNACIONAL / 170778
2025-10-02 17:37:04 | Remitente: Severino Lamuño
2025-10-02 17:37:04 | ? Email obtenido por SenderEmailAddress: severino.lamuno@gmail.com
2025-10-02 17:37:04 | Email remitente: severino.lamuno@gmail.com
2025-10-02 17:37:04 | Dominio detectado: gmail.com
2025-10-02 17:37:04 | ?? Comparando dominio: gmail.com vs acevedocouttolenc.com
2025-10-02 17:37:04 | ? DOMINIO NO COINCIDE
2025-10-02 17:37:04 | ? CORREO RECHAZADO - Dominio NO coincide. Esperado: acevedocouttolenc.com
2025-10-02 17:41:26 | ?? NUEVO CORREO DETECTADO - Iniciando procesamiento...
2025-10-02 17:41:26 | === PROCESANDO CORREO ENTRANTE ===
2025-10-02 17:41:26 | Asunto: 200070302 - 2	ABARROTERA DE CHOLULA	MARCH 1.6 SENSE 04 STD MOD. 2023
2025-10-02 17:41:26 | Remitente: Acevedo Couttolenc / Abraham Pelcastre
2025-10-02 17:41:26 | ?? Detectada cuenta EXCHANGE, extrayendo email real...
2025-10-02 17:41:26 | ? Email REAL obtenido de Exchange: autos2@ACEVEDOCOUTTOLENC.COM
2025-10-02 17:41:26 | Email remitente: autos2@acevedocouttolenc.com
2025-10-02 17:41:26 | Dominio detectado: acevedocouttolenc.com
2025-10-02 17:41:26 | ?? Comparando dominio: acevedocouttolenc.com vs acevedocouttolenc.com
2025-10-02 17:41:26 | ? DOMINIO COINCIDE
2025-10-02 17:41:26 | ? CORREO ACEPTADO - Dominio coincide
2025-10-02 17:41:26 | Buscando adjuntos. Total: 8
2025-10-02 17:41:26 | Adjunto: RECIBO 200070302 MARCH 1.6 SENSE 04 STD 2023.pdf
2025-10-02 17:41:26 | ? Verificación PDF: RECIBO 200070302 MARCH 1.6 SENSE 04 STD 2023.pdf -> EXTENSIÓN VÁLIDA
2025-10-02 17:41:26 | ? PDF ENCONTRADO: RECIBO 200070302 MARCH 1.6 SENSE 04 STD 2023.pdf
2025-10-02 17:41:26 | Guardando como: 20251002_174126_autos2_200070302_-_2_ABARROTERA_DE_CH_RECIBO_200070302_MARCH_1.6_SENSE_04_STD_2023.pdf
2025-10-02 17:41:26 | Ruta completa: C:\laragon\www\analizer_files\data\20251002_174126_autos2_200070302_-_2_ABARROTERA_DE_CH_RECIBO_200070302_MARCH_1.6_SENSE_04_STD_2023.pdf
2025-10-02 17:41:27 | ? PDF DESCARGADO EXITOSAMENTE: 20251002_174126_autos2_200070302_-_2_ABARROTERA_DE_CH_RECIBO_200070302_MARCH_1.6_SENSE_04_STD_2023.pdf
2025-10-02 17:41:27 | Adjunto: POLIZA 200070302 MARCH 1.6 SENSE 04 STD 2023.pdf
2025-10-02 17:41:27 | ? Verificación PDF: POLIZA 200070302 MARCH 1.6 SENSE 04 STD 2023.pdf -> EXTENSIÓN VÁLIDA
2025-10-02 17:41:27 | ? PDF ENCONTRADO: POLIZA 200070302 MARCH 1.6 SENSE 04 STD 2023.pdf
2025-10-02 17:41:27 | Guardando como: 20251002_174127_autos2_200070302_-_2_ABARROTERA_DE_CH_POLIZA_200070302_MARCH_1.6_SENSE_04_STD_2023.pdf
2025-10-02 17:41:27 | Ruta completa: C:\laragon\www\analizer_files\data\20251002_174127_autos2_200070302_-_2_ABARROTERA_DE_CH_POLIZA_200070302_MARCH_1.6_SENSE_04_STD_2023.pdf
2025-10-02 17:41:27 | ? PDF DESCARGADO EXITOSAMENTE: 20251002_174127_autos2_200070302_-_2_ABARROTERA_DE_CH_POLIZA_200070302_MARCH_1.6_SENSE_04_STD_2023.pdf
2025-10-02 17:41:27 | Adjunto: ANEXO Robo Parcial.pdf
2025-10-02 17:41:27 | ? Verificación PDF: ANEXO Robo Parcial.pdf -> EXTENSIÓN VÁLIDA
2025-10-02 17:41:27 | ? PDF ENCONTRADO: ANEXO Robo Parcial.pdf
2025-10-02 17:41:27 | Guardando como: 20251002_174127_autos2_200070302_-_2_ABARROTERA_DE_CH_ANEXO_Robo_Parcial.pdf
2025-10-02 17:41:27 | Ruta completa: C:\laragon\www\analizer_files\data\20251002_174127_autos2_200070302_-_2_ABARROTERA_DE_CH_ANEXO_Robo_Parcial.pdf
2025-10-02 17:41:27 | ? PDF DESCARGADO EXITOSAMENTE: 20251002_174127_autos2_200070302_-_2_ABARROTERA_DE_CH_ANEXO_Robo_Parcial.pdf
2025-10-02 17:41:27 | Adjunto: CONDICIONES GENERALES SURA AUTOS.zip
2025-10-02 17:41:27 | ? Verificación PDF: CONDICIONES GENERALES SURA AUTOS.zip -> NO es PDF
2025-10-02 17:41:27 | Adjunto: REPORTE SINIESTRO SURA.jpeg
2025-10-02 17:41:27 | ? Verificación PDF: REPORTE SINIESTRO SURA.jpeg -> NO es PDF
2025-10-02 17:41:27 | Adjunto: image001.png
2025-10-02 17:41:27 | ? Verificación PDF: image001.png -> NO es PDF
2025-10-02 17:41:27 | Adjunto: image002.png
2025-10-02 17:41:27 | ? Verificación PDF: image002.png -> NO es PDF
2025-10-02 17:41:27 | Adjunto: image003.png
2025-10-02 17:41:27 | ? Verificación PDF: image003.png -> NO es PDF
2025-10-02 17:41:27 | RESUMEN: 3 PDFs encontrados, 3 descargados
2025-10-02 17:41:46 | ?? NUEVO CORREO DETECTADO - Iniciando procesamiento...
2025-10-02 17:41:46 | === PROCESANDO CORREO ENTRANTE ===
2025-10-02 17:41:46 | Asunto: PRODUCCION GMM 02102025
2025-10-02 17:41:46 | Remitente: Acevedo Couttolenc / Georgina Hernandez
2025-10-02 17:41:46 | ?? Detectada cuenta EXCHANGE, extrayendo email real...
2025-10-02 17:41:46 | ? Email REAL obtenido de Exchange: sistemas1@ACEVEDOCOUTTOLENC.COM
2025-10-02 17:41:46 | Email remitente: sistemas1@acevedocouttolenc.com
2025-10-02 17:41:46 | Dominio detectado: acevedocouttolenc.com
2025-10-02 17:41:46 | ?? Comparando dominio: acevedocouttolenc.com vs acevedocouttolenc.com
2025-10-02 17:41:46 | ? DOMINIO COINCIDE
2025-10-02 17:41:46 | ? CORREO ACEPTADO - Dominio coincide
2025-10-02 17:41:46 | Buscando adjuntos. Total: 1
2025-10-02 17:41:46 | Adjunto: image001.png
2025-10-02 17:41:46 | ? Verificación PDF: image001.png -> NO es PDF
2025-10-02 17:41:46 | RESUMEN: 0 PDFs encontrados, 0 descargados
2025-10-02 17:52:24 | ?? NUEVO CORREO DETECTADO - Iniciando procesamiento...
2025-10-02 17:52:24 | === PROCESANDO CORREO ENTRANTE ===
2025-10-02 17:52:24 | Asunto: 112071253 // MOLINA CARRION ANA PAOLA // TOYOTA SEQUOIA PLATINUM MOD 2021
2025-10-02 17:52:24 | Remitente: Acevedo Couttolenc / Diana Carrillo
2025-10-02 17:52:24 | ?? Detectada cuenta EXCHANGE, extrayendo email real...
2025-10-02 17:52:24 | ? Email REAL obtenido de Exchange: autos1@ACEVEDOCOUTTOLENC.COM
2025-10-02 17:52:24 | Email remitente: autos1@acevedocouttolenc.com
2025-10-02 17:52:24 | Dominio detectado: acevedocouttolenc.com
2025-10-02 17:52:24 | ?? Comparando dominio: acevedocouttolenc.com vs acevedocouttolenc.com
2025-10-02 17:52:24 | ? DOMINIO COINCIDE
2025-10-02 17:52:24 | ? CORREO ACEPTADO - Dominio coincide
2025-10-02 17:52:24 | Buscando adjuntos. Total: 7
2025-10-02 17:52:24 | Adjunto: image003.png
2025-10-02 17:52:24 | ? Verificación PDF: image003.png -> NO es PDF
2025-10-02 17:52:24 | Adjunto: 112071253_Recibo.pdf
2025-10-02 17:52:24 | ? Verificación PDF: 112071253_Recibo.pdf -> EXTENSIÓN VÁLIDA
2025-10-02 17:52:24 | ? PDF ENCONTRADO: 112071253_Recibo.pdf
2025-10-02 17:52:24 | Guardando como: 20251002_175224_autos1_112071253___MOLINA_CARRION_ANA_112071253_Recibo.pdf
2025-10-02 17:52:24 | Ruta completa: C:\laragon\www\analizer_files\data\20251002_175224_autos1_112071253___MOLINA_CARRION_ANA_112071253_Recibo.pdf
2025-10-02 17:52:24 | ? PDF DESCARGADO EXITOSAMENTE: 20251002_175224_autos1_112071253___MOLINA_CARRION_ANA_112071253_Recibo.pdf
2025-10-02 17:52:24 | Adjunto: 112071253_Poliza.pdf
2025-10-02 17:52:24 | ? Verificación PDF: 112071253_Poliza.pdf -> EXTENSIÓN VÁLIDA
2025-10-02 17:52:24 | ? PDF ENCONTRADO: 112071253_Poliza.pdf
2025-10-02 17:52:24 | Guardando como: 20251002_175224_autos1_112071253___MOLINA_CARRION_ANA_112071253_Poliza.pdf
2025-10-02 17:52:24 | Ruta completa: C:\laragon\www\analizer_files\data\20251002_175224_autos1_112071253___MOLINA_CARRION_ANA_112071253_Poliza.pdf
2025-10-02 17:52:24 | ? PDF DESCARGADO EXITOSAMENTE: 20251002_175224_autos1_112071253___MOLINA_CARRION_ANA_112071253_Poliza.pdf
2025-10-02 17:52:24 | Adjunto: guia-del--asegurado.pdf
2025-10-02 17:52:24 | ? Verificación PDF: guia-del--asegurado.pdf -> EXTENSIÓN VÁLIDA
2025-10-02 17:52:24 | ? PDF ENCONTRADO: guia-del--asegurado.pdf
2025-10-02 17:52:24 | Guardando como: 20251002_175224_autos1_112071253___MOLINA_CARRION_ANA_guia-del--asegurado.pdf
2025-10-02 17:52:24 | Ruta completa: C:\laragon\www\analizer_files\data\20251002_175224_autos1_112071253___MOLINA_CARRION_ANA_guia-del--asegurado.pdf
2025-10-02 17:52:24 | ? PDF DESCARGADO EXITOSAMENTE: 20251002_175224_autos1_112071253___MOLINA_CARRION_ANA_guia-del--asegurado.pdf
2025-10-02 17:52:24 | Adjunto: cuponera_zurich.pdf
2025-10-02 17:52:24 | ? Verificación PDF: cuponera_zurich.pdf -> EXTENSIÓN VÁLIDA
2025-10-02 17:52:24 | ? PDF ENCONTRADO: cuponera_zurich.pdf
2025-10-02 17:52:24 | Guardando como: 20251002_175224_autos1_112071253___MOLINA_CARRION_ANA_cuponera_zurich.pdf
2025-10-02 17:52:24 | Ruta completa: C:\laragon\www\analizer_files\data\20251002_175224_autos1_112071253___MOLINA_CARRION_ANA_cuponera_zurich.pdf
2025-10-02 17:52:25 | ? PDF DESCARGADO EXITOSAMENTE: 20251002_175224_autos1_112071253___MOLINA_CARRION_ANA_cuponera_zurich.pdf
2025-10-02 17:52:25 | Adjunto: Condiciones_Generales.pdf
2025-10-02 17:52:25 | ? Verificación PDF: Condiciones_Generales.pdf -> EXTENSIÓN VÁLIDA
2025-10-02 17:52:25 | ? PDF ENCONTRADO: Condiciones_Generales.pdf
2025-10-02 17:52:25 | Guardando como: 20251002_175225_autos1_112071253___MOLINA_CARRION_ANA_Condiciones_Generales.pdf
2025-10-02 17:52:25 | Ruta completa: C:\laragon\www\analizer_files\data\20251002_175225_autos1_112071253___MOLINA_CARRION_ANA_Condiciones_Generales.pdf
2025-10-02 17:52:26 | ? PDF DESCARGADO EXITOSAMENTE: 20251002_175225_autos1_112071253___MOLINA_CARRION_ANA_Condiciones_Generales.pdf
2025-10-02 17:52:26 | Adjunto: image002.png
2025-10-02 17:52:26 | ? Verificación PDF: image002.png -> NO es PDF
2025-10-02 17:52:26 | RESUMEN: 5 PDFs encontrados, 5 descargados
2025-10-02 18:00:36 | ?? NUEVO CORREO DETECTADO - Iniciando procesamiento...
2025-10-02 18:00:36 | === PROCESANDO CORREO ENTRANTE ===
2025-10-02 18:00:36 | Asunto: 500056182 - 5	ALFREDO ACEVEDO HACES	VW TERRAMONT COMFORTLINE PLUS 2019
2025-10-02 18:00:36 | Remitente: Acevedo Couttolenc / Abraham Pelcastre
2025-10-02 18:00:36 | ?? Detectada cuenta EXCHANGE, extrayendo email real...
2025-10-02 18:00:36 | ? Email REAL obtenido de Exchange: autos2@ACEVEDOCOUTTOLENC.COM
2025-10-02 18:00:36 | Email remitente: autos2@acevedocouttolenc.com
2025-10-02 18:00:36 | Dominio detectado: acevedocouttolenc.com
2025-10-02 18:00:36 | ?? Comparando dominio: acevedocouttolenc.com vs acevedocouttolenc.com
2025-10-02 18:00:36 | ? DOMINIO COINCIDE
2025-10-02 18:00:36 | ? CORREO ACEPTADO - Dominio coincide
2025-10-02 18:00:36 | Buscando adjuntos. Total: 7
2025-10-02 18:00:36 | Adjunto: image005.png
2025-10-02 18:00:36 | ? Verificación PDF: image005.png -> NO es PDF
2025-10-02 18:00:36 | Adjunto: image006.png
2025-10-02 18:00:36 | ? Verificación PDF: image006.png -> NO es PDF
2025-10-02 18:00:36 | Adjunto: REPORTAR SINIESTRO  SURA.jpg
2025-10-02 18:00:36 | ? Verificación PDF: REPORTAR SINIESTRO  SURA.jpg -> NO es PDF
2025-10-02 18:00:36 | Adjunto: MOVILIDAD.pdf
2025-10-02 18:00:36 | ? Verificación PDF: MOVILIDAD.pdf -> EXTENSIÓN VÁLIDA
2025-10-02 18:00:36 | ? PDF ENCONTRADO: MOVILIDAD.pdf
2025-10-02 18:00:36 | Guardando como: 20251002_180036_autos2_500056182_-_5_ALFREDO_ACEVEDO__MOVILIDAD.pdf
2025-10-02 18:00:36 | Ruta completa: C:\laragon\www\analizer_files\data\20251002_180036_autos2_500056182_-_5_ALFREDO_ACEVEDO__MOVILIDAD.pdf
2025-10-02 18:00:36 | ? PDF DESCARGADO EXITOSAMENTE: 20251002_180036_autos2_500056182_-_5_ALFREDO_ACEVEDO__MOVILIDAD.pdf
2025-10-02 18:00:36 | Adjunto: RECIBO 500056182 VW TERRAMONT COMFORTLINE P.pdf
2025-10-02 18:00:36 | ? Verificación PDF: RECIBO 500056182 VW TERRAMONT COMFORTLINE P.pdf -> EXTENSIÓN VÁLIDA
2025-10-02 18:00:36 | ? PDF ENCONTRADO: RECIBO 500056182 VW TERRAMONT COMFORTLINE P.pdf
2025-10-02 18:00:36 | Guardando como: 20251002_180036_autos2_500056182_-_5_ALFREDO_ACEVEDO__RECIBO_500056182_VW_TERRAMONT_COMFORTLINE_P.pdf
2025-10-02 18:00:36 | Ruta completa: C:\laragon\www\analizer_files\data\20251002_180036_autos2_500056182_-_5_ALFREDO_ACEVEDO__RECIBO_500056182_VW_TERRAMONT_COMFORTLINE_P.pdf
2025-10-02 18:00:36 | ? PDF DESCARGADO EXITOSAMENTE: 20251002_180036_autos2_500056182_-_5_ALFREDO_ACEVEDO__RECIBO_500056182_VW_TERRAMONT_COMFORTLINE_P.pdf
2025-10-02 18:00:36 | Adjunto: POLIZA 500056182 VW TERRAMONT COMFORTLINE P.pdf
2025-10-02 18:00:36 | ? Verificación PDF: POLIZA 500056182 VW TERRAMONT COMFORTLINE P.pdf -> EXTENSIÓN VÁLIDA
2025-10-02 18:00:36 | ? PDF ENCONTRADO: POLIZA 500056182 VW TERRAMONT COMFORTLINE P.pdf
2025-10-02 18:00:37 | Guardando como: 20251002_180036_autos2_500056182_-_5_ALFREDO_ACEVEDO__POLIZA_500056182_VW_TERRAMONT_COMFORTLINE_P.pdf
2025-10-02 18:00:37 | Ruta completa: C:\laragon\www\analizer_files\data\20251002_180036_autos2_500056182_-_5_ALFREDO_ACEVEDO__POLIZA_500056182_VW_TERRAMONT_COMFORTLINE_P.pdf
2025-10-02 18:00:37 | ? PDF DESCARGADO EXITOSAMENTE: 20251002_180036_autos2_500056182_-_5_ALFREDO_ACEVEDO__POLIZA_500056182_VW_TERRAMONT_COMFORTLINE_P.pdf
2025-10-02 18:00:37 | Adjunto: ANEXO Robo Parcial y Agencia Díez Años.pdf
2025-10-02 18:00:37 | ? Verificación PDF: ANEXO Robo Parcial y Agencia Díez Años.pdf -> EXTENSIÓN VÁLIDA
2025-10-02 18:00:37 | ? PDF ENCONTRADO: ANEXO Robo Parcial y Agencia Díez Años.pdf
2025-10-02 18:00:37 | Guardando como: 20251002_180037_autos2_500056182_-_5_ALFREDO_ACEVEDO__ANEXO_Robo_Parcial_y_Agencia_D_ez_A_os.pdf
2025-10-02 18:00:37 | Ruta completa: C:\laragon\www\analizer_files\data\20251002_180037_autos2_500056182_-_5_ALFREDO_ACEVEDO__ANEXO_Robo_Parcial_y_Agencia_D_ez_A_os.pdf
2025-10-02 18:00:37 | ? PDF DESCARGADO EXITOSAMENTE: 20251002_180037_autos2_500056182_-_5_ALFREDO_ACEVEDO__ANEXO_Robo_Parcial_y_Agencia_D_ez_A_os.pdf
2025-10-02 18:00:37 | RESUMEN: 4 PDFs encontrados, 4 descargados
2025-10-02 18:00:41 | ?? NUEVO CORREO DETECTADO - Iniciando procesamiento...
2025-10-02 18:00:41 | === PROCESANDO CORREO ENTRANTE ===
2025-10-02 18:00:41 | Asunto: 3202400005322 -  NEBULA SOCIAL CLUB, S.A. DE C.V.  -  SEGURO EMPRESARIAL
2025-10-02 18:00:41 | Remitente: Acevedo Couttolenc / Facundo Hernández
2025-10-02 18:00:41 | ?? Detectada cuenta EXCHANGE, extrayendo email real...
2025-10-02 18:00:41 | ? Email REAL obtenido de Exchange: danos2@ACEVEDOCOUTTOLENC.COM
2025-10-02 18:00:41 | Email remitente: danos2@acevedocouttolenc.com
2025-10-02 18:00:41 | Dominio detectado: acevedocouttolenc.com
2025-10-02 18:00:41 | ?? Comparando dominio: acevedocouttolenc.com vs acevedocouttolenc.com
2025-10-02 18:00:41 | ? DOMINIO COINCIDE
2025-10-02 18:00:41 | ? CORREO ACEPTADO - Dominio coincide
2025-10-02 18:00:41 | Buscando adjuntos. Total: 4
2025-10-02 18:00:41 | Adjunto: CARATULA Y CONDICIONES POLIZA 3202400005322 2 NEBULA SOCIAL CLUB.pdf
2025-10-02 18:00:41 | ? Verificación PDF: CARATULA Y CONDICIONES POLIZA 3202400005322 2 NEBULA SOCIAL CLUB.pdf -> EXTENSIÓN VÁLIDA
2025-10-02 18:00:41 | ? PDF ENCONTRADO: CARATULA Y CONDICIONES POLIZA 3202400005322 2 NEBULA SOCIAL CLUB.pdf
2025-10-02 18:00:41 | Guardando como: 20251002_180041_danos2_3202400005322_-__NEBULA_SOCIAL_CARATULA_Y_CONDICIONES_POLIZA_3202400005322_2_NEBULA_SOCIAL_CLUB.pdf
2025-10-02 18:00:41 | Ruta completa: C:\laragon\www\analizer_files\data\20251002_180041_danos2_3202400005322_-__NEBULA_SOCIAL_CARATULA_Y_CONDICIONES_POLIZA_3202400005322_2_NEBULA_SOCIAL_CLUB.pdf
2025-10-02 18:00:41 | ? PDF DESCARGADO EXITOSAMENTE: 20251002_180041_danos2_3202400005322_-__NEBULA_SOCIAL_CARATULA_Y_CONDICIONES_POLIZA_3202400005322_2_NEBULA_SOCIAL_CLUB.pdf
2025-10-02 18:00:41 | Adjunto: RECIBO DE PAGO POLIZA 3202400005322 3 NEBULA SOCIAL CLUB.pdf
2025-10-02 18:00:41 | ? Verificación PDF: RECIBO DE PAGO POLIZA 3202400005322 3 NEBULA SOCIAL CLUB.pdf -> EXTENSIÓN VÁLIDA
2025-10-02 18:00:41 | ? PDF ENCONTRADO: RECIBO DE PAGO POLIZA 3202400005322 3 NEBULA SOCIAL CLUB.pdf
2025-10-02 18:00:41 | Guardando como: 20251002_180041_danos2_3202400005322_-__NEBULA_SOCIAL_RECIBO_DE_PAGO_POLIZA_3202400005322_3_NEBULA_SOCIAL_CLUB.pdf
2025-10-02 18:00:41 | Ruta completa: C:\laragon\www\analizer_files\data\20251002_180041_danos2_3202400005322_-__NEBULA_SOCIAL_RECIBO_DE_PAGO_POLIZA_3202400005322_3_NEBULA_SOCIAL_CLUB.pdf
2025-10-02 18:00:41 | ? PDF DESCARGADO EXITOSAMENTE: 20251002_180041_danos2_3202400005322_-__NEBULA_SOCIAL_RECIBO_DE_PAGO_POLIZA_3202400005322_3_NEBULA_SOCIAL_CLUB.pdf
2025-10-02 18:00:41 | Adjunto: image007.png
2025-10-02 18:00:41 | ? Verificación PDF: image007.png -> NO es PDF
2025-10-02 18:00:41 | Adjunto: image008.png
2025-10-02 18:00:41 | ? Verificación PDF: image008.png -> NO es PDF
2025-10-02 18:00:41 | RESUMEN: 2 PDFs encontrados, 2 descargados
2025-10-02 18:06:34 | ?? NUEVO CORREO DETECTADO - Iniciando procesamiento...
2025-10-02 18:06:34 | === PROCESANDO CORREO ENTRANTE ===
2025-10-02 18:06:34 | Asunto: RE: RENOVACIÓN PÓLIZA DE VIDA INDIVIDUAL 48214134/ 48214167/ 48235220/ 48235402 QUIROZ AMEZAGA RICARDO
2025-10-02 18:06:34 | Remitente: Alejandra Madrid
2025-10-02 18:06:34 | ? Email obtenido por SenderEmailAddress: alejandra.madrid@la-josefina.com
2025-10-02 18:06:34 | Email remitente: alejandra.madrid@la-josefina.com
2025-10-02 18:06:34 | Dominio detectado: la-josefina.com
2025-10-02 18:06:34 | ?? Comparando dominio: la-josefina.com vs acevedocouttolenc.com
2025-10-02 18:06:34 | ? DOMINIO NO COINCIDE
2025-10-02 18:06:34 | ? CORREO RECHAZADO - Dominio NO coincide. Esperado: acevedocouttolenc.com
2025-10-02 18:08:08 | ?? NUEVO CORREO DETECTADO - Iniciando procesamiento...
2025-10-02 18:08:08 | === PROCESANDO CORREO ENTRANTE ===
2025-10-02 18:08:08 | Asunto: RV: 3932500001764 / AYAZUL INMOBILIARIA S.C. / EMISIÓN EMPRESARIAL
2025-10-02 18:08:08 | Remitente: Jorge Martinez Paz
2025-10-02 18:08:08 | ? Email obtenido por SenderEmailAddress: jmartinezp@grupolamorena.com
2025-10-02 18:08:08 | Email remitente: jmartinezp@grupolamorena.com
2025-10-02 18:08:08 | Dominio detectado: grupolamorena.com
2025-10-02 18:08:08 | ?? Comparando dominio: grupolamorena.com vs acevedocouttolenc.com
2025-10-02 18:08:08 | ? DOMINIO NO COINCIDE
2025-10-02 18:08:08 | ? CORREO RECHAZADO - Dominio NO coincide. Esperado: acevedocouttolenc.com
2025-10-02 18:17:36 | ?? NUEVO CORREO DETECTADO - Iniciando procesamiento...
2025-10-02 18:17:36 | === PROCESANDO CORREO ENTRANTE ===
2025-10-02 18:17:36 | Asunto: RE: RENOVACIÓN PÓLIZA DE VIDA INDIVIDUAL 48214134/ 48214167/ 48235220/ 48235402 QUIROZ AMEZAGA RICARDO
2025-10-02 18:17:36 | Remitente: Acevedo Couttolenc / Cesar Yamil Cuautle Diego
2025-10-02 18:17:36 | ?? Detectada cuenta EXCHANGE, extrayendo email real...
2025-10-02 18:17:36 | ? Email REAL obtenido de Exchange: cobranza@ACEVEDOCOUTTOLENC.COM
2025-10-02 18:17:36 | Email remitente: cobranza@acevedocouttolenc.com
2025-10-02 18:17:36 | Dominio detectado: acevedocouttolenc.com
2025-10-02 18:17:36 | ?? Comparando dominio: acevedocouttolenc.com vs acevedocouttolenc.com
2025-10-02 18:17:36 | ? DOMINIO COINCIDE
2025-10-02 18:17:36 | ? CORREO ACEPTADO - Dominio coincide
2025-10-02 18:17:36 | Buscando adjuntos. Total: 8
2025-10-02 18:17:36 | Adjunto: image008.png
2025-10-02 18:17:36 | ? Verificación PDF: image008.png -> NO es PDF
2025-10-02 18:17:36 | Adjunto: image010.png
2025-10-02 18:17:36 | ? Verificación PDF: image010.png -> NO es PDF
2025-10-02 18:17:36 | Adjunto: image011.png
2025-10-02 18:17:36 | ? Verificación PDF: image011.png -> NO es PDF
2025-10-02 18:17:36 | Adjunto: image001.png
2025-10-02 18:17:36 | ? Verificación PDF: image001.png -> NO es PDF
2025-10-02 18:17:36 | Adjunto: image003.png
2025-10-02 18:17:36 | ? Verificación PDF: image003.png -> NO es PDF
2025-10-02 18:17:36 | Adjunto: image004.png
2025-10-02 18:17:36 | ? Verificación PDF: image004.png -> NO es PDF
2025-10-02 18:17:36 | Adjunto: image012.png
2025-10-02 18:17:36 | ? Verificación PDF: image012.png -> NO es PDF
2025-10-02 18:17:36 | Adjunto: image013.jpg
2025-10-02 18:17:36 | ? Verificación PDF: image013.jpg -> NO es PDF
2025-10-02 18:17:36 | RESUMEN: 0 PDFs encontrados, 0 descargados
2025-10-02 18:26:12 | ?? NUEVO CORREO DETECTADO - Iniciando procesamiento...
2025-10-02 18:26:12 | === PROCESANDO CORREO ENTRANTE ===
2025-10-02 18:26:12 | Asunto: 006-004-07000020-05  -   COMERCIALIZADORA SHMUEL S.A. DE C.V.   -  SEGURO EMPRESARIAL (LOCAL ACAPULCO)
2025-10-02 18:26:12 | Remitente: Acevedo Couttolenc / Facundo Hernández
2025-10-02 18:26:12 | ?? Detectada cuenta EXCHANGE, extrayendo email real...
2025-10-02 18:26:12 | ? Email REAL obtenido de Exchange: danos2@ACEVEDOCOUTTOLENC.COM
2025-10-02 18:26:12 | Email remitente: danos2@acevedocouttolenc.com
2025-10-02 18:26:12 | Dominio detectado: acevedocouttolenc.com
2025-10-02 18:26:12 | ?? Comparando dominio: acevedocouttolenc.com vs acevedocouttolenc.com
2025-10-02 18:26:12 | ? DOMINIO COINCIDE
2025-10-02 18:26:12 | ? CORREO ACEPTADO - Dominio coincide
2025-10-02 18:26:12 | Buscando adjuntos. Total: 5
2025-10-02 18:26:12 | Adjunto: CARATULA DE POLIZA _006-004-07000020-00000-05 COMERCIALIZADORA SHMUEL (ACAPULCO).pdf
2025-10-02 18:26:12 | ? Verificación PDF: CARATULA DE POLIZA _006-004-07000020-00000-05 COMERCIALIZADORA SHMUEL (ACAPULCO).pdf -> EXTENSIÓN VÁLIDA
2025-10-02 18:26:12 | ? PDF ENCONTRADO: CARATULA DE POLIZA _006-004-07000020-00000-05 COMERCIALIZADORA SHMUEL (ACAPULCO).pdf
2025-10-02 18:26:12 | Guardando como: 20251002_182612_danos2_006-004-07000020-05__-___COMER_CARATULA_DE_POLIZA__006-004-07000020-00000-05_COMERCIALIZADORA_SHMUEL__ACAPULCO.pdf
2025-10-02 18:26:12 | Ruta completa: C:\laragon\www\analizer_files\data\20251002_182612_danos2_006-004-07000020-05__-___COMER_CARATULA_DE_POLIZA__006-004-07000020-00000-05_COMERCIALIZADORA_SHMUEL__ACAPULCO.pdf
2025-10-02 18:26:12 | ? PDF DESCARGADO EXITOSAMENTE: 20251002_182612_danos2_006-004-07000020-05__-___COMER_CARATULA_DE_POLIZA__006-004-07000020-00000-05_COMERCIALIZADORA_SHMUEL__ACAPULCO.pdf
2025-10-02 18:26:12 | Adjunto: RECIBO DE PAGO POLIZA_006-004-07000020-00000-05 COMERCIALIZADORA SHMUEL (ACAPULCO).pdf
2025-10-02 18:26:12 | ? Verificación PDF: RECIBO DE PAGO POLIZA_006-004-07000020-00000-05 COMERCIALIZADORA SHMUEL (ACAPULCO).pdf -> EXTENSIÓN VÁLIDA
2025-10-02 18:26:12 | ? PDF ENCONTRADO: RECIBO DE PAGO POLIZA_006-004-07000020-00000-05 COMERCIALIZADORA SHMUEL (ACAPULCO).pdf
2025-10-02 18:26:12 | Guardando como: 20251002_182612_danos2_006-004-07000020-05__-___COMER_RECIBO_DE_PAGO_POLIZA_006-004-07000020-00000-05_COMERCIALIZADORA_SHMUEL__ACAPULCO.pdf
2025-10-02 18:26:12 | Ruta completa: C:\laragon\www\analizer_files\data\20251002_182612_danos2_006-004-07000020-05__-___COMER_RECIBO_DE_PAGO_POLIZA_006-004-07000020-00000-05_COMERCIALIZADORA_SHMUEL__ACAPULCO.pdf
2025-10-02 18:26:12 | ? PDF DESCARGADO EXITOSAMENTE: 20251002_182612_danos2_006-004-07000020-05__-___COMER_RECIBO_DE_PAGO_POLIZA_006-004-07000020-00000-05_COMERCIALIZADORA_SHMUEL__ACAPULCO.pdf
2025-10-02 18:26:12 | Adjunto: CONDICIONES DE LA POLIZA _006-004-07000020-00000-05 COMERCIALIZADORA SHMUEL (ACAPULCO).pdf
2025-10-02 18:26:12 | ? Verificación PDF: CONDICIONES DE LA POLIZA _006-004-07000020-00000-05 COMERCIALIZADORA SHMUEL (ACAPULCO).pdf -> EXTENSIÓN VÁLIDA
2025-10-02 18:26:12 | ? PDF ENCONTRADO: CONDICIONES DE LA POLIZA _006-004-07000020-00000-05 COMERCIALIZADORA SHMUEL (ACAPULCO).pdf
2025-10-02 18:26:12 | Guardando como: 20251002_182612_danos2_006-004-07000020-05__-___COMER_CONDICIONES_DE_LA_POLIZA__006-004-07000020-00000-05_COMERCIALIZADORA_SHMUEL__ACAPULCO.pdf
2025-10-02 18:26:12 | Ruta completa: C:\laragon\www\analizer_files\data\20251002_182612_danos2_006-004-07000020-05__-___COMER_CONDICIONES_DE_LA_POLIZA__006-004-07000020-00000-05_COMERCIALIZADORA_SHMUEL__ACAPULCO.pdf
2025-10-02 18:26:12 | ? PDF DESCARGADO EXITOSAMENTE: 20251002_182612_danos2_006-004-07000020-05__-___COMER_CONDICIONES_DE_LA_POLIZA__006-004-07000020-00000-05_COMERCIALIZADORA_SHMUEL__ACAPULCO.pdf
2025-10-02 18:26:12 | Adjunto: image001.png
2025-10-02 18:26:12 | ? Verificación PDF: image001.png -> NO es PDF
2025-10-02 18:26:12 | Adjunto: image003.png
2025-10-02 18:26:12 | ? Verificación PDF: image003.png -> NO es PDF
2025-10-02 18:26:12 | RESUMEN: 3 PDFs encontrados, 3 descargados
2025-10-02 18:35:55 | ?? NUEVO CORREO DETECTADO - Iniciando procesamiento...
2025-10-02 18:35:55 | === PROCESANDO CORREO ENTRANTE ===
2025-10-02 18:35:55 | Asunto: 200017333 - 2	LAURA MARIA COLIN ESCALONA	CADDY MAXI CARGO VAN TDI MOD. 2017
2025-10-02 18:35:55 | Remitente: Acevedo Couttolenc / Abraham Pelcastre
2025-10-02 18:35:55 | ?? Detectada cuenta EXCHANGE, extrayendo email real...
2025-10-02 18:35:55 | ? Email REAL obtenido de Exchange: autos2@ACEVEDOCOUTTOLENC.COM
2025-10-02 18:35:55 | Email remitente: autos2@acevedocouttolenc.com
2025-10-02 18:35:55 | Dominio detectado: acevedocouttolenc.com
2025-10-02 18:35:55 | ?? Comparando dominio: acevedocouttolenc.com vs acevedocouttolenc.com
2025-10-02 18:35:55 | ? DOMINIO COINCIDE
2025-10-02 18:35:55 | ? CORREO ACEPTADO - Dominio coincide
2025-10-02 18:35:55 | Buscando adjuntos. Total: 7
2025-10-02 18:35:55 | Adjunto: RECIBO 200017333 CADDY MAXI CARGO VAN TDI  2017.pdf
2025-10-02 18:35:55 | ? Verificación PDF: RECIBO 200017333 CADDY MAXI CARGO VAN TDI  2017.pdf -> EXTENSIÓN VÁLIDA
2025-10-02 18:35:55 | ? PDF ENCONTRADO: RECIBO 200017333 CADDY MAXI CARGO VAN TDI  2017.pdf
2025-10-02 18:35:55 | Guardando como: 20251002_183555_autos2_200017333_-_2_LAURA_MARIA_COLI_RECIBO_200017333_CADDY_MAXI_CARGO_VAN_TDI__2017.pdf
2025-10-02 18:35:55 | Ruta completa: C:\laragon\www\analizer_files\data\20251002_183555_autos2_200017333_-_2_LAURA_MARIA_COLI_RECIBO_200017333_CADDY_MAXI_CARGO_VAN_TDI__2017.pdf
2025-10-02 18:35:55 | ? PDF DESCARGADO EXITOSAMENTE: 20251002_183555_autos2_200017333_-_2_LAURA_MARIA_COLI_RECIBO_200017333_CADDY_MAXI_CARGO_VAN_TDI__2017.pdf
2025-10-02 18:35:55 | Adjunto: POLIZA 200017333 CADDY MAXI CARGO VAN TDI  2017.pdf
2025-10-02 18:35:55 | ? Verificación PDF: POLIZA 200017333 CADDY MAXI CARGO VAN TDI  2017.pdf -> EXTENSIÓN VÁLIDA
2025-10-02 18:35:55 | ? PDF ENCONTRADO: POLIZA 200017333 CADDY MAXI CARGO VAN TDI  2017.pdf
2025-10-02 18:35:55 | Guardando como: 20251002_183555_autos2_200017333_-_2_LAURA_MARIA_COLI_POLIZA_200017333_CADDY_MAXI_CARGO_VAN_TDI__2017.pdf
2025-10-02 18:35:55 | Ruta completa: C:\laragon\www\analizer_files\data\20251002_183555_autos2_200017333_-_2_LAURA_MARIA_COLI_POLIZA_200017333_CADDY_MAXI_CARGO_VAN_TDI__2017.pdf
2025-10-02 18:35:55 | ? PDF DESCARGADO EXITOSAMENTE: 20251002_183555_autos2_200017333_-_2_LAURA_MARIA_COLI_POLIZA_200017333_CADDY_MAXI_CARGO_VAN_TDI__2017.pdf
2025-10-02 18:35:55 | Adjunto: CONDICIONES GENERALES SURA CAMIONES.pdf
2025-10-02 18:35:55 | ? Verificación PDF: CONDICIONES GENERALES SURA CAMIONES.pdf -> EXTENSIÓN VÁLIDA
2025-10-02 18:35:55 | ? PDF ENCONTRADO: CONDICIONES GENERALES SURA CAMIONES.pdf
2025-10-02 18:35:55 | Guardando como: 20251002_183555_autos2_200017333_-_2_LAURA_MARIA_COLI_CONDICIONES_GENERALES_SURA_CAMIONES.pdf
2025-10-02 18:35:55 | Ruta completa: C:\laragon\www\analizer_files\data\20251002_183555_autos2_200017333_-_2_LAURA_MARIA_COLI_CONDICIONES_GENERALES_SURA_CAMIONES.pdf
2025-10-02 18:35:56 | ? PDF DESCARGADO EXITOSAMENTE: 20251002_183555_autos2_200017333_-_2_LAURA_MARIA_COLI_CONDICIONES_GENERALES_SURA_CAMIONES.pdf
2025-10-02 18:35:56 | Adjunto: REPORTE SINIESTRO SURA.jpeg
2025-10-02 18:35:56 | ? Verificación PDF: REPORTE SINIESTRO SURA.jpeg -> NO es PDF
2025-10-02 18:35:56 | Adjunto: image001.png
2025-10-02 18:35:56 | ? Verificación PDF: image001.png -> NO es PDF
2025-10-02 18:35:56 | Adjunto: image002.png
2025-10-02 18:35:56 | ? Verificación PDF: image002.png -> NO es PDF
2025-10-02 18:35:56 | Adjunto: image003.png
2025-10-02 18:35:56 | ? Verificación PDF: image003.png -> NO es PDF
2025-10-02 18:35:56 | RESUMEN: 3 PDFs encontrados, 3 descargados
2025-10-02 18:56:42 | ?? NUEVO CORREO DETECTADO - Iniciando procesamiento...
2025-10-02 18:56:42 | === PROCESANDO CORREO ENTRANTE ===
2025-10-02 18:56:42 | Asunto: RENOVACION POLIZA 150101 MENENDEZ RODRIGUEZ JOSE RICARDO 
2025-10-02 18:56:42 | Remitente: Acevedo Couttolenc / Adriana Benitez Garcia
2025-10-02 18:56:42 | ?? Detectada cuenta EXCHANGE, extrayendo email real...
2025-10-02 18:56:42 | ? Email REAL obtenido de Exchange: gmm2@ACEVEDOCOUTTOLENC.COM
2025-10-02 18:56:42 | Email remitente: gmm2@acevedocouttolenc.com
2025-10-02 18:56:42 | Dominio detectado: acevedocouttolenc.com
2025-10-02 18:56:42 | ?? Comparando dominio: acevedocouttolenc.com vs acevedocouttolenc.com
2025-10-02 18:56:42 | ? DOMINIO COINCIDE
2025-10-02 18:56:42 | ? CORREO ACEPTADO - Dominio coincide
2025-10-02 18:56:42 | Buscando adjuntos. Total: 5
2025-10-02 18:56:42 | Adjunto: image001.png
2025-10-02 18:56:42 | ? Verificación PDF: image001.png -> NO es PDF
2025-10-02 18:56:42 | Adjunto: image002.jpg
2025-10-02 18:56:42 | ? Verificación PDF: image002.jpg -> NO es PDF
2025-10-02 18:56:42 | Adjunto: 150101 MENENDEZ RODRIGUEZ JOSE RICARDO - POLIZA.pdf
2025-10-02 18:56:42 | ? Verificación PDF: 150101 MENENDEZ RODRIGUEZ JOSE RICARDO - POLIZA.pdf -> EXTENSIÓN VÁLIDA
2025-10-02 18:56:42 | ? PDF ENCONTRADO: 150101 MENENDEZ RODRIGUEZ JOSE RICARDO - POLIZA.pdf
2025-10-02 18:56:42 | Guardando como: 20251002_185642_gmm2_RENOVACION_POLIZA_150101_MENEN_150101_MENENDEZ_RODRIGUEZ_JOSE_RICARDO_-_POLIZA.pdf
2025-10-02 18:56:42 | Ruta completa: C:\laragon\www\analizer_files\data\20251002_185642_gmm2_RENOVACION_POLIZA_150101_MENEN_150101_MENENDEZ_RODRIGUEZ_JOSE_RICARDO_-_POLIZA.pdf
2025-10-02 18:56:42 | ? PDF DESCARGADO EXITOSAMENTE: 20251002_185642_gmm2_RENOVACION_POLIZA_150101_MENEN_150101_MENENDEZ_RODRIGUEZ_JOSE_RICARDO_-_POLIZA.pdf
2025-10-02 18:56:42 | Adjunto: 150101 MENENDEZ RODRIGUEZ JOSE RICARDO - RECIBO.pdf
2025-10-02 18:56:42 | ? Verificación PDF: 150101 MENENDEZ RODRIGUEZ JOSE RICARDO - RECIBO.pdf -> EXTENSIÓN VÁLIDA
2025-10-02 18:56:42 | ? PDF ENCONTRADO: 150101 MENENDEZ RODRIGUEZ JOSE RICARDO - RECIBO.pdf
2025-10-02 18:56:42 | Guardando como: 20251002_185642_gmm2_RENOVACION_POLIZA_150101_MENEN_150101_MENENDEZ_RODRIGUEZ_JOSE_RICARDO_-_RECIBO.pdf
2025-10-02 18:56:42 | Ruta completa: C:\laragon\www\analizer_files\data\20251002_185642_gmm2_RENOVACION_POLIZA_150101_MENEN_150101_MENENDEZ_RODRIGUEZ_JOSE_RICARDO_-_RECIBO.pdf
2025-10-02 18:56:42 | ? PDF DESCARGADO EXITOSAMENTE: 20251002_185642_gmm2_RENOVACION_POLIZA_150101_MENEN_150101_MENENDEZ_RODRIGUEZ_JOSE_RICARDO_-_RECIBO.pdf
2025-10-02 18:56:42 | Adjunto: SECURE.zip
2025-10-02 18:56:42 | ? Verificación PDF: SECURE.zip -> NO es PDF
2025-10-02 18:56:42 | RESUMEN: 2 PDFs encontrados, 2 descargados
2025-10-03 09:24:39 | ?? NUEVO CORREO DETECTADO - Iniciando procesamiento...
2025-10-03 09:24:39 | === PROCESANDO CORREO ENTRANTE ===
2025-10-03 09:24:39 | Asunto: RENOVACION POL. 26451049 ACEVEDO COUTTOLENC Y ASOCIADOS, S.C.
2025-10-03 09:24:40 | Remitente: Acevedo Couttolenc / Yesbeck Hutzil
2025-10-03 09:24:40 | ?? Detectada cuenta EXCHANGE, extrayendo email real...
2025-10-03 09:24:40 | ? Email REAL obtenido de Exchange: gmm@ACEVEDOCOUTTOLENC.COM
2025-10-03 09:24:40 | Email remitente: gmm@acevedocouttolenc.com
2025-10-03 09:24:40 | Dominio detectado: acevedocouttolenc.com
2025-10-03 09:24:40 | ?? Comparando dominio: acevedocouttolenc.com vs acevedocouttolenc.com
2025-10-03 09:24:40 | ? DOMINIO COINCIDE
2025-10-03 09:24:40 | ? CORREO ACEPTADO - Dominio coincide
2025-10-03 09:24:40 | Buscando adjuntos. Total: 7
2025-10-03 09:24:40 | Adjunto: 26451049_Aviso_de_Cobro_RE02_7.pdf
2025-10-03 09:24:40 | ? Verificación PDF: 26451049_Aviso_de_Cobro_RE02_7.pdf -> EXTENSIÓN VÁLIDA
2025-10-03 09:24:40 | ? PDF ENCONTRADO: 26451049_Aviso_de_Cobro_RE02_7.pdf
2025-10-03 09:24:40 | Guardando como: 20251003_092440_gmm_RENOVACION_POL._26451049_ACEVE_26451049_Aviso_de_Cobro_RE02_7.pdf
2025-10-03 09:24:40 | Ruta completa: C:\laragon\www\analizer_files\data\20251003_092440_gmm_RENOVACION_POL._26451049_ACEVE_26451049_Aviso_de_Cobro_RE02_7.pdf
2025-10-03 09:24:40 | ? PDF DESCARGADO EXITOSAMENTE: 20251003_092440_gmm_RENOVACION_POL._26451049_ACEVE_26451049_Aviso_de_Cobro_RE02_7.pdf
2025-10-03 09:24:40 | Adjunto: 26451049_Caratula_GM05_1.pdf
2025-10-03 09:24:40 | ? Verificación PDF: 26451049_Caratula_GM05_1.pdf -> EXTENSIÓN VÁLIDA
2025-10-03 09:24:40 | ? PDF ENCONTRADO: 26451049_Caratula_GM05_1.pdf
2025-10-03 09:24:40 | Guardando como: 20251003_092440_gmm_RENOVACION_POL._26451049_ACEVE_26451049_Caratula_GM05_1.pdf
2025-10-03 09:24:40 | Ruta completa: C:\laragon\www\analizer_files\data\20251003_092440_gmm_RENOVACION_POL._26451049_ACEVE_26451049_Caratula_GM05_1.pdf
2025-10-03 09:24:40 | ? PDF DESCARGADO EXITOSAMENTE: 20251003_092440_gmm_RENOVACION_POL._26451049_ACEVE_26451049_Caratula_GM05_1.pdf
2025-10-03 09:24:40 | Adjunto: 26451049_Listado_GM07_12.pdf
2025-10-03 09:24:40 | ? Verificación PDF: 26451049_Listado_GM07_12.pdf -> EXTENSIÓN VÁLIDA
2025-10-03 09:24:40 | ? PDF ENCONTRADO: 26451049_Listado_GM07_12.pdf
2025-10-03 09:24:40 | Guardando como: 20251003_092440_gmm_RENOVACION_POL._26451049_ACEVE_26451049_Listado_GM07_12.pdf
2025-10-03 09:24:40 | Ruta completa: C:\laragon\www\analizer_files\data\20251003_092440_gmm_RENOVACION_POL._26451049_ACEVE_26451049_Listado_GM07_12.pdf
2025-10-03 09:24:40 | ? PDF DESCARGADO EXITOSAMENTE: 20251003_092440_gmm_RENOVACION_POL._26451049_ACEVE_26451049_Listado_GM07_12.pdf
2025-10-03 09:24:40 | Adjunto: 26451049_Solicitud_de_Cobro_RE01_10.pdf
2025-10-03 09:24:40 | ? Verificación PDF: 26451049_Solicitud_de_Cobro_RE01_10.pdf -> EXTENSIÓN VÁLIDA
2025-10-03 09:24:40 | ? PDF ENCONTRADO: 26451049_Solicitud_de_Cobro_RE01_10.pdf
2025-10-03 09:24:40 | Guardando como: 20251003_092440_gmm_RENOVACION_POL._26451049_ACEVE_26451049_Solicitud_de_Cobro_RE01_10.pdf
2025-10-03 09:24:40 | Ruta completa: C:\laragon\www\analizer_files\data\20251003_092440_gmm_RENOVACION_POL._26451049_ACEVE_26451049_Solicitud_de_Cobro_RE01_10.pdf
2025-10-03 09:24:40 | ? PDF DESCARGADO EXITOSAMENTE: 20251003_092440_gmm_RENOVACION_POL._26451049_ACEVE_26451049_Solicitud_de_Cobro_RE01_10.pdf
2025-10-03 09:24:40 | Adjunto: image001.png
2025-10-03 09:24:40 | ? Verificación PDF: image001.png -> NO es PDF
2025-10-03 09:24:40 | Adjunto: SEC0000726557817.xml
2025-10-03 09:24:40 | ? Verificación PDF: SEC0000726557817.xml -> NO es PDF
2025-10-03 09:24:40 | Adjunto: 89789E93-5942-4B4C-825C-E421D82B017A (1).pdf
2025-10-03 09:24:40 | ? Verificación PDF: 89789E93-5942-4B4C-825C-E421D82B017A (1).pdf -> EXTENSIÓN VÁLIDA
2025-10-03 09:24:40 | ? PDF ENCONTRADO: 89789E93-5942-4B4C-825C-E421D82B017A (1).pdf
2025-10-03 09:24:40 | Guardando como: 20251003_092440_gmm_RENOVACION_POL._26451049_ACEVE_89789E93-5942-4B4C-825C-E421D82B017A__1.pdf
2025-10-03 09:24:40 | Ruta completa: C:\laragon\www\analizer_files\data\20251003_092440_gmm_RENOVACION_POL._26451049_ACEVE_89789E93-5942-4B4C-825C-E421D82B017A__1.pdf
2025-10-03 09:24:40 | ? PDF DESCARGADO EXITOSAMENTE: 20251003_092440_gmm_RENOVACION_POL._26451049_ACEVE_89789E93-5942-4B4C-825C-E421D82B017A__1.pdf
2025-10-03 09:24:40 | RESUMEN: 5 PDFs encontrados, 5 descargados
2025-10-03 09:43:34 | ?? NUEVO CORREO DETECTADO - Iniciando procesamiento...
2025-10-03 09:43:34 | === PROCESANDO CORREO ENTRANTE ===
2025-10-03 09:43:34 | Asunto: 2 430 200006467-2  -  MARIA SARA AGUILAR SALAS    -  ENDOSO DE ALTA (LUPA)
2025-10-03 09:43:34 | Remitente: Acevedo Couttolenc / Facundo Hernández
2025-10-03 09:43:34 | ?? Detectada cuenta EXCHANGE, extrayendo email real...
2025-10-03 09:43:34 | ? Email REAL obtenido de Exchange: danos2@ACEVEDOCOUTTOLENC.COM
2025-10-03 09:43:34 | Email remitente: danos2@acevedocouttolenc.com
2025-10-03 09:43:34 | Dominio detectado: acevedocouttolenc.com
2025-10-03 09:43:34 | ?? Comparando dominio: acevedocouttolenc.com vs acevedocouttolenc.com
2025-10-03 09:43:34 | ? DOMINIO COINCIDE
2025-10-03 09:43:34 | ? CORREO ACEPTADO - Dominio coincide
2025-10-03 09:43:34 | Buscando adjuntos. Total: 4
2025-10-03 09:43:34 | Adjunto: image001.png
2025-10-03 09:43:34 | ? Verificación PDF: image001.png -> NO es PDF
2025-10-03 09:43:34 | Adjunto: image002.png
2025-10-03 09:43:34 | ? Verificación PDF: image002.png -> NO es PDF
2025-10-03 09:43:34 | Adjunto: ENDOSO ALTA EQUIPO POLIZA POLIZA _2 430 200006467.5 MARIA SARA AGUILAR SALAS.pdf
2025-10-03 09:43:34 | ? Verificación PDF: ENDOSO ALTA EQUIPO POLIZA POLIZA _2 430 200006467.5 MARIA SARA AGUILAR SALAS.pdf -> EXTENSIÓN VÁLIDA
2025-10-03 09:43:34 | ? PDF ENCONTRADO: ENDOSO ALTA EQUIPO POLIZA POLIZA _2 430 200006467.5 MARIA SARA AGUILAR SALAS.pdf
2025-10-03 09:43:34 | Guardando como: 20251003_094334_danos2_2_430_200006467-2__-__MARIA_SA_ENDOSO_ALTA_EQUIPO_POLIZA_POLIZA__2_430_200006467.5_MARIA_SARA_AGUILAR_SALAS.pdf
2025-10-03 09:43:34 | Ruta completa: C:\laragon\www\analizer_files\data\20251003_094334_danos2_2_430_200006467-2__-__MARIA_SA_ENDOSO_ALTA_EQUIPO_POLIZA_POLIZA__2_430_200006467.5_MARIA_SARA_AGUILAR_SALAS.pdf
2025-10-03 09:43:34 | ? PDF DESCARGADO EXITOSAMENTE: 20251003_094334_danos2_2_430_200006467-2__-__MARIA_SA_ENDOSO_ALTA_EQUIPO_POLIZA_POLIZA__2_430_200006467.5_MARIA_SARA_AGUILAR_SALAS.pdf
2025-10-03 09:43:34 | Adjunto: RECIBO DE PAGO ENDOSO ALTA EQ POLIZA _2 430 200006467.5 MARIA SARA AGUILAR SALAS.pdf
2025-10-03 09:43:34 | ? Verificación PDF: RECIBO DE PAGO ENDOSO ALTA EQ POLIZA _2 430 200006467.5 MARIA SARA AGUILAR SALAS.pdf -> EXTENSIÓN VÁLIDA
2025-10-03 09:43:34 | ? PDF ENCONTRADO: RECIBO DE PAGO ENDOSO ALTA EQ POLIZA _2 430 200006467.5 MARIA SARA AGUILAR SALAS.pdf
2025-10-03 09:43:34 | Guardando como: 20251003_094334_danos2_2_430_200006467-2__-__MARIA_SA_RECIBO_DE_PAGO_ENDOSO_ALTA_EQ_POLIZA__2_430_200006467.5_MARIA_SARA_AGUILAR_SALAS.pdf
2025-10-03 09:43:34 | Ruta completa: C:\laragon\www\analizer_files\data\20251003_094334_danos2_2_430_200006467-2__-__MARIA_SA_RECIBO_DE_PAGO_ENDOSO_ALTA_EQ_POLIZA__2_430_200006467.5_MARIA_SARA_AGUILAR_SALAS.pdf
2025-10-03 09:43:34 | ? PDF DESCARGADO EXITOSAMENTE: 20251003_094334_danos2_2_430_200006467-2__-__MARIA_SA_RECIBO_DE_PAGO_ENDOSO_ALTA_EQ_POLIZA__2_430_200006467.5_MARIA_SARA_AGUILAR_SALAS.pdf
2025-10-03 09:43:34 | RESUMEN: 2 PDFs encontrados, 2 descargados
2025-10-03 10:48:10 | ?? NUEVO CORREO DETECTADO - Iniciando procesamiento...
2025-10-03 10:48:10 | === PROCESANDO CORREO ENTRANTE ===
2025-10-03 10:48:10 | Asunto: REEXPEDICION POLIZA (18598R06) 18598R07 CAROLINA SENDEROS VALDEZ
2025-10-03 10:48:10 | Remitente: Acevedo Couttolenc / Lucina Hernandez
2025-10-03 10:48:10 | ?? Detectada cuenta EXCHANGE, extrayendo email real...
2025-10-03 10:48:10 | ? Email REAL obtenido de Exchange: gmm5@ACEVEDOCOUTTOLENC.COM
2025-10-03 10:48:10 | Email remitente: gmm5@acevedocouttolenc.com
2025-10-03 10:48:10 | Dominio detectado: acevedocouttolenc.com
2025-10-03 10:48:10 | ?? Comparando dominio: acevedocouttolenc.com vs acevedocouttolenc.com
2025-10-03 10:48:10 | ? DOMINIO COINCIDE
2025-10-03 10:48:10 | ? CORREO ACEPTADO - Dominio coincide
2025-10-03 10:48:10 | Buscando adjuntos. Total: 6
2025-10-03 10:48:10 | Adjunto: FLEX PLUS 2025.zip
2025-10-03 10:48:10 | ? Verificación PDF: FLEX PLUS 2025.zip -> NO es PDF
2025-10-03 10:48:10 | Adjunto: 18598R07 SENDEROS VALDEZ CAROLINA - POLIZA 6MSI.pdf
2025-10-03 10:48:10 | ? Verificación PDF: 18598R07 SENDEROS VALDEZ CAROLINA - POLIZA 6MSI.pdf -> EXTENSIÓN VÁLIDA
2025-10-03 10:48:10 | ? PDF ENCONTRADO: 18598R07 SENDEROS VALDEZ CAROLINA - POLIZA 6MSI.pdf
2025-10-03 10:48:10 | Guardando como: 20251003_104810_gmm5_REEXPEDICION_POLIZA__18598R06__18598R07_SENDEROS_VALDEZ_CAROLINA_-_POLIZA_6MSI.pdf
2025-10-03 10:48:10 | Ruta completa: C:\laragon\www\analizer_files\data\20251003_104810_gmm5_REEXPEDICION_POLIZA__18598R06__18598R07_SENDEROS_VALDEZ_CAROLINA_-_POLIZA_6MSI.pdf
2025-10-03 10:48:10 | ? PDF DESCARGADO EXITOSAMENTE: 20251003_104810_gmm5_REEXPEDICION_POLIZA__18598R06__18598R07_SENDEROS_VALDEZ_CAROLINA_-_POLIZA_6MSI.pdf
2025-10-03 10:48:10 | Adjunto: 18598R07 SENDEROS VALDEZ CAROLINA - ENDOSO 6MSI.pdf
2025-10-03 10:48:10 | ? Verificación PDF: 18598R07 SENDEROS VALDEZ CAROLINA - ENDOSO 6MSI.pdf -> EXTENSIÓN VÁLIDA
2025-10-03 10:48:10 | ? PDF ENCONTRADO: 18598R07 SENDEROS VALDEZ CAROLINA - ENDOSO 6MSI.pdf
2025-10-03 10:48:10 | Guardando como: 20251003_104810_gmm5_REEXPEDICION_POLIZA__18598R06__18598R07_SENDEROS_VALDEZ_CAROLINA_-_ENDOSO_6MSI.pdf
2025-10-03 10:48:10 | Ruta completa: C:\laragon\www\analizer_files\data\20251003_104810_gmm5_REEXPEDICION_POLIZA__18598R06__18598R07_SENDEROS_VALDEZ_CAROLINA_-_ENDOSO_6MSI.pdf
2025-10-03 10:48:10 | ? PDF DESCARGADO EXITOSAMENTE: 20251003_104810_gmm5_REEXPEDICION_POLIZA__18598R06__18598R07_SENDEROS_VALDEZ_CAROLINA_-_ENDOSO_6MSI.pdf
2025-10-03 10:48:10 | Adjunto: 18598R07 SENDEROS VALDEZ CAROLINA - TARJETA.pdf
2025-10-03 10:48:10 | ? Verificación PDF: 18598R07 SENDEROS VALDEZ CAROLINA - TARJETA.pdf -> EXTENSIÓN VÁLIDA
2025-10-03 10:48:10 | ? PDF ENCONTRADO: 18598R07 SENDEROS VALDEZ CAROLINA - TARJETA.pdf
2025-10-03 10:48:10 | Guardando como: 20251003_104810_gmm5_REEXPEDICION_POLIZA__18598R06__18598R07_SENDEROS_VALDEZ_CAROLINA_-_TARJETA.pdf
2025-10-03 10:48:10 | Ruta completa: C:\laragon\www\analizer_files\data\20251003_104810_gmm5_REEXPEDICION_POLIZA__18598R06__18598R07_SENDEROS_VALDEZ_CAROLINA_-_TARJETA.pdf
2025-10-03 10:48:10 | ? PDF DESCARGADO EXITOSAMENTE: 20251003_104810_gmm5_REEXPEDICION_POLIZA__18598R06__18598R07_SENDEROS_VALDEZ_CAROLINA_-_TARJETA.pdf
2025-10-03 10:48:10 | Adjunto: image001.png
2025-10-03 10:48:10 | ? Verificación PDF: image001.png -> NO es PDF
2025-10-03 10:48:10 | Adjunto: image002.jpg
2025-10-03 10:48:10 | ? Verificación PDF: image002.jpg -> NO es PDF
2025-10-03 10:48:10 | RESUMEN: 3 PDFs encontrados, 3 descargados
2025-10-03 10:59:14 | ?? NUEVO CORREO DETECTADO - Iniciando procesamiento...
2025-10-03 10:59:14 | === PROCESANDO CORREO ENTRANTE ===
2025-10-03 10:59:14 | Asunto: RENOVACION POLIZA 418593786 JUAN JOSE RUISANCHEZ ARDUENGO - LUIS MANUEL RUISANCHEZ CUANDA
2025-10-03 10:59:14 | Remitente: Acevedo Couttolenc / Lucina Hernandez
2025-10-03 10:59:14 | ?? Detectada cuenta EXCHANGE, extrayendo email real...
2025-10-03 10:59:14 | ? Email REAL obtenido de Exchange: gmm5@ACEVEDOCOUTTOLENC.COM
2025-10-03 10:59:14 | Email remitente: gmm5@acevedocouttolenc.com
2025-10-03 10:59:14 | Dominio detectado: acevedocouttolenc.com
2025-10-03 10:59:14 | ?? Comparando dominio: acevedocouttolenc.com vs acevedocouttolenc.com
2025-10-03 10:59:14 | ? DOMINIO COINCIDE
2025-10-03 10:59:14 | ? CORREO ACEPTADO - Dominio coincide
2025-10-03 10:59:14 | Buscando adjuntos. Total: 13
2025-10-03 10:59:14 | Adjunto: 418593786.xml
2025-10-03 10:59:14 | ? Verificación PDF: 418593786.xml -> NO es PDF
2025-10-03 10:59:14 | Adjunto: 418593786 NC.xml
2025-10-03 10:59:14 | ? Verificación PDF: 418593786 NC.xml -> NO es PDF
2025-10-03 10:59:14 | Adjunto: PREMIUM-PLATINO-FLEXIBLES.zip
2025-10-03 10:59:14 | ? Verificación PDF: PREMIUM-PLATINO-FLEXIBLES.zip -> NO es PDF
2025-10-03 10:59:14 | Adjunto: 418593786 RUISANCHEZ ARDUENGO JUAN JOSE - RUISANCHEZ CUANDA LUIS MANUEL.pdf
2025-10-03 10:59:14 | ? Verificación PDF: 418593786 RUISANCHEZ ARDUENGO JUAN JOSE - RUISANCHEZ CUANDA LUIS MANUEL.pdf -> EXTENSIÓN VÁLIDA
2025-10-03 10:59:14 | ? PDF ENCONTRADO: 418593786 RUISANCHEZ ARDUENGO JUAN JOSE - RUISANCHEZ CUANDA LUIS MANUEL.pdf
2025-10-03 10:59:14 | Guardando como: 20251003_105914_gmm5_RENOVACION_POLIZA_418593786_JU_418593786_RUISANCHEZ_ARDUENGO_JUAN_JOSE_-_RUISANCHEZ_CUANDA_LUIS_MANUEL.pdf
2025-10-03 10:59:14 | Ruta completa: C:\laragon\www\analizer_files\data\20251003_105914_gmm5_RENOVACION_POLIZA_418593786_JU_418593786_RUISANCHEZ_ARDUENGO_JUAN_JOSE_-_RUISANCHEZ_CUANDA_LUIS_MANUEL.pdf
2025-10-03 10:59:14 | ? PDF DESCARGADO EXITOSAMENTE: 20251003_105914_gmm5_RENOVACION_POLIZA_418593786_JU_418593786_RUISANCHEZ_ARDUENGO_JUAN_JOSE_-_RUISANCHEZ_CUANDA_LUIS_MANUEL.pdf
2025-10-03 10:59:14 | Adjunto: 418593786 RUISANCHEZ ARDUENGO JUAN JOSE - RUISANCHEZ CUANDA LUIS MANUEL -RECIBO.pdf
2025-10-03 10:59:14 | ? Verificación PDF: 418593786 RUISANCHEZ ARDUENGO JUAN JOSE - RUISANCHEZ CUANDA LUIS MANUEL -RECIBO.pdf -> EXTENSIÓN VÁLIDA
2025-10-03 10:59:14 | ? PDF ENCONTRADO: 418593786 RUISANCHEZ ARDUENGO JUAN JOSE - RUISANCHEZ CUANDA LUIS MANUEL -RECIBO.pdf
2025-10-03 10:59:14 | Guardando como: 20251003_105914_gmm5_RENOVACION_POLIZA_418593786_JU_418593786_RUISANCHEZ_ARDUENGO_JUAN_JOSE_-_RUISANCHEZ_CUANDA_LUIS_MANUEL_-RECIBO.pdf
2025-10-03 10:59:14 | Ruta completa: C:\laragon\www\analizer_files\data\20251003_105914_gmm5_RENOVACION_POLIZA_418593786_JU_418593786_RUISANCHEZ_ARDUENGO_JUAN_JOSE_-_RUISANCHEZ_CUANDA_LUIS_MANUEL_-RECIBO.pdf
2025-10-03 10:59:14 | ? PDF DESCARGADO EXITOSAMENTE: 20251003_105914_gmm5_RENOVACION_POLIZA_418593786_JU_418593786_RUISANCHEZ_ARDUENGO_JUAN_JOSE_-_RUISANCHEZ_CUANDA_LUIS_MANUEL_-RECIBO.pdf
2025-10-03 10:59:14 | Adjunto: 418593786 RUISANCHEZ ARDUENGO JUAN JOSE - RUISANCHEZ CUANDA LUIS MANUEL -NOTA DE CREDITO FISCAL.pdf
2025-10-03 10:59:14 | ? Verificación PDF: 418593786 RUISANCHEZ ARDUENGO JUAN JOSE - RUISANCHEZ CUANDA LUIS MANUEL -NOTA DE CREDITO FISCAL.pdf -> EXTENSIÓN VÁLIDA
2025-10-03 10:59:14 | ? PDF ENCONTRADO: 418593786 RUISANCHEZ ARDUENGO JUAN JOSE - RUISANCHEZ CUANDA LUIS MANUEL -NOTA DE CREDITO FISCAL.pdf
2025-10-03 10:59:14 | Guardando como: 20251003_105914_gmm5_RENOVACION_POLIZA_418593786_JU_418593786_RUISANCHEZ_ARDUENGO_JUAN_JOSE_-_RUISANCHEZ_CUANDA_LUIS_MANUEL_-NOTA_DE_CREDITO_FISCAL.pdf
2025-10-03 10:59:14 | Ruta completa: C:\laragon\www\analizer_files\data\20251003_105914_gmm5_RENOVACION_POLIZA_418593786_JU_418593786_RUISANCHEZ_ARDUENGO_JUAN_JOSE_-_RUISANCHEZ_CUANDA_LUIS_MANUEL_-NOTA_DE_CREDITO_FISCAL.pdf
2025-10-03 10:59:14 | ? PDF DESCARGADO EXITOSAMENTE: 20251003_105914_gmm5_RENOVACION_POLIZA_418593786_JU_418593786_RUISANCHEZ_ARDUENGO_JUAN_JOSE_-_RUISANCHEZ_CUANDA_LUIS_MANUEL_-NOTA_DE_CREDITO_FISCAL.pdf
2025-10-03 10:59:14 | Adjunto: 418593786 RUISANCHEZ ARDUENGO JUAN JOSE - RUISANCHEZ CUANDA LUIS MANUEL -FACTURA.pdf
2025-10-03 10:59:14 | ? Verificación PDF: 418593786 RUISANCHEZ ARDUENGO JUAN JOSE - RUISANCHEZ CUANDA LUIS MANUEL -FACTURA.pdf -> EXTENSIÓN VÁLIDA
2025-10-03 10:59:14 | ? PDF ENCONTRADO: 418593786 RUISANCHEZ ARDUENGO JUAN JOSE - RUISANCHEZ CUANDA LUIS MANUEL -FACTURA.pdf
2025-10-03 10:59:14 | Guardando como: 20251003_105914_gmm5_RENOVACION_POLIZA_418593786_JU_418593786_RUISANCHEZ_ARDUENGO_JUAN_JOSE_-_RUISANCHEZ_CUANDA_LUIS_MANUEL_-FACTURA.pdf
2025-10-03 10:59:14 | Ruta completa: C:\laragon\www\analizer_files\data\20251003_105914_gmm5_RENOVACION_POLIZA_418593786_JU_418593786_RUISANCHEZ_ARDUENGO_JUAN_JOSE_-_RUISANCHEZ_CUANDA_LUIS_MANUEL_-FACTURA.pdf
2025-10-03 10:59:14 | ? PDF DESCARGADO EXITOSAMENTE: 20251003_105914_gmm5_RENOVACION_POLIZA_418593786_JU_418593786_RUISANCHEZ_ARDUENGO_JUAN_JOSE_-_RUISANCHEZ_CUANDA_LUIS_MANUEL_-FACTURA.pdf
2025-10-03 10:59:14 | Adjunto: image001.png
2025-10-03 10:59:14 | ? Verificación PDF: image001.png -> NO es PDF
2025-10-03 10:59:14 | Adjunto: image002.png
2025-10-03 10:59:14 | ? Verificación PDF: image002.png -> NO es PDF
2025-10-03 10:59:14 | Adjunto: image003.png
2025-10-03 10:59:14 | ? Verificación PDF: image003.png -> NO es PDF
2025-10-03 10:59:14 | Adjunto: image004.png
2025-10-03 10:59:14 | ? Verificación PDF: image004.png -> NO es PDF
2025-10-03 10:59:14 | Adjunto: image007.jpg
2025-10-03 10:59:14 | ? Verificación PDF: image007.jpg -> NO es PDF
2025-10-03 10:59:14 | Adjunto: image008.png
2025-10-03 10:59:14 | ? Verificación PDF: image008.png -> NO es PDF
2025-10-03 10:59:14 | RESUMEN: 4 PDFs encontrados, 4 descargados
2025-10-03 11:04:12 | ?? NUEVO CORREO DETECTADO - Iniciando procesamiento...
2025-10-03 11:04:12 | === PROCESANDO CORREO ENTRANTE ===
2025-10-03 11:04:12 | Asunto: RE: 500056182 - 5	ALFREDO ACEVEDO HACES	VW TERRAMONT COMFORTLINE PLUS 2019
2025-10-03 11:04:12 | Remitente: Acevedo Couttolenc / Abraham Pelcastre
2025-10-03 11:04:12 | ?? Detectada cuenta EXCHANGE, extrayendo email real...
2025-10-03 11:04:12 | ? Email REAL obtenido de Exchange: autos2@ACEVEDOCOUTTOLENC.COM
2025-10-03 11:04:12 | Email remitente: autos2@acevedocouttolenc.com
2025-10-03 11:04:12 | Dominio detectado: acevedocouttolenc.com
2025-10-03 11:04:12 | ?? Comparando dominio: acevedocouttolenc.com vs acevedocouttolenc.com
2025-10-03 11:04:12 | ? DOMINIO COINCIDE
2025-10-03 11:04:12 | ? CORREO ACEPTADO - Dominio coincide
2025-10-03 11:04:12 | Buscando adjuntos. Total: 4
2025-10-03 11:04:12 | Adjunto: POLIZA 500056182 ACEVEDO HACES ALFREDO.pdf
2025-10-03 11:04:12 | ? Verificación PDF: POLIZA 500056182 ACEVEDO HACES ALFREDO.pdf -> EXTENSIÓN VÁLIDA
2025-10-03 11:04:12 | ? PDF ENCONTRADO: POLIZA 500056182 ACEVEDO HACES ALFREDO.pdf
2025-10-03 11:04:12 | Guardando como: 20251003_110412_autos2_RE__500056182_-_5_ALFREDO_ACEV_POLIZA_500056182_ACEVEDO_HACES_ALFREDO.pdf
2025-10-03 11:04:12 | Ruta completa: C:\laragon\www\analizer_files\data\20251003_110412_autos2_RE__500056182_-_5_ALFREDO_ACEV_POLIZA_500056182_ACEVEDO_HACES_ALFREDO.pdf
2025-10-03 11:04:12 | ? PDF DESCARGADO EXITOSAMENTE: 20251003_110412_autos2_RE__500056182_-_5_ALFREDO_ACEV_POLIZA_500056182_ACEVEDO_HACES_ALFREDO.pdf
2025-10-03 11:04:12 | Adjunto: RECIBO 500056182 ACEVEDO HACES ALFREDO.pdf
2025-10-03 11:04:12 | ? Verificación PDF: RECIBO 500056182 ACEVEDO HACES ALFREDO.pdf -> EXTENSIÓN VÁLIDA
2025-10-03 11:04:12 | ? PDF ENCONTRADO: RECIBO 500056182 ACEVEDO HACES ALFREDO.pdf
2025-10-03 11:04:12 | Guardando como: 20251003_110412_autos2_RE__500056182_-_5_ALFREDO_ACEV_RECIBO_500056182_ACEVEDO_HACES_ALFREDO.pdf
2025-10-03 11:04:12 | Ruta completa: C:\laragon\www\analizer_files\data\20251003_110412_autos2_RE__500056182_-_5_ALFREDO_ACEV_RECIBO_500056182_ACEVEDO_HACES_ALFREDO.pdf
2025-10-03 11:04:12 | ? PDF DESCARGADO EXITOSAMENTE: 20251003_110412_autos2_RE__500056182_-_5_ALFREDO_ACEV_RECIBO_500056182_ACEVEDO_HACES_ALFREDO.pdf
2025-10-03 11:04:12 | Adjunto: image001.png
2025-10-03 11:04:12 | ? Verificación PDF: image001.png -> NO es PDF
2025-10-03 11:04:12 | Adjunto: image002.png
2025-10-03 11:04:12 | ? Verificación PDF: image002.png -> NO es PDF
2025-10-03 11:04:12 | RESUMEN: 2 PDFs encontrados, 2 descargados
2025-10-03 11:15:48 | ?? NUEVO CORREO DETECTADO - Iniciando procesamiento...
2025-10-03 11:15:48 | === PROCESANDO CORREO ENTRANTE ===
2025-10-03 11:15:48 | Asunto: RENOVACION POLIZA 575236815 RODRIGO GOSSET PEREZ
2025-10-03 11:15:48 | Remitente: Acevedo Couttolenc / Lucina Hernandez
2025-10-03 11:15:48 | ?? Detectada cuenta EXCHANGE, extrayendo email real...
2025-10-03 11:15:48 | ? Email REAL obtenido de Exchange: gmm5@ACEVEDOCOUTTOLENC.COM
2025-10-03 11:15:48 | Email remitente: gmm5@acevedocouttolenc.com
2025-10-03 11:15:48 | Dominio detectado: acevedocouttolenc.com
2025-10-03 11:15:48 | ?? Comparando dominio: acevedocouttolenc.com vs acevedocouttolenc.com
2025-10-03 11:15:48 | ? DOMINIO COINCIDE
2025-10-03 11:15:48 | ? CORREO ACEPTADO - Dominio coincide
2025-10-03 11:15:48 | Buscando adjuntos. Total: 11
2025-10-03 11:15:48 | Adjunto: CONEXION.zip
2025-10-03 11:15:48 | ? Verificación PDF: CONEXION.zip -> NO es PDF
2025-10-03 11:15:48 | Adjunto: 575236815 GOSSET PEREZ RODRIGO -FACTURA.pdf
2025-10-03 11:15:48 | ? Verificación PDF: 575236815 GOSSET PEREZ RODRIGO -FACTURA.pdf -> EXTENSIÓN VÁLIDA
2025-10-03 11:15:48 | ? PDF ENCONTRADO: 575236815 GOSSET PEREZ RODRIGO -FACTURA.pdf
2025-10-03 11:15:48 | Guardando como: 20251003_111548_gmm5_RENOVACION_POLIZA_575236815_RO_575236815_GOSSET_PEREZ_RODRIGO_-FACTURA.pdf
2025-10-03 11:15:48 | Ruta completa: C:\laragon\www\analizer_files\data\20251003_111548_gmm5_RENOVACION_POLIZA_575236815_RO_575236815_GOSSET_PEREZ_RODRIGO_-FACTURA.pdf
2025-10-03 11:15:48 | ? PDF DESCARGADO EXITOSAMENTE: 20251003_111548_gmm5_RENOVACION_POLIZA_575236815_RO_575236815_GOSSET_PEREZ_RODRIGO_-FACTURA.pdf
2025-10-03 11:15:48 | Adjunto: 575236815 GOSSET PEREZ RODRIGO -RECIBO.pdf
2025-10-03 11:15:48 | ? Verificación PDF: 575236815 GOSSET PEREZ RODRIGO -RECIBO.pdf -> EXTENSIÓN VÁLIDA
2025-10-03 11:15:48 | ? PDF ENCONTRADO: 575236815 GOSSET PEREZ RODRIGO -RECIBO.pdf
2025-10-03 11:15:48 | Guardando como: 20251003_111548_gmm5_RENOVACION_POLIZA_575236815_RO_575236815_GOSSET_PEREZ_RODRIGO_-RECIBO.pdf
2025-10-03 11:15:48 | Ruta completa: C:\laragon\www\analizer_files\data\20251003_111548_gmm5_RENOVACION_POLIZA_575236815_RO_575236815_GOSSET_PEREZ_RODRIGO_-RECIBO.pdf
2025-10-03 11:15:48 | ? PDF DESCARGADO EXITOSAMENTE: 20251003_111548_gmm5_RENOVACION_POLIZA_575236815_RO_575236815_GOSSET_PEREZ_RODRIGO_-RECIBO.pdf
2025-10-03 11:15:48 | Adjunto: 575236815 GOSSET PEREZ RODRIGO.pdf
2025-10-03 11:15:48 | ? Verificación PDF: 575236815 GOSSET PEREZ RODRIGO.pdf -> EXTENSIÓN VÁLIDA
2025-10-03 11:15:48 | ? PDF ENCONTRADO: 575236815 GOSSET PEREZ RODRIGO.pdf
2025-10-03 11:15:48 | Guardando como: 20251003_111548_gmm5_RENOVACION_POLIZA_575236815_RO_575236815_GOSSET_PEREZ_RODRIGO.pdf
2025-10-03 11:15:48 | Ruta completa: C:\laragon\www\analizer_files\data\20251003_111548_gmm5_RENOVACION_POLIZA_575236815_RO_575236815_GOSSET_PEREZ_RODRIGO.pdf
2025-10-03 11:15:48 | ? PDF DESCARGADO EXITOSAMENTE: 20251003_111548_gmm5_RENOVACION_POLIZA_575236815_RO_575236815_GOSSET_PEREZ_RODRIGO.pdf
2025-10-03 11:15:48 | Adjunto: 575236815.xml
2025-10-03 11:15:48 | ? Verificación PDF: 575236815.xml -> NO es PDF
2025-10-03 11:15:48 | Adjunto: image001.png
2025-10-03 11:15:48 | ? Verificación PDF: image001.png -> NO es PDF
2025-10-03 11:15:48 | Adjunto: image002.png
2025-10-03 11:15:48 | ? Verificación PDF: image002.png -> NO es PDF
2025-10-03 11:15:48 | Adjunto: image003.png
2025-10-03 11:15:48 | ? Verificación PDF: image003.png -> NO es PDF
2025-10-03 11:15:48 | Adjunto: image004.png
2025-10-03 11:15:48 | ? Verificación PDF: image004.png -> NO es PDF
2025-10-03 11:15:48 | Adjunto: image005.png
2025-10-03 11:15:48 | ? Verificación PDF: image005.png -> NO es PDF
2025-10-03 11:15:48 | Adjunto: image006.jpg
2025-10-03 11:15:48 | ? Verificación PDF: image006.jpg -> NO es PDF
2025-10-03 11:15:48 | RESUMEN: 3 PDFs encontrados, 3 descargados
2025-10-03 11:34:35 | ?? NUEVO CORREO DETECTADO - Iniciando procesamiento...
2025-10-03 11:34:35 | === PROCESANDO CORREO ENTRANTE ===
2025-10-03 11:34:35 | Asunto: RENOVACION POLIZA (206984395) 693163495 CONSTRUCCIONES Y CARRETERAS LOBCA, SA DE CV -MIGUEL ANGEL LOBATO MORA
2025-10-03 11:34:35 | Remitente: Acevedo Couttolenc / Lucina Hernandez
2025-10-03 11:34:35 | ?? Detectada cuenta EXCHANGE, extrayendo email real...
2025-10-03 11:34:35 | ? Email REAL obtenido de Exchange: gmm5@ACEVEDOCOUTTOLENC.COM
2025-10-03 11:34:35 | Email remitente: gmm5@acevedocouttolenc.com
2025-10-03 11:34:35 | Dominio detectado: acevedocouttolenc.com
2025-10-03 11:34:35 | ?? Comparando dominio: acevedocouttolenc.com vs acevedocouttolenc.com
2025-10-03 11:34:35 | ? DOMINIO COINCIDE
2025-10-03 11:34:35 | ? CORREO ACEPTADO - Dominio coincide
2025-10-03 11:34:35 | Buscando adjuntos. Total: 11
2025-10-03 11:34:35 | Adjunto: 693163495 CONSTRUCCIONES Y CARRETERAS LOBCA - LOBATO MORA MIGUEL ANGEL  -FACTURA.pdf
2025-10-03 11:34:35 | ? Verificación PDF: 693163495 CONSTRUCCIONES Y CARRETERAS LOBCA - LOBATO MORA MIGUEL ANGEL  -FACTURA.pdf -> EXTENSIÓN VÁLIDA
2025-10-03 11:34:35 | ? PDF ENCONTRADO: 693163495 CONSTRUCCIONES Y CARRETERAS LOBCA - LOBATO MORA MIGUEL ANGEL  -FACTURA.pdf
2025-10-03 11:34:35 | Guardando como: 20251003_113435_gmm5_RENOVACION_POLIZA__206984395___693163495_CONSTRUCCIONES_Y_CARRETERAS_LOBCA_-_LOBATO_MORA_MIGUEL_ANGEL__-FACTURA.pdf
2025-10-03 11:34:35 | Ruta completa: C:\laragon\www\analizer_files\data\20251003_113435_gmm5_RENOVACION_POLIZA__206984395___693163495_CONSTRUCCIONES_Y_CARRETERAS_LOBCA_-_LOBATO_MORA_MIGUEL_ANGEL__-FACTURA.pdf
2025-10-03 11:34:35 | ? PDF DESCARGADO EXITOSAMENTE: 20251003_113435_gmm5_RENOVACION_POLIZA__206984395___693163495_CONSTRUCCIONES_Y_CARRETERAS_LOBCA_-_LOBATO_MORA_MIGUEL_ANGEL__-FACTURA.pdf
2025-10-03 11:34:35 | Adjunto: 693163495 CONSTRUCCIONES Y CARRETERAS LOBCA - LOBATO MORA MIGUEL ANGEL  -RECIBO.pdf
2025-10-03 11:34:35 | ? Verificación PDF: 693163495 CONSTRUCCIONES Y CARRETERAS LOBCA - LOBATO MORA MIGUEL ANGEL  -RECIBO.pdf -> EXTENSIÓN VÁLIDA
2025-10-03 11:34:35 | ? PDF ENCONTRADO: 693163495 CONSTRUCCIONES Y CARRETERAS LOBCA - LOBATO MORA MIGUEL ANGEL  -RECIBO.pdf
2025-10-03 11:34:35 | Guardando como: 20251003_113435_gmm5_RENOVACION_POLIZA__206984395___693163495_CONSTRUCCIONES_Y_CARRETERAS_LOBCA_-_LOBATO_MORA_MIGUEL_ANGEL__-RECIBO.pdf
2025-10-03 11:34:35 | Ruta completa: C:\laragon\www\analizer_files\data\20251003_113435_gmm5_RENOVACION_POLIZA__206984395___693163495_CONSTRUCCIONES_Y_CARRETERAS_LOBCA_-_LOBATO_MORA_MIGUEL_ANGEL__-RECIBO.pdf
2025-10-03 11:34:35 | ? PDF DESCARGADO EXITOSAMENTE: 20251003_113435_gmm5_RENOVACION_POLIZA__206984395___693163495_CONSTRUCCIONES_Y_CARRETERAS_LOBCA_-_LOBATO_MORA_MIGUEL_ANGEL__-RECIBO.pdf
2025-10-03 11:34:35 | Adjunto: 693163495 CONSTRUCCIONES Y CARRETERAS LOBCA - LOBATO MORA MIGUEL ANGEL.pdf
2025-10-03 11:34:35 | ? Verificación PDF: 693163495 CONSTRUCCIONES Y CARRETERAS LOBCA - LOBATO MORA MIGUEL ANGEL.pdf -> EXTENSIÓN VÁLIDA
2025-10-03 11:34:35 | ? PDF ENCONTRADO: 693163495 CONSTRUCCIONES Y CARRETERAS LOBCA - LOBATO MORA MIGUEL ANGEL.pdf
2025-10-03 11:34:35 | Guardando como: 20251003_113435_gmm5_RENOVACION_POLIZA__206984395___693163495_CONSTRUCCIONES_Y_CARRETERAS_LOBCA_-_LOBATO_MORA_MIGUEL_ANGEL.pdf
2025-10-03 11:34:35 | Ruta completa: C:\laragon\www\analizer_files\data\20251003_113435_gmm5_RENOVACION_POLIZA__206984395___693163495_CONSTRUCCIONES_Y_CARRETERAS_LOBCA_-_LOBATO_MORA_MIGUEL_ANGEL.pdf
2025-10-03 11:34:35 | ? PDF DESCARGADO EXITOSAMENTE: 20251003_113435_gmm5_RENOVACION_POLIZA__206984395___693163495_CONSTRUCCIONES_Y_CARRETERAS_LOBCA_-_LOBATO_MORA_MIGUEL_ANGEL.pdf
2025-10-03 11:34:35 | Adjunto: 693163495.xml
2025-10-03 11:34:35 | ? Verificación PDF: 693163495.xml -> NO es PDF
2025-10-03 11:34:35 | Adjunto: VERSATIL.zip
2025-10-03 11:34:35 | ? Verificación PDF: VERSATIL.zip -> NO es PDF
2025-10-03 11:34:35 | Adjunto: image001.png
2025-10-03 11:34:35 | ? Verificación PDF: image001.png -> NO es PDF
2025-10-03 11:34:35 | Adjunto: image002.png
2025-10-03 11:34:35 | ? Verificación PDF: image002.png -> NO es PDF
2025-10-03 11:34:35 | Adjunto: image003.png
2025-10-03 11:34:35 | ? Verificación PDF: image003.png -> NO es PDF
2025-10-03 11:34:35 | Adjunto: image004.png
2025-10-03 11:34:35 | ? Verificación PDF: image004.png -> NO es PDF
2025-10-03 11:34:35 | Adjunto: image005.png
2025-10-03 11:34:35 | ? Verificación PDF: image005.png -> NO es PDF
2025-10-03 11:34:35 | Adjunto: image006.jpg
2025-10-03 11:34:35 | ? Verificación PDF: image006.jpg -> NO es PDF
2025-10-03 11:34:35 | RESUMEN: 3 PDFs encontrados, 3 descargados
2025-10-03 11:45:11 | ?? NUEVO CORREO DETECTADO - Iniciando procesamiento...
2025-10-03 11:45:11 | === PROCESANDO CORREO ENTRANTE ===
2025-10-03 11:45:11 | Asunto: PRESTAMO DE EXPEDIENTE META-8327205 ELIZONDO GONZALEZ ROCIO
2025-10-03 11:45:11 | Remitente: Acevedo Couttolenc / Frida Fernanda Villaseñor Tecuatl
2025-10-03 11:45:11 | ?? Detectada cuenta EXCHANGE, extrayendo email real...
2025-10-03 11:45:11 | ? Email REAL obtenido de Exchange: vida2@ACEVEDOCOUTTOLENC.COM
2025-10-03 11:45:11 | Email remitente: vida2@acevedocouttolenc.com
2025-10-03 11:45:11 | Dominio detectado: acevedocouttolenc.com
2025-10-03 11:45:11 | ?? Comparando dominio: acevedocouttolenc.com vs acevedocouttolenc.com
2025-10-03 11:45:11 | ? DOMINIO COINCIDE
2025-10-03 11:45:11 | ? CORREO ACEPTADO - Dominio coincide
2025-10-03 11:45:11 | Buscando adjuntos. Total: 1
2025-10-03 11:45:11 | Adjunto: image001.png
2025-10-03 11:45:11 | ? Verificación PDF: image001.png -> NO es PDF
2025-10-03 11:45:11 | RESUMEN: 0 PDFs encontrados, 0 descargados
2025-10-03 12:30:31 | ?? NUEVO CORREO DETECTADO - Iniciando procesamiento...
2025-10-03 12:30:31 | === PROCESANDO CORREO ENTRANTE ===
2025-10-03 12:30:31 | Asunto: 100018046 // MARTINEZ AGUILAR OSCAR DANIEL // NP300 PICK UP TM DH 6VEL PAQ. SEG MOD 2018
2025-10-03 12:30:31 | Remitente: Acevedo Couttolenc / Diana Carrillo
2025-10-03 12:30:31 | ?? Detectada cuenta EXCHANGE, extrayendo email real...
2025-10-03 12:30:31 | ? Email REAL obtenido de Exchange: autos1@ACEVEDOCOUTTOLENC.COM
2025-10-03 12:30:31 | Email remitente: autos1@acevedocouttolenc.com
2025-10-03 12:30:31 | Dominio detectado: acevedocouttolenc.com
2025-10-03 12:30:31 | ?? Comparando dominio: acevedocouttolenc.com vs acevedocouttolenc.com
2025-10-03 12:30:31 | ? DOMINIO COINCIDE
2025-10-03 12:30:31 | ? CORREO ACEPTADO - Dominio coincide
2025-10-03 12:30:31 | Buscando adjuntos. Total: 6
2025-10-03 12:30:31 | Adjunto: REPORTE SURA.pdf
2025-10-03 12:30:31 | ? Verificación PDF: REPORTE SURA.pdf -> EXTENSIÓN VÁLIDA
2025-10-03 12:30:31 | ? PDF ENCONTRADO: REPORTE SURA.pdf
2025-10-03 12:30:31 | Guardando como: 20251003_123031_autos1_100018046___MARTINEZ_AGUILAR_O_REPORTE_SURA.pdf
2025-10-03 12:30:31 | Ruta completa: C:\laragon\www\analizer_files\data\20251003_123031_autos1_100018046___MARTINEZ_AGUILAR_O_REPORTE_SURA.pdf
2025-10-03 12:30:31 | ? PDF DESCARGADO EXITOSAMENTE: 20251003_123031_autos1_100018046___MARTINEZ_AGUILAR_O_REPORTE_SURA.pdf
2025-10-03 12:30:31 | Adjunto: image001.png
2025-10-03 12:30:31 | ? Verificación PDF: image001.png -> NO es PDF
2025-10-03 12:30:31 | Adjunto: image002.png
2025-10-03 12:30:31 | ? Verificación PDF: image002.png -> NO es PDF
2025-10-03 12:30:31 | Adjunto: COND GENERALES PICKUP.zip
2025-10-03 12:30:31 | ? Verificación PDF: COND GENERALES PICKUP.zip -> NO es PDF
2025-10-03 12:30:31 | Adjunto: 100018046-1.pdf
2025-10-03 12:30:31 | ? Verificación PDF: 100018046-1.pdf -> EXTENSIÓN VÁLIDA
2025-10-03 12:30:31 | ? PDF ENCONTRADO: 100018046-1.pdf
2025-10-03 12:30:31 | Guardando como: 20251003_123031_autos1_100018046___MARTINEZ_AGUILAR_O_100018046-1.pdf
2025-10-03 12:30:31 | Ruta completa: C:\laragon\www\analizer_files\data\20251003_123031_autos1_100018046___MARTINEZ_AGUILAR_O_100018046-1.pdf
2025-10-03 12:30:31 | ? PDF DESCARGADO EXITOSAMENTE: 20251003_123031_autos1_100018046___MARTINEZ_AGUILAR_O_100018046-1.pdf
2025-10-03 12:30:31 | Adjunto: 100018046.pdf
2025-10-03 12:30:31 | ? Verificación PDF: 100018046.pdf -> EXTENSIÓN VÁLIDA
2025-10-03 12:30:31 | ? PDF ENCONTRADO: 100018046.pdf
2025-10-03 12:30:31 | Guardando como: 20251003_123031_autos1_100018046___MARTINEZ_AGUILAR_O_100018046.pdf
2025-10-03 12:30:31 | Ruta completa: C:\laragon\www\analizer_files\data\20251003_123031_autos1_100018046___MARTINEZ_AGUILAR_O_100018046.pdf
2025-10-03 12:30:31 | ? PDF DESCARGADO EXITOSAMENTE: 20251003_123031_autos1_100018046___MARTINEZ_AGUILAR_O_100018046.pdf
2025-10-03 12:30:31 | RESUMEN: 3 PDFs encontrados, 3 descargados
2025-10-03 12:38:05 | ?? NUEVO CORREO DETECTADO - Iniciando procesamiento...
2025-10-03 12:38:05 | === PROCESANDO CORREO ENTRANTE ===
2025-10-03 12:38:05 | Asunto:  RENOVACIÓN PÓLIZA DE VIDA INDIVIDUAL BECA PROFESIONAL 418081402 RAUL MARTINEZ CASTRO
2025-10-03 12:38:05 | Remitente: Acevedo Couttolenc / Frida Fernanda Villaseñor Tecuatl
2025-10-03 12:38:05 | ?? Detectada cuenta EXCHANGE, extrayendo email real...
2025-10-03 12:38:05 | ? Email REAL obtenido de Exchange: vida2@ACEVEDOCOUTTOLENC.COM
2025-10-03 12:38:05 | Email remitente: vida2@acevedocouttolenc.com
2025-10-03 12:38:05 | Dominio detectado: acevedocouttolenc.com
2025-10-03 12:38:05 | ?? Comparando dominio: acevedocouttolenc.com vs acevedocouttolenc.com
2025-10-03 12:38:05 | ? DOMINIO COINCIDE
2025-10-03 12:38:05 | ? CORREO ACEPTADO - Dominio coincide
2025-10-03 12:38:05 | Buscando adjuntos. Total: 2
2025-10-03 12:38:05 | Adjunto: 14102025 418081402 MARTINEZ CASTRO RAUL.pdf
2025-10-03 12:38:05 | ? Verificación PDF: 14102025 418081402 MARTINEZ CASTRO RAUL.pdf -> EXTENSIÓN VÁLIDA
2025-10-03 12:38:05 | ? PDF ENCONTRADO: 14102025 418081402 MARTINEZ CASTRO RAUL.pdf
2025-10-03 12:38:05 | Guardando como: 20251003_123805_vida2_RENOVACI_N_P_LIZA_DE_VIDA_INDI_14102025_418081402_MARTINEZ_CASTRO_RAUL.pdf
2025-10-03 12:38:05 | Ruta completa: C:\laragon\www\analizer_files\data\20251003_123805_vida2_RENOVACI_N_P_LIZA_DE_VIDA_INDI_14102025_418081402_MARTINEZ_CASTRO_RAUL.pdf
2025-10-03 12:38:05 | ? PDF DESCARGADO EXITOSAMENTE: 20251003_123805_vida2_RENOVACI_N_P_LIZA_DE_VIDA_INDI_14102025_418081402_MARTINEZ_CASTRO_RAUL.pdf
2025-10-03 12:38:05 | Adjunto: image003.png
2025-10-03 12:38:05 | ? Verificación PDF: image003.png -> NO es PDF
2025-10-03 12:38:05 | RESUMEN: 1 PDFs encontrados, 1 descargados
2025-10-03 12:53:22 | ?? NUEVO CORREO DETECTADO - Iniciando procesamiento...
2025-10-03 12:53:22 | === PROCESANDO CORREO ENTRANTE ===
2025-10-03 12:53:22 | Asunto: RENOVACION DE GASTOS MEDICOS 1011339 MARIA JESUS OTERO SAN MARTIN POL (ANT) 210241
2025-10-03 12:53:22 | Remitente: Acevedo Couttolenc / Rocio Romano
2025-10-03 12:53:22 | ?? Detectada cuenta EXCHANGE, extrayendo email real...
2025-10-03 12:53:22 | ? Email REAL obtenido de Exchange: gmm3@ACEVEDOCOUTTOLENC.COM
2025-10-03 12:53:22 | Email remitente: gmm3@acevedocouttolenc.com
2025-10-03 12:53:22 | Dominio detectado: acevedocouttolenc.com
2025-10-03 12:53:22 | ?? Comparando dominio: acevedocouttolenc.com vs acevedocouttolenc.com
2025-10-03 12:53:22 | ? DOMINIO COINCIDE
2025-10-03 12:53:22 | ? CORREO ACEPTADO - Dominio coincide
2025-10-03 12:53:22 | Buscando adjuntos. Total: 5
2025-10-03 12:53:22 | Adjunto: 1011339  OTERO SAN MARTIN MARIA JESUS.pdf
2025-10-03 12:53:22 | ? Verificación PDF: 1011339  OTERO SAN MARTIN MARIA JESUS.pdf -> EXTENSIÓN VÁLIDA
2025-10-03 12:53:22 | ? PDF ENCONTRADO: 1011339  OTERO SAN MARTIN MARIA JESUS.pdf
2025-10-03 12:53:22 | Guardando como: 20251003_125322_gmm3_RENOVACION_DE_GASTOS_MEDICOS_1_1011339__OTERO_SAN_MARTIN_MARIA_JESUS.pdf
2025-10-03 12:53:22 | Ruta completa: C:\laragon\www\analizer_files\data\20251003_125322_gmm3_RENOVACION_DE_GASTOS_MEDICOS_1_1011339__OTERO_SAN_MARTIN_MARIA_JESUS.pdf
2025-10-03 12:53:22 | ? PDF DESCARGADO EXITOSAMENTE: 20251003_125322_gmm3_RENOVACION_DE_GASTOS_MEDICOS_1_1011339__OTERO_SAN_MARTIN_MARIA_JESUS.pdf
2025-10-03 12:53:22 | Adjunto: 1011339  OTERO SAN MARTIN MARIA JESUS_RECIBO.pdf
2025-10-03 12:53:22 | ? Verificación PDF: 1011339  OTERO SAN MARTIN MARIA JESUS_RECIBO.pdf -> EXTENSIÓN VÁLIDA
2025-10-03 12:53:22 | ? PDF ENCONTRADO: 1011339  OTERO SAN MARTIN MARIA JESUS_RECIBO.pdf
2025-10-03 12:53:22 | Guardando como: 20251003_125322_gmm3_RENOVACION_DE_GASTOS_MEDICOS_1_1011339__OTERO_SAN_MARTIN_MARIA_JESUS_RECIBO.pdf
2025-10-03 12:53:22 | Ruta completa: C:\laragon\www\analizer_files\data\20251003_125322_gmm3_RENOVACION_DE_GASTOS_MEDICOS_1_1011339__OTERO_SAN_MARTIN_MARIA_JESUS_RECIBO.pdf
2025-10-03 12:53:22 | ? PDF DESCARGADO EXITOSAMENTE: 20251003_125322_gmm3_RENOVACION_DE_GASTOS_MEDICOS_1_1011339__OTERO_SAN_MARTIN_MARIA_JESUS_RECIBO.pdf
2025-10-03 12:53:22 | Adjunto: BUPA NACIONAL PLUS 2025.zip
2025-10-03 12:53:22 | ? Verificación PDF: BUPA NACIONAL PLUS 2025.zip -> NO es PDF
2025-10-03 12:53:22 | Adjunto: image002.png
2025-10-03 12:53:22 | ? Verificación PDF: image002.png -> NO es PDF
2025-10-03 12:53:22 | Adjunto: image006.jpg
2025-10-03 12:53:22 | ? Verificación PDF: image006.jpg -> NO es PDF
2025-10-03 12:53:22 | RESUMEN: 2 PDFs encontrados, 2 descargados
2025-10-03 12:55:43 | ?? NUEVO CORREO DETECTADO - Iniciando procesamiento...
2025-10-03 12:55:43 | === PROCESANDO CORREO ENTRANTE ===
2025-10-03 12:55:43 | Asunto:  RENOVACIÓN PÓLIZA DE VIDA INDIVIDUAL BECA PROFESIONAL 252301130 SZEKERES TAMAS
2025-10-03 12:55:43 | Remitente: Acevedo Couttolenc / Frida Fernanda Villaseñor Tecuatl
2025-10-03 12:55:43 | ?? Detectada cuenta EXCHANGE, extrayendo email real...
2025-10-03 12:55:43 | ? Email REAL obtenido de Exchange: vida2@ACEVEDOCOUTTOLENC.COM
2025-10-03 12:55:43 | Email remitente: vida2@acevedocouttolenc.com
2025-10-03 12:55:43 | Dominio detectado: acevedocouttolenc.com
2025-10-03 12:55:43 | ?? Comparando dominio: acevedocouttolenc.com vs acevedocouttolenc.com
2025-10-03 12:55:43 | ? DOMINIO COINCIDE
2025-10-03 12:55:43 | ? CORREO ACEPTADO - Dominio coincide
2025-10-03 12:55:43 | Buscando adjuntos. Total: 2
2025-10-03 12:55:43 | Adjunto: 13102025 252301130 SZEKERES TAMAS.pdf
2025-10-03 12:55:43 | ? Verificación PDF: 13102025 252301130 SZEKERES TAMAS.pdf -> EXTENSIÓN VÁLIDA
2025-10-03 12:55:43 | ? PDF ENCONTRADO: 13102025 252301130 SZEKERES TAMAS.pdf
2025-10-03 12:55:43 | Guardando como: 20251003_125543_vida2_RENOVACI_N_P_LIZA_DE_VIDA_INDI_13102025_252301130_SZEKERES_TAMAS.pdf
2025-10-03 12:55:44 | Ruta completa: C:\laragon\www\analizer_files\data\20251003_125543_vida2_RENOVACI_N_P_LIZA_DE_VIDA_INDI_13102025_252301130_SZEKERES_TAMAS.pdf
2025-10-03 12:55:44 | ? PDF DESCARGADO EXITOSAMENTE: 20251003_125543_vida2_RENOVACI_N_P_LIZA_DE_VIDA_INDI_13102025_252301130_SZEKERES_TAMAS.pdf
2025-10-03 12:55:44 | Adjunto: image002.png
2025-10-03 12:55:44 | ? Verificación PDF: image002.png -> NO es PDF
2025-10-03 12:55:44 | RESUMEN: 1 PDFs encontrados, 1 descargados
2025-10-03 13:09:44 | ?? NUEVO CORREO DETECTADO - Iniciando procesamiento...
2025-10-03 13:09:44 | === PROCESANDO CORREO ENTRANTE ===
2025-10-03 13:09:44 | Asunto: 2-430-700004994/ FAMVEP S.A. DE C.V. / ENDOSO EMPRESARIAL
2025-10-03 13:09:44 | Remitente: Acevedo Couttolenc / Saúl Sánchez
2025-10-03 13:09:44 | ?? Detectada cuenta EXCHANGE, extrayendo email real...
2025-10-03 13:09:44 | ? Email REAL obtenido de Exchange: danos@ACEVEDOCOUTTOLENC.COM
2025-10-03 13:09:44 | Email remitente: danos@acevedocouttolenc.com
2025-10-03 13:09:44 | Dominio detectado: acevedocouttolenc.com
2025-10-03 13:09:44 | ?? Comparando dominio: acevedocouttolenc.com vs acevedocouttolenc.com
2025-10-03 13:09:44 | ? DOMINIO COINCIDE
2025-10-03 13:09:44 | ? CORREO ACEPTADO - Dominio coincide
2025-10-03 13:09:44 | Buscando adjuntos. Total: 4
2025-10-03 13:09:44 | Adjunto: Recibo 2-430-700004994.pdf
2025-10-03 13:09:44 | ? Verificación PDF: Recibo 2-430-700004994.pdf -> EXTENSIÓN VÁLIDA
2025-10-03 13:09:44 | ? PDF ENCONTRADO: Recibo 2-430-700004994.pdf
2025-10-03 13:09:44 | Guardando como: 20251003_130944_danos_2-430-700004994__FAMVEP_S.A._D_Recibo_2-430-700004994.pdf
2025-10-03 13:09:44 | Ruta completa: C:\laragon\www\analizer_files\data\20251003_130944_danos_2-430-700004994__FAMVEP_S.A._D_Recibo_2-430-700004994.pdf
2025-10-03 13:09:44 | ? PDF DESCARGADO EXITOSAMENTE: 20251003_130944_danos_2-430-700004994__FAMVEP_S.A._D_Recibo_2-430-700004994.pdf
2025-10-03 13:09:44 | Adjunto: Endoso 2-430-700004994.pdf
2025-10-03 13:09:44 | ? Verificación PDF: Endoso 2-430-700004994.pdf -> EXTENSIÓN VÁLIDA
2025-10-03 13:09:44 | ? PDF ENCONTRADO: Endoso 2-430-700004994.pdf
2025-10-03 13:09:44 | Guardando como: 20251003_130944_danos_2-430-700004994__FAMVEP_S.A._D_Endoso_2-430-700004994.pdf
2025-10-03 13:09:44 | Ruta completa: C:\laragon\www\analizer_files\data\20251003_130944_danos_2-430-700004994__FAMVEP_S.A._D_Endoso_2-430-700004994.pdf
2025-10-03 13:09:45 | ? PDF DESCARGADO EXITOSAMENTE: 20251003_130944_danos_2-430-700004994__FAMVEP_S.A._D_Endoso_2-430-700004994.pdf
2025-10-03 13:09:45 | Adjunto: image001.png
2025-10-03 13:09:45 | ? Verificación PDF: image001.png -> NO es PDF
2025-10-03 13:09:45 | Adjunto: image002.png
2025-10-03 13:09:45 | ? Verificación PDF: image002.png -> NO es PDF
2025-10-03 13:09:45 | RESUMEN: 2 PDFs encontrados, 2 descargados
2025-10-03 13:09:45 | ?? NUEVO CORREO DETECTADO - Iniciando procesamiento...
2025-10-03 13:09:45 | === PROCESANDO CORREO ENTRANTE ===
2025-10-03 13:09:45 | Asunto: RV: 2-430-300006290 / GASOLINERA ARPA, LATERAL DE LA ATLIXCAYOTL, S.A. DE C.V. / ENDOSO EMPRESARIAL
2025-10-03 13:09:45 | Remitente: Acevedo Couttolenc / Saúl Sánchez
2025-10-03 13:09:45 | ?? Detectada cuenta EXCHANGE, extrayendo email real...
2025-10-03 13:09:45 | ? Email REAL obtenido de Exchange: danos@ACEVEDOCOUTTOLENC.COM
2025-10-03 13:09:45 | Email remitente: danos@acevedocouttolenc.com
2025-10-03 13:09:45 | Dominio detectado: acevedocouttolenc.com
2025-10-03 13:09:45 | ?? Comparando dominio: acevedocouttolenc.com vs acevedocouttolenc.com
2025-10-03 13:09:45 | ? DOMINIO COINCIDE
2025-10-03 13:09:45 | ? CORREO ACEPTADO - Dominio coincide
2025-10-03 13:09:45 | Buscando adjuntos. Total: 4
2025-10-03 13:09:45 | Adjunto: Recibo 2 430 300006290.pdf
2025-10-03 13:09:45 | ? Verificación PDF: Recibo 2 430 300006290.pdf -> EXTENSIÓN VÁLIDA
2025-10-03 13:09:45 | ? PDF ENCONTRADO: Recibo 2 430 300006290.pdf
2025-10-03 13:09:45 | Guardando como: 20251003_130945_danos_RV__2-430-300006290___GASOLINE_Recibo_2_430_300006290.pdf
2025-10-03 13:09:45 | Ruta completa: C:\laragon\www\analizer_files\data\20251003_130945_danos_RV__2-430-300006290___GASOLINE_Recibo_2_430_300006290.pdf
2025-10-03 13:09:45 | ? PDF DESCARGADO EXITOSAMENTE: 20251003_130945_danos_RV__2-430-300006290___GASOLINE_Recibo_2_430_300006290.pdf
2025-10-03 13:09:45 | Adjunto: Endoso 2 430 300006290.pdf
2025-10-03 13:09:45 | ? Verificación PDF: Endoso 2 430 300006290.pdf -> EXTENSIÓN VÁLIDA
2025-10-03 13:09:45 | ? PDF ENCONTRADO: Endoso 2 430 300006290.pdf
2025-10-03 13:09:45 | Guardando como: 20251003_130945_danos_RV__2-430-300006290___GASOLINE_Endoso_2_430_300006290.pdf
2025-10-03 13:09:45 | Ruta completa: C:\laragon\www\analizer_files\data\20251003_130945_danos_RV__2-430-300006290___GASOLINE_Endoso_2_430_300006290.pdf
2025-10-03 13:09:45 | ? PDF DESCARGADO EXITOSAMENTE: 20251003_130945_danos_RV__2-430-300006290___GASOLINE_Endoso_2_430_300006290.pdf
2025-10-03 13:09:45 | Adjunto: image002.png
2025-10-03 13:09:45 | ? Verificación PDF: image002.png -> NO es PDF
2025-10-03 13:09:45 | Adjunto: image003.png
2025-10-03 13:09:45 | ? Verificación PDF: image003.png -> NO es PDF
2025-10-03 13:09:45 | RESUMEN: 2 PDFs encontrados, 2 descargados
2025-10-03 13:12:28 | ?? NUEVO CORREO DETECTADO - Iniciando procesamiento...
2025-10-03 13:12:28 | === PROCESANDO CORREO ENTRANTE ===
2025-10-03 13:12:28 | Asunto:  RENOVACIÓN PÓLIZA DE VIDA INDIVIDUAL 59289637 MILLAN MARTINEZ VICTORINO
2025-10-03 13:12:28 | Remitente: Acevedo Couttolenc / Frida Fernanda Villaseñor Tecuatl
2025-10-03 13:12:28 | ?? Detectada cuenta EXCHANGE, extrayendo email real...
2025-10-03 13:12:28 | ? Email REAL obtenido de Exchange: vida2@ACEVEDOCOUTTOLENC.COM
2025-10-03 13:12:28 | Email remitente: vida2@acevedocouttolenc.com
2025-10-03 13:12:28 | Dominio detectado: acevedocouttolenc.com
2025-10-03 13:12:28 | ?? Comparando dominio: acevedocouttolenc.com vs acevedocouttolenc.com
2025-10-03 13:12:28 | ? DOMINIO COINCIDE
2025-10-03 13:12:28 | ? CORREO ACEPTADO - Dominio coincide
2025-10-03 13:12:28 | Buscando adjuntos. Total: 2
2025-10-03 13:12:28 | Adjunto: 13102025 59289637 MILLAN MARTINEZ VICTORINO.pdf
2025-10-03 13:12:28 | ? Verificación PDF: 13102025 59289637 MILLAN MARTINEZ VICTORINO.pdf -> EXTENSIÓN VÁLIDA
2025-10-03 13:12:28 | ? PDF ENCONTRADO: 13102025 59289637 MILLAN MARTINEZ VICTORINO.pdf
2025-10-03 13:12:28 | Guardando como: 20251003_131228_vida2_RENOVACI_N_P_LIZA_DE_VIDA_INDI_13102025_59289637_MILLAN_MARTINEZ_VICTORINO.pdf
2025-10-03 13:12:28 | Ruta completa: C:\laragon\www\analizer_files\data\20251003_131228_vida2_RENOVACI_N_P_LIZA_DE_VIDA_INDI_13102025_59289637_MILLAN_MARTINEZ_VICTORINO.pdf
2025-10-03 13:12:28 | ? PDF DESCARGADO EXITOSAMENTE: 20251003_131228_vida2_RENOVACI_N_P_LIZA_DE_VIDA_INDI_13102025_59289637_MILLAN_MARTINEZ_VICTORINO.pdf
2025-10-03 13:12:28 | Adjunto: image001.png
2025-10-03 13:12:28 | ? Verificación PDF: image001.png -> NO es PDF
2025-10-03 13:12:28 | RESUMEN: 1 PDFs encontrados, 1 descargados
2025-10-03 13:29:06 | ?? NUEVO CORREO DETECTADO - Iniciando procesamiento...
2025-10-03 13:29:06 | === PROCESANDO CORREO ENTRANTE ===
2025-10-03 13:29:06 | Asunto:  RENOVACIÓN PÓLIZA DE VIDA INDIVIDUAL 94669751 GRAJALES FARIAS ANTONIO
2025-10-03 13:29:06 | Remitente: Acevedo Couttolenc / Frida Fernanda Villaseñor Tecuatl
2025-10-03 13:29:06 | ?? Detectada cuenta EXCHANGE, extrayendo email real...
2025-10-03 13:29:06 | ? Email REAL obtenido de Exchange: vida2@ACEVEDOCOUTTOLENC.COM
2025-10-03 13:29:06 | Email remitente: vida2@acevedocouttolenc.com
2025-10-03 13:29:06 | Dominio detectado: acevedocouttolenc.com
2025-10-03 13:29:06 | ?? Comparando dominio: acevedocouttolenc.com vs acevedocouttolenc.com
2025-10-03 13:29:06 | ? DOMINIO COINCIDE
2025-10-03 13:29:06 | ? CORREO ACEPTADO - Dominio coincide
2025-10-03 13:29:06 | Buscando adjuntos. Total: 2
2025-10-03 13:29:06 | Adjunto: 13102025 94669751 GRAJALES FARIAS ANTONIO.pdf
2025-10-03 13:29:06 | ? Verificación PDF: 13102025 94669751 GRAJALES FARIAS ANTONIO.pdf -> EXTENSIÓN VÁLIDA
2025-10-03 13:29:06 | ? PDF ENCONTRADO: 13102025 94669751 GRAJALES FARIAS ANTONIO.pdf
2025-10-03 13:29:06 | Guardando como: 20251003_132906_vida2_RENOVACI_N_P_LIZA_DE_VIDA_INDI_13102025_94669751_GRAJALES_FARIAS_ANTONIO.pdf
2025-10-03 13:29:06 | Ruta completa: C:\laragon\www\analizer_files\data\20251003_132906_vida2_RENOVACI_N_P_LIZA_DE_VIDA_INDI_13102025_94669751_GRAJALES_FARIAS_ANTONIO.pdf
2025-10-03 13:29:06 | ? PDF DESCARGADO EXITOSAMENTE: 20251003_132906_vida2_RENOVACI_N_P_LIZA_DE_VIDA_INDI_13102025_94669751_GRAJALES_FARIAS_ANTONIO.pdf
2025-10-03 13:29:06 | Adjunto: image003.png
2025-10-03 13:29:06 | ? Verificación PDF: image003.png -> NO es PDF
2025-10-03 13:29:06 | RESUMEN: 1 PDFs encontrados, 1 descargados
2025-10-03 13:38:40 | ?? NUEVO CORREO DETECTADO - Iniciando procesamiento...
2025-10-03 13:38:40 | === PROCESANDO CORREO ENTRANTE ===
2025-10-03 13:38:40 | Asunto: RV: PDF 150292226801  
2025-10-03 13:38:40 | Remitente: Acevedo Couttolenc / Abraham Pelcastre
2025-10-03 13:38:40 | ?? Detectada cuenta EXCHANGE, extrayendo email real...
2025-10-03 13:38:40 | ? Email REAL obtenido de Exchange: autos2@ACEVEDOCOUTTOLENC.COM
2025-10-03 13:38:40 | Email remitente: autos2@acevedocouttolenc.com
2025-10-03 13:38:40 | Dominio detectado: acevedocouttolenc.com
2025-10-03 13:38:40 | ?? Comparando dominio: acevedocouttolenc.com vs acevedocouttolenc.com
2025-10-03 13:38:40 | ? DOMINIO COINCIDE
2025-10-03 13:38:40 | ? CORREO ACEPTADO - Dominio coincide
2025-10-03 13:38:40 | Buscando adjuntos. Total: 19
2025-10-03 13:38:40 | Adjunto: image001.png
2025-10-03 13:38:40 | ? Verificación PDF: image001.png -> NO es PDF
2025-10-03 13:38:40 | Adjunto: image002.png
2025-10-03 13:38:40 | ? Verificación PDF: image002.png -> NO es PDF
2025-10-03 13:38:40 | Adjunto: image003.png
2025-10-03 13:38:40 | ? Verificación PDF: image003.png -> NO es PDF
2025-10-03 13:38:40 | Adjunto: image004.png
2025-10-03 13:38:40 | ? Verificación PDF: image004.png -> NO es PDF
2025-10-03 13:38:40 | Adjunto: image005.png
2025-10-03 13:38:40 | ? Verificación PDF: image005.png -> NO es PDF
2025-10-03 13:38:40 | Adjunto: image006.png
2025-10-03 13:38:40 | ? Verificación PDF: image006.png -> NO es PDF
2025-10-03 13:38:40 | Adjunto: image008.png
2025-10-03 13:38:40 | ? Verificación PDF: image008.png -> NO es PDF
2025-10-03 13:38:40 | Adjunto: image009.jpg
2025-10-03 13:38:40 | ? Verificación PDF: image009.jpg -> NO es PDF
2025-10-03 13:38:40 | Adjunto: image010.png
2025-10-03 13:38:40 | ? Verificación PDF: image010.png -> NO es PDF
2025-10-03 13:38:40 | Adjunto: image011.png
2025-10-03 13:38:40 | ? Verificación PDF: image011.png -> NO es PDF
2025-10-03 13:38:40 | Adjunto: image012.png
2025-10-03 13:38:40 | ? Verificación PDF: image012.png -> NO es PDF
2025-10-03 13:38:40 | Adjunto: image013.png
2025-10-03 13:38:40 | ? Verificación PDF: image013.png -> NO es PDF
2025-10-03 13:38:40 | Adjunto: image014.png
2025-10-03 13:38:40 | ? Verificación PDF: image014.png -> NO es PDF
2025-10-03 13:38:40 | Adjunto: image015.jpg
2025-10-03 13:38:40 | ? Verificación PDF: image015.jpg -> NO es PDF
2025-10-03 13:38:40 | Adjunto: 150292226801 recibos.zip
2025-10-03 13:38:40 | ? Verificación PDF: 150292226801 recibos.zip -> NO es PDF
2025-10-03 13:38:40 | Adjunto: f560f5f8-7aa9-11ef-8ef3-0a85f4a50000.pdf
2025-10-03 13:38:40 | ? Verificación PDF: f560f5f8-7aa9-11ef-8ef3-0a85f4a50000.pdf -> EXTENSIÓN VÁLIDA
2025-10-03 13:38:40 | ? PDF ENCONTRADO: f560f5f8-7aa9-11ef-8ef3-0a85f4a50000.pdf
2025-10-03 13:38:40 | Guardando como: 20251003_133840_autos2_RV__PDF_150292226801_f560f5f8-7aa9-11ef-8ef3-0a85f4a50000.pdf
2025-10-03 13:38:40 | Ruta completa: C:\laragon\www\analizer_files\data\20251003_133840_autos2_RV__PDF_150292226801_f560f5f8-7aa9-11ef-8ef3-0a85f4a50000.pdf
2025-10-03 13:38:40 | ? PDF DESCARGADO EXITOSAMENTE: 20251003_133840_autos2_RV__PDF_150292226801_f560f5f8-7aa9-11ef-8ef3-0a85f4a50000.pdf
2025-10-03 13:38:40 | Adjunto: image018.png
2025-10-03 13:38:40 | ? Verificación PDF: image018.png -> NO es PDF
2025-10-03 13:38:40 | Adjunto: image019.png
2025-10-03 13:38:40 | ? Verificación PDF: image019.png -> NO es PDF
2025-10-03 13:38:40 | Adjunto: image020.jpg
2025-10-03 13:38:40 | ? Verificación PDF: image020.jpg -> NO es PDF
2025-10-03 13:38:40 | RESUMEN: 1 PDFs encontrados, 1 descargados
2025-10-03 13:51:48 | ?? NUEVO CORREO DETECTADO - Iniciando procesamiento...
2025-10-03 13:51:48 | === PROCESANDO CORREO ENTRANTE ===
2025-10-03 13:51:48 | Asunto:  RENOVACIÓN PÓLIZA DE VIDA INDIVIDUAL 252737135 RAEDER HILKE ERNESTO
2025-10-03 13:51:48 | Remitente: Acevedo Couttolenc / Frida Fernanda Villaseñor Tecuatl
2025-10-03 13:51:48 | ?? Detectada cuenta EXCHANGE, extrayendo email real...
2025-10-03 13:51:48 | ? Email REAL obtenido de Exchange: vida2@ACEVEDOCOUTTOLENC.COM
2025-10-03 13:51:48 | Email remitente: vida2@acevedocouttolenc.com
2025-10-03 13:51:48 | Dominio detectado: acevedocouttolenc.com
2025-10-03 13:51:48 | ?? Comparando dominio: acevedocouttolenc.com vs acevedocouttolenc.com
2025-10-03 13:51:48 | ? DOMINIO COINCIDE
2025-10-03 13:51:48 | ? CORREO ACEPTADO - Dominio coincide
2025-10-03 13:51:48 | Buscando adjuntos. Total: 3
2025-10-03 13:51:48 | Adjunto: 19102025 252737135 RAEDER HILKE ERNESTO.pdf
2025-10-03 13:51:48 | ? Verificación PDF: 19102025 252737135 RAEDER HILKE ERNESTO.pdf -> EXTENSIÓN VÁLIDA
2025-10-03 13:51:48 | ? PDF ENCONTRADO: 19102025 252737135 RAEDER HILKE ERNESTO.pdf
2025-10-03 13:51:48 | Guardando como: 20251003_135148_vida2_RENOVACI_N_P_LIZA_DE_VIDA_INDI_19102025_252737135_RAEDER_HILKE_ERNESTO.pdf
2025-10-03 13:51:48 | Ruta completa: C:\laragon\www\analizer_files\data\20251003_135148_vida2_RENOVACI_N_P_LIZA_DE_VIDA_INDI_19102025_252737135_RAEDER_HILKE_ERNESTO.pdf
2025-10-03 13:51:49 | ? PDF DESCARGADO EXITOSAMENTE: 20251003_135148_vida2_RENOVACI_N_P_LIZA_DE_VIDA_INDI_19102025_252737135_RAEDER_HILKE_ERNESTO.pdf
2025-10-03 13:51:49 | Adjunto: 19102025 POLIZA 252737135 RAEDER HILKE ERNESTO.pdf
2025-10-03 13:51:49 | ? Verificación PDF: 19102025 POLIZA 252737135 RAEDER HILKE ERNESTO.pdf -> EXTENSIÓN VÁLIDA
2025-10-03 13:51:49 | ? PDF ENCONTRADO: 19102025 POLIZA 252737135 RAEDER HILKE ERNESTO.pdf
2025-10-03 13:51:49 | Guardando como: 20251003_135149_vida2_RENOVACI_N_P_LIZA_DE_VIDA_INDI_19102025_POLIZA_252737135_RAEDER_HILKE_ERNESTO.pdf
2025-10-03 13:51:49 | Ruta completa: C:\laragon\www\analizer_files\data\20251003_135149_vida2_RENOVACI_N_P_LIZA_DE_VIDA_INDI_19102025_POLIZA_252737135_RAEDER_HILKE_ERNESTO.pdf
2025-10-03 13:51:49 | ? PDF DESCARGADO EXITOSAMENTE: 20251003_135149_vida2_RENOVACI_N_P_LIZA_DE_VIDA_INDI_19102025_POLIZA_252737135_RAEDER_HILKE_ERNESTO.pdf
2025-10-03 13:51:49 | Adjunto: image003.png
2025-10-03 13:51:49 | ? Verificación PDF: image003.png -> NO es PDF
2025-10-03 13:51:49 | RESUMEN: 2 PDFs encontrados, 2 descargados
2025-10-03 15:04:52 | ?? NUEVO CORREO DETECTADO - Iniciando procesamiento...
2025-10-03 15:04:52 | === PROCESANDO CORREO ENTRANTE ===
2025-10-03 15:04:52 | Asunto: 06-041-07000174-01  -  SERVICIOS INMOBILIARIOS AUGE HOGAR, S.A. DE C.V.  -  SEGURO DE OBRA CIVIL  - ENVIO DE FACTURA
2025-10-03 15:04:52 | Remitente: Acevedo Couttolenc / Facundo Hernández
2025-10-03 15:04:52 | ?? Detectada cuenta EXCHANGE, extrayendo email real...
2025-10-03 15:04:52 | ? Email REAL obtenido de Exchange: danos2@ACEVEDOCOUTTOLENC.COM
2025-10-03 15:04:52 | Email remitente: danos2@acevedocouttolenc.com
2025-10-03 15:04:52 | Dominio detectado: acevedocouttolenc.com
2025-10-03 15:04:52 | ?? Comparando dominio: acevedocouttolenc.com vs acevedocouttolenc.com
2025-10-03 15:04:52 | ? DOMINIO COINCIDE
2025-10-03 15:04:52 | ? CORREO ACEPTADO - Dominio coincide
2025-10-03 15:04:52 | Buscando adjuntos. Total: 6
2025-10-03 15:04:52 | Adjunto: 1190325.xml
2025-10-03 15:04:52 | ? Verificación PDF: 1190325.xml -> NO es PDF
2025-10-03 15:04:52 | Adjunto: 1190325.pdf
2025-10-03 15:04:52 | ? Verificación PDF: 1190325.pdf -> EXTENSIÓN VÁLIDA
2025-10-03 15:04:52 | ? PDF ENCONTRADO: 1190325.pdf
2025-10-03 15:04:52 | Guardando como: 20251003_150452_danos2_06-041-07000174-01__-__SERVICI_1190325.pdf
2025-10-03 15:04:52 | Ruta completa: C:\laragon\www\analizer_files\data\20251003_150452_danos2_06-041-07000174-01__-__SERVICI_1190325.pdf
2025-10-03 15:04:52 | ? PDF DESCARGADO EXITOSAMENTE: 20251003_150452_danos2_06-041-07000174-01__-__SERVICI_1190325.pdf
2025-10-03 15:04:52 | Adjunto: PAGO POLIZA GMX.pdf
2025-10-03 15:04:52 | ? Verificación PDF: PAGO POLIZA GMX.pdf -> EXTENSIÓN VÁLIDA
2025-10-03 15:04:52 | ? PDF ENCONTRADO: PAGO POLIZA GMX.pdf
2025-10-03 15:04:52 | Guardando como: 20251003_150452_danos2_06-041-07000174-01__-__SERVICI_PAGO_POLIZA_GMX.pdf
2025-10-03 15:04:52 | Ruta completa: C:\laragon\www\analizer_files\data\20251003_150452_danos2_06-041-07000174-01__-__SERVICI_PAGO_POLIZA_GMX.pdf
2025-10-03 15:04:52 | ? PDF DESCARGADO EXITOSAMENTE: 20251003_150452_danos2_06-041-07000174-01__-__SERVICI_PAGO_POLIZA_GMX.pdf
2025-10-03 15:04:52 | Adjunto: image001.png
2025-10-03 15:04:52 | ? Verificación PDF: image001.png -> NO es PDF
2025-10-03 15:04:52 | Adjunto: image002.png
2025-10-03 15:04:52 | ? Verificación PDF: image002.png -> NO es PDF
2025-10-03 15:04:52 | Adjunto: image004.jpg
2025-10-03 15:04:52 | ? Verificación PDF: image004.jpg -> NO es PDF
2025-10-03 15:04:52 | RESUMEN: 2 PDFs encontrados, 2 descargados
2025-10-03 15:05:46 | ?? NUEVO CORREO DETECTADO - Iniciando procesamiento...
2025-10-03 15:05:46 | === PROCESANDO CORREO ENTRANTE ===
2025-10-03 15:05:46 | Asunto: 06-041-07000174-01  -  SERVICIOS INMOBILIARIOS AUGE HOGAR, S.A. DE C.V.  -  SEGURO DE OBRA CIVIL  - ENVIO DE FACTURA
2025-10-03 15:05:46 | Remitente: Acevedo Couttolenc / Facundo Hernández
2025-10-03 15:05:46 | ?? Detectada cuenta EXCHANGE, extrayendo email real...
2025-10-03 15:05:46 | ? Email REAL obtenido de Exchange: danos2@ACEVEDOCOUTTOLENC.COM
2025-10-03 15:05:46 | Email remitente: danos2@acevedocouttolenc.com
2025-10-03 15:05:46 | Dominio detectado: acevedocouttolenc.com
2025-10-03 15:05:46 | ?? Comparando dominio: acevedocouttolenc.com vs acevedocouttolenc.com
2025-10-03 15:05:46 | ? DOMINIO COINCIDE
2025-10-03 15:05:46 | ? CORREO ACEPTADO - Dominio coincide
2025-10-03 15:05:46 | Buscando adjuntos. Total: 6
2025-10-03 15:05:46 | Adjunto: 1190325.xml
2025-10-03 15:05:46 | ? Verificación PDF: 1190325.xml -> NO es PDF
2025-10-03 15:05:46 | Adjunto: 1190325.pdf
2025-10-03 15:05:46 | ? Verificación PDF: 1190325.pdf -> EXTENSIÓN VÁLIDA
2025-10-03 15:05:46 | ? PDF ENCONTRADO: 1190325.pdf
2025-10-03 15:05:46 | Guardando como: 20251003_150546_danos2_06-041-07000174-01__-__SERVICI_1190325.pdf
2025-10-03 15:05:46 | Ruta completa: C:\laragon\www\analizer_files\data\20251003_150546_danos2_06-041-07000174-01__-__SERVICI_1190325.pdf
2025-10-03 15:05:46 | ? PDF DESCARGADO EXITOSAMENTE: 20251003_150546_danos2_06-041-07000174-01__-__SERVICI_1190325.pdf
2025-10-03 15:05:46 | Adjunto: PAGO POLIZA GMX.pdf
2025-10-03 15:05:46 | ? Verificación PDF: PAGO POLIZA GMX.pdf -> EXTENSIÓN VÁLIDA
2025-10-03 15:05:46 | ? PDF ENCONTRADO: PAGO POLIZA GMX.pdf
2025-10-03 15:05:46 | Guardando como: 20251003_150546_danos2_06-041-07000174-01__-__SERVICI_PAGO_POLIZA_GMX.pdf
2025-10-03 15:05:46 | Ruta completa: C:\laragon\www\analizer_files\data\20251003_150546_danos2_06-041-07000174-01__-__SERVICI_PAGO_POLIZA_GMX.pdf
2025-10-03 15:05:46 | ? PDF DESCARGADO EXITOSAMENTE: 20251003_150546_danos2_06-041-07000174-01__-__SERVICI_PAGO_POLIZA_GMX.pdf
2025-10-03 15:05:46 | Adjunto: image001.png
2025-10-03 15:05:46 | ? Verificación PDF: image001.png -> NO es PDF
2025-10-03 15:05:46 | Adjunto: image002.png
2025-10-03 15:05:46 | ? Verificación PDF: image002.png -> NO es PDF
2025-10-03 15:05:46 | Adjunto: image004.jpg
2025-10-03 15:05:46 | ? Verificación PDF: image004.jpg -> NO es PDF
2025-10-03 15:05:46 | RESUMEN: 2 PDFs encontrados, 2 descargados
2025-10-03 15:07:32 | ?? NUEVO CORREO DETECTADO - Iniciando procesamiento...
2025-10-03 15:07:32 | === PROCESANDO CORREO ENTRANTE ===
2025-10-03 15:07:32 | Asunto: RENOVACIÓN PÓLIZA DE VIDA INDIVIDUAL BECA PROFESIONAL 94914645 GOMEZ PRIEDE VICTOR MANUEL
2025-10-03 15:07:32 | Remitente: Acevedo Couttolenc / Frida Fernanda Villaseñor Tecuatl
2025-10-03 15:07:32 | ?? Detectada cuenta EXCHANGE, extrayendo email real...
2025-10-03 15:07:32 | ? Email REAL obtenido de Exchange: vida2@ACEVEDOCOUTTOLENC.COM
2025-10-03 15:07:32 | Email remitente: vida2@acevedocouttolenc.com
2025-10-03 15:07:32 | Dominio detectado: acevedocouttolenc.com
2025-10-03 15:07:32 | ?? Comparando dominio: acevedocouttolenc.com vs acevedocouttolenc.com
2025-10-03 15:07:32 | ? DOMINIO COINCIDE
2025-10-03 15:07:32 | ? CORREO ACEPTADO - Dominio coincide
2025-10-03 15:07:32 | Buscando adjuntos. Total: 2
2025-10-03 15:07:32 | Adjunto: 19102025 94914645 GOMEZ PRIEDE VICTOR MANUEL.pdf
2025-10-03 15:07:32 | ? Verificación PDF: 19102025 94914645 GOMEZ PRIEDE VICTOR MANUEL.pdf -> EXTENSIÓN VÁLIDA
2025-10-03 15:07:32 | ? PDF ENCONTRADO: 19102025 94914645 GOMEZ PRIEDE VICTOR MANUEL.pdf
2025-10-03 15:07:32 | Guardando como: 20251003_150732_vida2_RENOVACI_N_P_LIZA_DE_VIDA_INDI_19102025_94914645_GOMEZ_PRIEDE_VICTOR_MANUEL.pdf
2025-10-03 15:07:32 | Ruta completa: C:\laragon\www\analizer_files\data\20251003_150732_vida2_RENOVACI_N_P_LIZA_DE_VIDA_INDI_19102025_94914645_GOMEZ_PRIEDE_VICTOR_MANUEL.pdf
2025-10-03 15:07:32 | ? PDF DESCARGADO EXITOSAMENTE: 20251003_150732_vida2_RENOVACI_N_P_LIZA_DE_VIDA_INDI_19102025_94914645_GOMEZ_PRIEDE_VICTOR_MANUEL.pdf
2025-10-03 15:07:32 | Adjunto: image003.png
2025-10-03 15:07:32 | ? Verificación PDF: image003.png -> NO es PDF
2025-10-03 15:07:32 | RESUMEN: 1 PDFs encontrados, 1 descargados
2025-10-03 15:09:33 | ?? NUEVO CORREO DETECTADO - Iniciando procesamiento...
2025-10-03 15:09:33 | === PROCESANDO CORREO ENTRANTE ===
2025-10-03 15:09:33 | Asunto: RE: RENOVACIÓN PÓLIZA DE VIDA INDIVIDUAL BECA PROFESIONAL 94914645 GOMEZ PRIEDE VICTOR MANUEL
2025-10-03 15:09:33 | Remitente: Acevedo Couttolenc / Frida Fernanda Villaseñor Tecuatl
2025-10-03 15:09:33 | ?? Detectada cuenta EXCHANGE, extrayendo email real...
2025-10-03 15:09:33 | ? Email REAL obtenido de Exchange: vida2@ACEVEDOCOUTTOLENC.COM
2025-10-03 15:09:34 | Email remitente: vida2@acevedocouttolenc.com
2025-10-03 15:09:34 | Dominio detectado: acevedocouttolenc.com
2025-10-03 15:09:34 | ?? Comparando dominio: acevedocouttolenc.com vs acevedocouttolenc.com
2025-10-03 15:09:34 | ? DOMINIO COINCIDE
2025-10-03 15:09:34 | ? CORREO ACEPTADO - Dominio coincide
2025-10-03 15:09:34 | Buscando adjuntos. Total: 2
2025-10-03 15:09:34 | Adjunto: image002.png
2025-10-03 15:09:34 | ? Verificación PDF: image002.png -> NO es PDF
2025-10-03 15:09:34 | Adjunto: image003.png
2025-10-03 15:09:34 | ? Verificación PDF: image003.png -> NO es PDF
2025-10-03 15:09:34 | RESUMEN: 0 PDFs encontrados, 0 descargados
2025-10-03 15:11:39 | ?? NUEVO CORREO DETECTADO - Iniciando procesamiento...
2025-10-03 15:11:39 | === PROCESANDO CORREO ENTRANTE ===
2025-10-03 15:11:39 | Asunto: RV: 3202400005322 -  NEBULA SOCIAL CLUB, S.A. DE C.V.  -  SEGURO EMPRESARIAL
2025-10-03 15:11:39 | Remitente: Acevedo Couttolenc / María de los Ángeles Dolores Chávez
2025-10-03 15:11:39 | ?? Detectada cuenta EXCHANGE, extrayendo email real...
2025-10-03 15:11:39 | ? Email REAL obtenido de Exchange: sistemas5@ACEVEDOCOUTTOLENC.COM
2025-10-03 15:11:39 | Email remitente: sistemas5@acevedocouttolenc.com
2025-10-03 15:11:39 | Dominio detectado: acevedocouttolenc.com
2025-10-03 15:11:39 | ?? Comparando dominio: acevedocouttolenc.com vs acevedocouttolenc.com
2025-10-03 15:11:39 | ? DOMINIO COINCIDE
2025-10-03 15:11:39 | ? CORREO ACEPTADO - Dominio coincide
2025-10-03 15:11:39 | Buscando adjuntos. Total: 5
2025-10-03 15:11:39 | Adjunto: CARATULA Y CONDICIONES POLIZA 3202400005322 2 NEBULA SOCIAL CLUB.pdf
2025-10-03 15:11:39 | ? Verificación PDF: CARATULA Y CONDICIONES POLIZA 3202400005322 2 NEBULA SOCIAL CLUB.pdf -> EXTENSIÓN VÁLIDA
2025-10-03 15:11:39 | ? PDF ENCONTRADO: CARATULA Y CONDICIONES POLIZA 3202400005322 2 NEBULA SOCIAL CLUB.pdf
2025-10-03 15:11:39 | Guardando como: 20251003_151139_sistemas5_RV__3202400005322_-__NEBULA_SO_CARATULA_Y_CONDICIONES_POLIZA_3202400005322_2_NEBULA_SOCIAL_CLUB.pdf
2025-10-03 15:11:39 | Ruta completa: C:\laragon\www\analizer_files\data\20251003_151139_sistemas5_RV__3202400005322_-__NEBULA_SO_CARATULA_Y_CONDICIONES_POLIZA_3202400005322_2_NEBULA_SOCIAL_CLUB.pdf
2025-10-03 15:11:39 | ? PDF DESCARGADO EXITOSAMENTE: 20251003_151139_sistemas5_RV__3202400005322_-__NEBULA_SO_CARATULA_Y_CONDICIONES_POLIZA_3202400005322_2_NEBULA_SOCIAL_CLUB.pdf
2025-10-03 15:11:39 | Adjunto: RECIBO DE PAGO POLIZA 3202400005322 3 NEBULA SOCIAL CLUB.pdf
2025-10-03 15:11:39 | ? Verificación PDF: RECIBO DE PAGO POLIZA 3202400005322 3 NEBULA SOCIAL CLUB.pdf -> EXTENSIÓN VÁLIDA
2025-10-03 15:11:39 | ? PDF ENCONTRADO: RECIBO DE PAGO POLIZA 3202400005322 3 NEBULA SOCIAL CLUB.pdf
2025-10-03 15:11:39 | Guardando como: 20251003_151139_sistemas5_RV__3202400005322_-__NEBULA_SO_RECIBO_DE_PAGO_POLIZA_3202400005322_3_NEBULA_SOCIAL_CLUB.pdf
2025-10-03 15:11:39 | Ruta completa: C:\laragon\www\analizer_files\data\20251003_151139_sistemas5_RV__3202400005322_-__NEBULA_SO_RECIBO_DE_PAGO_POLIZA_3202400005322_3_NEBULA_SOCIAL_CLUB.pdf
2025-10-03 15:11:39 | ? PDF DESCARGADO EXITOSAMENTE: 20251003_151139_sistemas5_RV__3202400005322_-__NEBULA_SO_RECIBO_DE_PAGO_POLIZA_3202400005322_3_NEBULA_SOCIAL_CLUB.pdf
2025-10-03 15:11:39 | Adjunto: image007.png
2025-10-03 15:11:39 | ? Verificación PDF: image007.png -> NO es PDF
2025-10-03 15:11:39 | Adjunto: image008.png
2025-10-03 15:11:39 | ? Verificación PDF: image008.png -> NO es PDF
2025-10-03 15:11:39 | Adjunto: image002.png
2025-10-03 15:11:39 | ? Verificación PDF: image002.png -> NO es PDF
2025-10-03 15:11:39 | RESUMEN: 2 PDFs encontrados, 2 descargados
2025-10-03 15:22:17 | ?? NUEVO CORREO DETECTADO - Iniciando procesamiento...
2025-10-03 15:22:17 | === PROCESANDO CORREO ENTRANTE ===
2025-10-03 15:22:17 | Asunto: 0940429680	MAUCHA, S.A. DE C.V.	AUDI SQ5 5P V6 3.0L TFSI TIPTRONIC. MOD. 2023
2025-10-03 15:22:17 | Remitente: Acevedo Couttolenc / Abraham Pelcastre
2025-10-03 15:22:17 | ?? Detectada cuenta EXCHANGE, extrayendo email real...
2025-10-03 15:22:17 | ? Email REAL obtenido de Exchange: autos2@ACEVEDOCOUTTOLENC.COM
2025-10-03 15:22:17 | Email remitente: autos2@acevedocouttolenc.com
2025-10-03 15:22:17 | Dominio detectado: acevedocouttolenc.com
2025-10-03 15:22:17 | ?? Comparando dominio: acevedocouttolenc.com vs acevedocouttolenc.com
2025-10-03 15:22:17 | ? DOMINIO COINCIDE
2025-10-03 15:22:17 | ? CORREO ACEPTADO - Dominio coincide
2025-10-03 15:22:17 | Buscando adjuntos. Total: 8
2025-10-03 15:22:17 | Adjunto: ENDOSO 0940429680 AUDI SQ5 5P V6 3.0L TFSI.pdf
2025-10-03 15:22:17 | ? Verificación PDF: ENDOSO 0940429680 AUDI SQ5 5P V6 3.0L TFSI.pdf -> EXTENSIÓN VÁLIDA
2025-10-03 15:22:17 | ? PDF ENCONTRADO: ENDOSO 0940429680 AUDI SQ5 5P V6 3.0L TFSI.pdf
2025-10-03 15:22:17 | Guardando como: 20251003_152217_autos2_0940429680_MAUCHA__S.A._DE_C.V_ENDOSO_0940429680_AUDI_SQ5_5P_V6_3.0L_TFSI.pdf
2025-10-03 15:22:17 | Ruta completa: C:\laragon\www\analizer_files\data\20251003_152217_autos2_0940429680_MAUCHA__S.A._DE_C.V_ENDOSO_0940429680_AUDI_SQ5_5P_V6_3.0L_TFSI.pdf
2025-10-03 15:22:17 | ? PDF DESCARGADO EXITOSAMENTE: 20251003_152217_autos2_0940429680_MAUCHA__S.A._DE_C.V_ENDOSO_0940429680_AUDI_SQ5_5P_V6_3.0L_TFSI.pdf
2025-10-03 15:22:17 | Adjunto: POLIZA 0940429680 AUDI SQ5 5P V6 3.0L TFSI.pdf
2025-10-03 15:22:17 | ? Verificación PDF: POLIZA 0940429680 AUDI SQ5 5P V6 3.0L TFSI.pdf -> EXTENSIÓN VÁLIDA
2025-10-03 15:22:17 | ? PDF ENCONTRADO: POLIZA 0940429680 AUDI SQ5 5P V6 3.0L TFSI.pdf
2025-10-03 15:22:17 | Guardando como: 20251003_152217_autos2_0940429680_MAUCHA__S.A._DE_C.V_POLIZA_0940429680_AUDI_SQ5_5P_V6_3.0L_TFSI.pdf
2025-10-03 15:22:17 | Ruta completa: C:\laragon\www\analizer_files\data\20251003_152217_autos2_0940429680_MAUCHA__S.A._DE_C.V_POLIZA_0940429680_AUDI_SQ5_5P_V6_3.0L_TFSI.pdf
2025-10-03 15:22:17 | ? PDF DESCARGADO EXITOSAMENTE: 20251003_152217_autos2_0940429680_MAUCHA__S.A._DE_C.V_POLIZA_0940429680_AUDI_SQ5_5P_V6_3.0L_TFSI.pdf
2025-10-03 15:22:17 | Adjunto: RECIBO 0940429680 AUDI SQ5 5P V6 3.0L TFSI.pdf
2025-10-03 15:22:17 | ? Verificación PDF: RECIBO 0940429680 AUDI SQ5 5P V6 3.0L TFSI.pdf -> EXTENSIÓN VÁLIDA
2025-10-03 15:22:17 | ? PDF ENCONTRADO: RECIBO 0940429680 AUDI SQ5 5P V6 3.0L TFSI.pdf
2025-10-03 15:22:17 | Guardando como: 20251003_152217_autos2_0940429680_MAUCHA__S.A._DE_C.V_RECIBO_0940429680_AUDI_SQ5_5P_V6_3.0L_TFSI.pdf
2025-10-03 15:22:17 | Ruta completa: C:\laragon\www\analizer_files\data\20251003_152217_autos2_0940429680_MAUCHA__S.A._DE_C.V_RECIBO_0940429680_AUDI_SQ5_5P_V6_3.0L_TFSI.pdf
2025-10-03 15:22:17 | ? PDF DESCARGADO EXITOSAMENTE: 20251003_152217_autos2_0940429680_MAUCHA__S.A._DE_C.V_RECIBO_0940429680_AUDI_SQ5_5P_V6_3.0L_TFSI.pdf
2025-10-03 15:22:17 | Adjunto: CONDICIONES GENERALES QUALITAS AUTOS.pdf
2025-10-03 15:22:17 | ? Verificación PDF: CONDICIONES GENERALES QUALITAS AUTOS.pdf -> EXTENSIÓN VÁLIDA
2025-10-03 15:22:17 | ? PDF ENCONTRADO: CONDICIONES GENERALES QUALITAS AUTOS.pdf
2025-10-03 15:22:17 | Guardando como: 20251003_152217_autos2_0940429680_MAUCHA__S.A._DE_C.V_CONDICIONES_GENERALES_QUALITAS_AUTOS.pdf
2025-10-03 15:22:17 | Ruta completa: C:\laragon\www\analizer_files\data\20251003_152217_autos2_0940429680_MAUCHA__S.A._DE_C.V_CONDICIONES_GENERALES_QUALITAS_AUTOS.pdf
2025-10-03 15:22:18 | ? PDF DESCARGADO EXITOSAMENTE: 20251003_152217_autos2_0940429680_MAUCHA__S.A._DE_C.V_CONDICIONES_GENERALES_QUALITAS_AUTOS.pdf
2025-10-03 15:22:18 | Adjunto: image005.png
2025-10-03 15:22:18 | ? Verificación PDF: image005.png -> NO es PDF
2025-10-03 15:22:18 | Adjunto: image006.png
2025-10-03 15:22:18 | ? Verificación PDF: image006.png -> NO es PDF
2025-10-03 15:22:18 | Adjunto: REPORTAR SINIESTRO QUALITAS.jpg
2025-10-03 15:22:18 | ? Verificación PDF: REPORTAR SINIESTRO QUALITAS.jpg -> NO es PDF
2025-10-03 15:22:18 | Adjunto: image001.png
2025-10-03 15:22:18 | ? Verificación PDF: image001.png -> NO es PDF
2025-10-03 15:22:18 | RESUMEN: 4 PDFs encontrados, 4 descargados
2025-10-03 15:30:20 | ?? NUEVO CORREO DETECTADO - Iniciando procesamiento...
2025-10-03 15:30:20 | === PROCESANDO CORREO ENTRANTE ===
2025-10-03 15:30:20 | Asunto: RV: SE CONFIRMA LA RENOVACION - POLIZA 3202400005322 -  NEBULA SOCIAL CLUB, S.A. DE C.V.
2025-10-03 15:30:20 | Remitente: Acevedo Couttolenc / María de los Ángeles Dolores Chávez
2025-10-03 15:30:20 | ?? Detectada cuenta EXCHANGE, extrayendo email real...
2025-10-03 15:30:20 | ? Email REAL obtenido de Exchange: sistemas5@ACEVEDOCOUTTOLENC.COM
2025-10-03 15:30:20 | Email remitente: sistemas5@acevedocouttolenc.com
2025-10-03 15:30:20 | Dominio detectado: acevedocouttolenc.com
2025-10-03 15:30:20 | ?? Comparando dominio: acevedocouttolenc.com vs acevedocouttolenc.com
2025-10-03 15:30:20 | ? DOMINIO COINCIDE
2025-10-03 15:30:20 | ? CORREO ACEPTADO - Dominio coincide
2025-10-03 15:30:20 | Buscando adjuntos. Total: 4
2025-10-03 15:30:20 | Adjunto: image007.png
2025-10-03 15:30:20 | ? Verificación PDF: image007.png -> NO es PDF
2025-10-03 15:30:20 | Adjunto: image008.png
2025-10-03 15:30:20 | ? Verificación PDF: image008.png -> NO es PDF
2025-10-03 15:30:20 | Adjunto: Póliza-3202400005322.pdf
2025-10-03 15:30:20 | ? Verificación PDF: Póliza-3202400005322.pdf -> EXTENSIÓN VÁLIDA
2025-10-03 15:30:20 | ? PDF ENCONTRADO: Póliza-3202400005322.pdf
2025-10-03 15:30:20 | Guardando como: 20251003_153020_sistemas5_RV__SE_CONFIRMA_LA_RENOVACION__P_liza-3202400005322.pdf
2025-10-03 15:30:20 | Ruta completa: C:\laragon\www\analizer_files\data\20251003_153020_sistemas5_RV__SE_CONFIRMA_LA_RENOVACION__P_liza-3202400005322.pdf
2025-10-03 15:30:20 | ? PDF DESCARGADO EXITOSAMENTE: 20251003_153020_sistemas5_RV__SE_CONFIRMA_LA_RENOVACION__P_liza-3202400005322.pdf
2025-10-03 15:30:20 | Adjunto: image002.png
2025-10-03 15:30:20 | ? Verificación PDF: image002.png -> NO es PDF
2025-10-03 15:30:20 | RESUMEN: 1 PDFs encontrados, 1 descargados
2025-10-03 15:33:35 | ?? NUEVO CORREO DETECTADO - Iniciando procesamiento...
2025-10-03 15:33:35 | === PROCESANDO CORREO ENTRANTE ===
2025-10-03 15:33:35 | Asunto: 100077784 - 1	ANA LUISA GIL ALVAREZ	MAZDA CX-5 I SPORT 2.0L MOD.2022
2025-10-03 15:33:35 | Remitente: Acevedo Couttolenc / Abraham Pelcastre
2025-10-03 15:33:35 | ?? Detectada cuenta EXCHANGE, extrayendo email real...
2025-10-03 15:33:35 | ? Email REAL obtenido de Exchange: autos2@ACEVEDOCOUTTOLENC.COM
2025-10-03 15:33:35 | Email remitente: autos2@acevedocouttolenc.com
2025-10-03 15:33:35 | Dominio detectado: acevedocouttolenc.com
2025-10-03 15:33:35 | ?? Comparando dominio: acevedocouttolenc.com vs acevedocouttolenc.com
2025-10-03 15:33:35 | ? DOMINIO COINCIDE
2025-10-03 15:33:35 | ? CORREO ACEPTADO - Dominio coincide
2025-10-03 15:33:35 | Buscando adjuntos. Total: 8
2025-10-03 15:33:35 | Adjunto: POLIZA 100077784 MAZDA CX-5 I SPORT 2.0L.pdf
2025-10-03 15:33:35 | ? Verificación PDF: POLIZA 100077784 MAZDA CX-5 I SPORT 2.0L.pdf -> EXTENSIÓN VÁLIDA
2025-10-03 15:33:35 | ? PDF ENCONTRADO: POLIZA 100077784 MAZDA CX-5 I SPORT 2.0L.pdf
2025-10-03 15:33:35 | Guardando como: 20251003_153335_autos2_100077784_-_1_ANA_LUISA_GIL_AL_POLIZA_100077784_MAZDA_CX-5_I_SPORT_2.0L.pdf
2025-10-03 15:33:35 | Ruta completa: C:\laragon\www\analizer_files\data\20251003_153335_autos2_100077784_-_1_ANA_LUISA_GIL_AL_POLIZA_100077784_MAZDA_CX-5_I_SPORT_2.0L.pdf
2025-10-03 15:33:35 | ? PDF DESCARGADO EXITOSAMENTE: 20251003_153335_autos2_100077784_-_1_ANA_LUISA_GIL_AL_POLIZA_100077784_MAZDA_CX-5_I_SPORT_2.0L.pdf
2025-10-03 15:33:35 | Adjunto: RECIBO 100077784 MAZDA CX-5 I SPORT 2.0L.pdf
2025-10-03 15:33:35 | ? Verificación PDF: RECIBO 100077784 MAZDA CX-5 I SPORT 2.0L.pdf -> EXTENSIÓN VÁLIDA
2025-10-03 15:33:35 | ? PDF ENCONTRADO: RECIBO 100077784 MAZDA CX-5 I SPORT 2.0L.pdf
2025-10-03 15:33:35 | Guardando como: 20251003_153335_autos2_100077784_-_1_ANA_LUISA_GIL_AL_RECIBO_100077784_MAZDA_CX-5_I_SPORT_2.0L.pdf
2025-10-03 15:33:35 | Ruta completa: C:\laragon\www\analizer_files\data\20251003_153335_autos2_100077784_-_1_ANA_LUISA_GIL_AL_RECIBO_100077784_MAZDA_CX-5_I_SPORT_2.0L.pdf
2025-10-03 15:33:35 | ? PDF DESCARGADO EXITOSAMENTE: 20251003_153335_autos2_100077784_-_1_ANA_LUISA_GIL_AL_RECIBO_100077784_MAZDA_CX-5_I_SPORT_2.0L.pdf
2025-10-03 15:33:35 | Adjunto: ANEXO Robo Parcial.pdf
2025-10-03 15:33:35 | ? Verificación PDF: ANEXO Robo Parcial.pdf -> EXTENSIÓN VÁLIDA
2025-10-03 15:33:35 | ? PDF ENCONTRADO: ANEXO Robo Parcial.pdf
2025-10-03 15:33:35 | Guardando como: 20251003_153335_autos2_100077784_-_1_ANA_LUISA_GIL_AL_ANEXO_Robo_Parcial.pdf
2025-10-03 15:33:35 | Ruta completa: C:\laragon\www\analizer_files\data\20251003_153335_autos2_100077784_-_1_ANA_LUISA_GIL_AL_ANEXO_Robo_Parcial.pdf
2025-10-03 15:33:36 | ? PDF DESCARGADO EXITOSAMENTE: 20251003_153335_autos2_100077784_-_1_ANA_LUISA_GIL_AL_ANEXO_Robo_Parcial.pdf
2025-10-03 15:33:36 | Adjunto: CONDICIONES GENERALES SURA AUTOS.zip
2025-10-03 15:33:36 | ? Verificación PDF: CONDICIONES GENERALES SURA AUTOS.zip -> NO es PDF
2025-10-03 15:33:36 | Adjunto: REPORTE SINIESTRO SURA.jpeg
2025-10-03 15:33:36 | ? Verificación PDF: REPORTE SINIESTRO SURA.jpeg -> NO es PDF
2025-10-03 15:33:36 | Adjunto: image003.png
2025-10-03 15:33:36 | ? Verificación PDF: image003.png -> NO es PDF
2025-10-03 15:33:36 | Adjunto: image004.png
2025-10-03 15:33:36 | ? Verificación PDF: image004.png -> NO es PDF
2025-10-03 15:33:36 | Adjunto: image005.png
2025-10-03 15:33:36 | ? Verificación PDF: image005.png -> NO es PDF
2025-10-03 15:33:36 | RESUMEN: 3 PDFs encontrados, 3 descargados
2025-10-03 15:35:59 | ?? NUEVO CORREO DETECTADO - Iniciando procesamiento...
2025-10-03 15:35:59 | === PROCESANDO CORREO ENTRANTE ===
2025-10-03 15:35:59 | Asunto: RV: 2-430-700004994/ FAMVEP S.A. DE C.V. / ENDOSO EMPRESARIAL
2025-10-03 15:35:59 | Remitente: Acevedo Couttolenc / María de los Ángeles Dolores Chávez
2025-10-03 15:35:59 | ?? Detectada cuenta EXCHANGE, extrayendo email real...
2025-10-03 15:35:59 | ? Email REAL obtenido de Exchange: sistemas5@ACEVEDOCOUTTOLENC.COM
2025-10-03 15:35:59 | Email remitente: sistemas5@acevedocouttolenc.com
2025-10-03 15:35:59 | Dominio detectado: acevedocouttolenc.com
2025-10-03 15:35:59 | ?? Comparando dominio: acevedocouttolenc.com vs acevedocouttolenc.com
2025-10-03 15:35:59 | ? DOMINIO COINCIDE
2025-10-03 15:35:59 | ? CORREO ACEPTADO - Dominio coincide
2025-10-03 15:35:59 | Buscando adjuntos. Total: 5
2025-10-03 15:35:59 | Adjunto: Recibo 2-430-700004994.pdf
2025-10-03 15:35:59 | ? Verificación PDF: Recibo 2-430-700004994.pdf -> EXTENSIÓN VÁLIDA
2025-10-03 15:35:59 | ? PDF ENCONTRADO: Recibo 2-430-700004994.pdf
2025-10-03 15:35:59 | Guardando como: 20251003_153559_sistemas5_RV__2-430-700004994__FAMVEP_S._Recibo_2-430-700004994.pdf
2025-10-03 15:35:59 | Ruta completa: C:\laragon\www\analizer_files\data\20251003_153559_sistemas5_RV__2-430-700004994__FAMVEP_S._Recibo_2-430-700004994.pdf
2025-10-03 15:35:59 | ? PDF DESCARGADO EXITOSAMENTE: 20251003_153559_sistemas5_RV__2-430-700004994__FAMVEP_S._Recibo_2-430-700004994.pdf
2025-10-03 15:35:59 | Adjunto: Endoso 2-430-700004994.pdf
2025-10-03 15:35:59 | ? Verificación PDF: Endoso 2-430-700004994.pdf -> EXTENSIÓN VÁLIDA
2025-10-03 15:35:59 | ? PDF ENCONTRADO: Endoso 2-430-700004994.pdf
2025-10-03 15:35:59 | Guardando como: 20251003_153559_sistemas5_RV__2-430-700004994__FAMVEP_S._Endoso_2-430-700004994.pdf
2025-10-03 15:35:59 | Ruta completa: C:\laragon\www\analizer_files\data\20251003_153559_sistemas5_RV__2-430-700004994__FAMVEP_S._Endoso_2-430-700004994.pdf
2025-10-03 15:35:59 | ? PDF DESCARGADO EXITOSAMENTE: 20251003_153559_sistemas5_RV__2-430-700004994__FAMVEP_S._Endoso_2-430-700004994.pdf
2025-10-03 15:35:59 | Adjunto: image001.png
2025-10-03 15:35:59 | ? Verificación PDF: image001.png -> NO es PDF
2025-10-03 15:35:59 | Adjunto: image002.png
2025-10-03 15:35:59 | ? Verificación PDF: image002.png -> NO es PDF
2025-10-03 15:35:59 | Adjunto: image004.png
2025-10-03 15:35:59 | ? Verificación PDF: image004.png -> NO es PDF
2025-10-03 15:35:59 | RESUMEN: 2 PDFs encontrados, 2 descargados
2025-10-03 15:51:25 | ?? NUEVO CORREO DETECTADO - Iniciando procesamiento...
2025-10-03 15:51:25 | === PROCESANDO CORREO ENTRANTE ===
2025-10-03 15:51:25 | Asunto: 600050832 - 6	DIEGO SAINZ ACEVEDO	TIGUAN R-LINE SUV DSG MOD: 2018
2025-10-03 15:51:25 | Remitente: Acevedo Couttolenc / Abraham Pelcastre
2025-10-03 15:51:25 | ?? Detectada cuenta EXCHANGE, extrayendo email real...
2025-10-03 15:51:25 | ? Email REAL obtenido de Exchange: autos2@ACEVEDOCOUTTOLENC.COM
2025-10-03 15:51:25 | Email remitente: autos2@acevedocouttolenc.com
2025-10-03 15:51:25 | Dominio detectado: acevedocouttolenc.com
2025-10-03 15:51:25 | ?? Comparando dominio: acevedocouttolenc.com vs acevedocouttolenc.com
2025-10-03 15:51:25 | ? DOMINIO COINCIDE
2025-10-03 15:51:25 | ? CORREO ACEPTADO - Dominio coincide
2025-10-03 15:51:25 | Buscando adjuntos. Total: 7
2025-10-03 15:51:25 | Adjunto: POLIZA 600050832 TIGUAN R-LINE SUV DSG 197HP.pdf
2025-10-03 15:51:25 | ? Verificación PDF: POLIZA 600050832 TIGUAN R-LINE SUV DSG 197HP.pdf -> EXTENSIÓN VÁLIDA
2025-10-03 15:51:25 | ? PDF ENCONTRADO: POLIZA 600050832 TIGUAN R-LINE SUV DSG 197HP.pdf
2025-10-03 15:51:25 | Guardando como: 20251003_155125_autos2_600050832_-_6_DIEGO_SAINZ_ACEV_POLIZA_600050832_TIGUAN_R-LINE_SUV_DSG_197HP.pdf
2025-10-03 15:51:25 | Ruta completa: C:\laragon\www\analizer_files\data\20251003_155125_autos2_600050832_-_6_DIEGO_SAINZ_ACEV_POLIZA_600050832_TIGUAN_R-LINE_SUV_DSG_197HP.pdf
2025-10-03 15:51:25 | ? PDF DESCARGADO EXITOSAMENTE: 20251003_155125_autos2_600050832_-_6_DIEGO_SAINZ_ACEV_POLIZA_600050832_TIGUAN_R-LINE_SUV_DSG_197HP.pdf
2025-10-03 15:51:25 | Adjunto: RECIBO 600050832 TIGUAN R-LINE SUV DSG 197HP.pdf
2025-10-03 15:51:25 | ? Verificación PDF: RECIBO 600050832 TIGUAN R-LINE SUV DSG 197HP.pdf -> EXTENSIÓN VÁLIDA
2025-10-03 15:51:25 | ? PDF ENCONTRADO: RECIBO 600050832 TIGUAN R-LINE SUV DSG 197HP.pdf
2025-10-03 15:51:25 | Guardando como: 20251003_155125_autos2_600050832_-_6_DIEGO_SAINZ_ACEV_RECIBO_600050832_TIGUAN_R-LINE_SUV_DSG_197HP.pdf
2025-10-03 15:51:25 | Ruta completa: C:\laragon\www\analizer_files\data\20251003_155125_autos2_600050832_-_6_DIEGO_SAINZ_ACEV_RECIBO_600050832_TIGUAN_R-LINE_SUV_DSG_197HP.pdf
2025-10-03 15:51:26 | ? PDF DESCARGADO EXITOSAMENTE: 20251003_155125_autos2_600050832_-_6_DIEGO_SAINZ_ACEV_RECIBO_600050832_TIGUAN_R-LINE_SUV_DSG_197HP.pdf
2025-10-03 15:51:26 | Adjunto: CONDICIONES GENERALES SURA AUTOS.zip
2025-10-03 15:51:26 | ? Verificación PDF: CONDICIONES GENERALES SURA AUTOS.zip -> NO es PDF
2025-10-03 15:51:26 | Adjunto: REPORTE SINIESTRO SURA.jpeg
2025-10-03 15:51:26 | ? Verificación PDF: REPORTE SINIESTRO SURA.jpeg -> NO es PDF
2025-10-03 15:51:26 | Adjunto: image001.png
2025-10-03 15:51:26 | ? Verificación PDF: image001.png -> NO es PDF
2025-10-03 15:51:26 | Adjunto: image002.png
2025-10-03 15:51:26 | ? Verificación PDF: image002.png -> NO es PDF
2025-10-03 15:51:26 | Adjunto: image003.png
2025-10-03 15:51:26 | ? Verificación PDF: image003.png -> NO es PDF
2025-10-03 15:51:26 | RESUMEN: 2 PDFs encontrados, 2 descargados
2025-10-03 15:51:37 | ?? NUEVO CORREO DETECTADO - Iniciando procesamiento...
2025-10-03 15:51:37 | === PROCESANDO CORREO ENTRANTE ===
2025-10-03 15:51:37 | Asunto: 006-066-07002509-02  - DANIEL CARDOSO CASADO   -  SEGURO DE R.C. PROFESIONAL MEDICOS
2025-10-03 15:51:37 | Remitente: Acevedo Couttolenc / Facundo Hernández
2025-10-03 15:51:37 | ?? Detectada cuenta EXCHANGE, extrayendo email real...
2025-10-03 15:51:37 | ? Email REAL obtenido de Exchange: danos2@ACEVEDOCOUTTOLENC.COM
2025-10-03 15:51:37 | Email remitente: danos2@acevedocouttolenc.com
2025-10-03 15:51:37 | Dominio detectado: acevedocouttolenc.com
2025-10-03 15:51:37 | ?? Comparando dominio: acevedocouttolenc.com vs acevedocouttolenc.com
2025-10-03 15:51:37 | ? DOMINIO COINCIDE
2025-10-03 15:51:37 | ? CORREO ACEPTADO - Dominio coincide
2025-10-03 15:51:37 | Buscando adjuntos. Total: 5
2025-10-03 15:51:37 | Adjunto: CARATULA DE POLIZA _006-066-07002509-00000-02   CARDOSO CASADO DANIEL.pdf
2025-10-03 15:51:37 | ? Verificación PDF: CARATULA DE POLIZA _006-066-07002509-00000-02   CARDOSO CASADO DANIEL.pdf -> EXTENSIÓN VÁLIDA
2025-10-03 15:51:37 | ? PDF ENCONTRADO: CARATULA DE POLIZA _006-066-07002509-00000-02   CARDOSO CASADO DANIEL.pdf
2025-10-03 15:51:37 | Guardando como: 20251003_155137_danos2_006-066-07002509-02__-_DANIEL__CARATULA_DE_POLIZA__006-066-07002509-00000-02___CARDOSO_CASADO_DANIEL.pdf
2025-10-03 15:51:37 | Ruta completa: C:\laragon\www\analizer_files\data\20251003_155137_danos2_006-066-07002509-02__-_DANIEL__CARATULA_DE_POLIZA__006-066-07002509-00000-02___CARDOSO_CASADO_DANIEL.pdf
2025-10-03 15:51:37 | ? PDF DESCARGADO EXITOSAMENTE: 20251003_155137_danos2_006-066-07002509-02__-_DANIEL__CARATULA_DE_POLIZA__006-066-07002509-00000-02___CARDOSO_CASADO_DANIEL.pdf
2025-10-03 15:51:37 | Adjunto: RECIBO DE PAGO POLIZA _006-066-07002509-00000-02   CARDOSO CASADO DANIEL.pdf
2025-10-03 15:51:37 | ? Verificación PDF: RECIBO DE PAGO POLIZA _006-066-07002509-00000-02   CARDOSO CASADO DANIEL.pdf -> EXTENSIÓN VÁLIDA
2025-10-03 15:51:37 | ? PDF ENCONTRADO: RECIBO DE PAGO POLIZA _006-066-07002509-00000-02   CARDOSO CASADO DANIEL.pdf
2025-10-03 15:51:37 | Guardando como: 20251003_155137_danos2_006-066-07002509-02__-_DANIEL__RECIBO_DE_PAGO_POLIZA__006-066-07002509-00000-02___CARDOSO_CASADO_DANIEL.pdf
2025-10-03 15:51:37 | Ruta completa: C:\laragon\www\analizer_files\data\20251003_155137_danos2_006-066-07002509-02__-_DANIEL__RECIBO_DE_PAGO_POLIZA__006-066-07002509-00000-02___CARDOSO_CASADO_DANIEL.pdf
2025-10-03 15:51:37 | ? PDF DESCARGADO EXITOSAMENTE: 20251003_155137_danos2_006-066-07002509-02__-_DANIEL__RECIBO_DE_PAGO_POLIZA__006-066-07002509-00000-02___CARDOSO_CASADO_DANIEL.pdf
2025-10-03 15:51:37 | Adjunto: CONDICIONES DE LA POLIZA _006-066-07002509-00000-02   CARDOSO CASADO DANIEL.pdf
2025-10-03 15:51:37 | ? Verificación PDF: CONDICIONES DE LA POLIZA _006-066-07002509-00000-02   CARDOSO CASADO DANIEL.pdf -> EXTENSIÓN VÁLIDA
2025-10-03 15:51:37 | ? PDF ENCONTRADO: CONDICIONES DE LA POLIZA _006-066-07002509-00000-02   CARDOSO CASADO DANIEL.pdf
2025-10-03 15:51:37 | Guardando como: 20251003_155137_danos2_006-066-07002509-02__-_DANIEL__CONDICIONES_DE_LA_POLIZA__006-066-07002509-00000-02___CARDOSO_CASADO_DANIEL.pdf
2025-10-03 15:51:37 | Ruta completa: C:\laragon\www\analizer_files\data\20251003_155137_danos2_006-066-07002509-02__-_DANIEL__CONDICIONES_DE_LA_POLIZA__006-066-07002509-00000-02___CARDOSO_CASADO_DANIEL.pdf
2025-10-03 15:51:38 | ? PDF DESCARGADO EXITOSAMENTE: 20251003_155137_danos2_006-066-07002509-02__-_DANIEL__CONDICIONES_DE_LA_POLIZA__006-066-07002509-00000-02___CARDOSO_CASADO_DANIEL.pdf
2025-10-03 15:51:38 | Adjunto: image001.png
2025-10-03 15:51:38 | ? Verificación PDF: image001.png -> NO es PDF
2025-10-03 15:51:38 | Adjunto: image003.png
2025-10-03 15:51:38 | ? Verificación PDF: image003.png -> NO es PDF
2025-10-03 15:51:38 | RESUMEN: 3 PDFs encontrados, 3 descargados
2025-10-03 15:52:56 | ?? NUEVO CORREO DETECTADO - Iniciando procesamiento...
2025-10-03 15:52:56 | === PROCESANDO CORREO ENTRANTE ===
2025-10-03 15:52:56 | Asunto: RENOVACIÓN PÓLIZA DE VIDA INDIVIDUAL 210993887/ 210994398 VAZQUEZ  HUERTA OBDULIA
2025-10-03 15:52:56 | Remitente: Acevedo Couttolenc / Frida Fernanda Villaseñor Tecuatl
2025-10-03 15:52:56 | ?? Detectada cuenta EXCHANGE, extrayendo email real...
2025-10-03 15:52:56 | ? Email REAL obtenido de Exchange: vida2@ACEVEDOCOUTTOLENC.COM
2025-10-03 15:52:56 | Email remitente: vida2@acevedocouttolenc.com
2025-10-03 15:52:56 | Dominio detectado: acevedocouttolenc.com
2025-10-03 15:52:56 | ?? Comparando dominio: acevedocouttolenc.com vs acevedocouttolenc.com
2025-10-03 15:52:56 | ? DOMINIO COINCIDE
2025-10-03 15:52:56 | ? CORREO ACEPTADO - Dominio coincide
2025-10-03 15:52:56 | Buscando adjuntos. Total: 3
2025-10-03 15:52:56 | Adjunto: 31102025 210993887 VAZQUEZ  HUERTA OBDULIA.pdf
2025-10-03 15:52:56 | ? Verificación PDF: 31102025 210993887 VAZQUEZ  HUERTA OBDULIA.pdf -> EXTENSIÓN VÁLIDA
2025-10-03 15:52:56 | ? PDF ENCONTRADO: 31102025 210993887 VAZQUEZ  HUERTA OBDULIA.pdf
2025-10-03 15:52:56 | Guardando como: 20251003_155256_vida2_RENOVACI_N_P_LIZA_DE_VIDA_INDI_31102025_210993887_VAZQUEZ__HUERTA_OBDULIA.pdf
2025-10-03 15:52:56 | Ruta completa: C:\laragon\www\analizer_files\data\20251003_155256_vida2_RENOVACI_N_P_LIZA_DE_VIDA_INDI_31102025_210993887_VAZQUEZ__HUERTA_OBDULIA.pdf
2025-10-03 15:52:56 | ? PDF DESCARGADO EXITOSAMENTE: 20251003_155256_vida2_RENOVACI_N_P_LIZA_DE_VIDA_INDI_31102025_210993887_VAZQUEZ__HUERTA_OBDULIA.pdf
2025-10-03 15:52:56 | Adjunto: 31102025 210994398 VAZQUEZ  HUERTA OBDULIA.pdf
2025-10-03 15:52:56 | ? Verificación PDF: 31102025 210994398 VAZQUEZ  HUERTA OBDULIA.pdf -> EXTENSIÓN VÁLIDA
2025-10-03 15:52:56 | ? PDF ENCONTRADO: 31102025 210994398 VAZQUEZ  HUERTA OBDULIA.pdf
2025-10-03 15:52:56 | Guardando como: 20251003_155256_vida2_RENOVACI_N_P_LIZA_DE_VIDA_INDI_31102025_210994398_VAZQUEZ__HUERTA_OBDULIA.pdf
2025-10-03 15:52:56 | Ruta completa: C:\laragon\www\analizer_files\data\20251003_155256_vida2_RENOVACI_N_P_LIZA_DE_VIDA_INDI_31102025_210994398_VAZQUEZ__HUERTA_OBDULIA.pdf
2025-10-03 15:52:56 | ? PDF DESCARGADO EXITOSAMENTE: 20251003_155256_vida2_RENOVACI_N_P_LIZA_DE_VIDA_INDI_31102025_210994398_VAZQUEZ__HUERTA_OBDULIA.pdf
2025-10-03 15:52:56 | Adjunto: image002.png
2025-10-03 15:52:56 | ? Verificación PDF: image002.png -> NO es PDF
2025-10-03 15:52:56 | RESUMEN: 2 PDFs encontrados, 2 descargados
2025-10-03 15:54:19 | ?? NUEVO CORREO DETECTADO - Iniciando procesamiento...
2025-10-03 15:54:19 | === PROCESANDO CORREO ENTRANTE ===
2025-10-03 15:54:19 | Asunto: 
2025-10-03 15:54:19 | Remitente: Acevedo Couttolenc / María de los Ángeles Dolores Chávez
2025-10-03 15:54:19 | ?? Detectada cuenta EXCHANGE, extrayendo email real...
2025-10-03 15:54:19 | ? Email REAL obtenido de Exchange: sistemas5@ACEVEDOCOUTTOLENC.COM
2025-10-03 15:54:19 | Email remitente: sistemas5@acevedocouttolenc.com
2025-10-03 15:54:19 | Dominio detectado: acevedocouttolenc.com
2025-10-03 15:54:19 | ?? Comparando dominio: acevedocouttolenc.com vs acevedocouttolenc.com
2025-10-03 15:54:19 | ? DOMINIO COINCIDE
2025-10-03 15:54:19 | ? CORREO ACEPTADO - Dominio coincide
2025-10-03 15:54:19 | Buscando adjuntos. Total: 2
2025-10-03 15:54:19 | Adjunto: Export_96520506605.Doc
2025-10-03 15:54:19 | ? Verificación PDF: Export_96520506605.Doc -> NO es PDF
2025-10-03 15:54:19 | Adjunto: image001.png
2025-10-03 15:54:19 | ? Verificación PDF: image001.png -> NO es PDF
2025-10-03 15:54:19 | RESUMEN: 0 PDFs encontrados, 0 descargados
2025-10-03 16:16:12 | ?? NUEVO CORREO DETECTADO - Iniciando procesamiento...
2025-10-03 16:16:12 | === PROCESANDO CORREO ENTRANTE ===
2025-10-03 16:16:12 | Asunto: 0630-07003266-04 / TRACTORES Y EQUIPOS DE PUEBLA  / RENOVACIÓN  TRANSPORTE DE MERCANCIA 
2025-10-03 16:16:12 | Remitente: Acevedo Couttolenc / Evelyn Alvarez
2025-10-03 16:16:12 | ?? Detectada cuenta EXCHANGE, extrayendo email real...
2025-10-03 16:16:12 | ? Email REAL obtenido de Exchange: danos1@ACEVEDOCOUTTOLENC.COM
2025-10-03 16:16:12 | Email remitente: danos1@acevedocouttolenc.com
2025-10-03 16:16:12 | Dominio detectado: acevedocouttolenc.com
2025-10-03 16:16:12 | ?? Comparando dominio: acevedocouttolenc.com vs acevedocouttolenc.com
2025-10-03 16:16:12 | ? DOMINIO COINCIDE
2025-10-03 16:16:12 | ? CORREO ACEPTADO - Dominio coincide
2025-10-03 16:16:12 | Buscando adjuntos. Total: 7
2025-10-03 16:16:12 | Adjunto: RECIBO 1 - LLANTERA GARAY.pdf
2025-10-03 16:16:12 | ? Verificación PDF: RECIBO 1 - LLANTERA GARAY.pdf -> EXTENSIÓN VÁLIDA
2025-10-03 16:16:12 | ? PDF ENCONTRADO: RECIBO 1 - LLANTERA GARAY.pdf
2025-10-03 16:16:12 | Guardando como: 20251003_161612_danos1_0630-07003266-04___TRACTORES_Y_RECIBO_1_-_LLANTERA_GARAY.pdf
2025-10-03 16:16:12 | Ruta completa: C:\laragon\www\analizer_files\data\20251003_161612_danos1_0630-07003266-04___TRACTORES_Y_RECIBO_1_-_LLANTERA_GARAY.pdf
2025-10-03 16:16:13 | ? PDF DESCARGADO EXITOSAMENTE: 20251003_161612_danos1_0630-07003266-04___TRACTORES_Y_RECIBO_1_-_LLANTERA_GARAY.pdf
2025-10-03 16:16:13 | Adjunto: RECIBO 1 -  TRACTORES Y EQ. DE PUE.pdf
2025-10-03 16:16:13 | ? Verificación PDF: RECIBO 1 -  TRACTORES Y EQ. DE PUE.pdf -> EXTENSIÓN VÁLIDA
2025-10-03 16:16:13 | ? PDF ENCONTRADO: RECIBO 1 -  TRACTORES Y EQ. DE PUE.pdf
2025-10-03 16:16:13 | Guardando como: 20251003_161613_danos1_0630-07003266-04___TRACTORES_Y_RECIBO_1_-__TRACTORES_Y_EQ._DE_PUE.pdf
2025-10-03 16:16:13 | Ruta completa: C:\laragon\www\analizer_files\data\20251003_161613_danos1_0630-07003266-04___TRACTORES_Y_RECIBO_1_-__TRACTORES_Y_EQ._DE_PUE.pdf
2025-10-03 16:16:13 | ? PDF DESCARGADO EXITOSAMENTE: 20251003_161613_danos1_0630-07003266-04___TRACTORES_Y_RECIBO_1_-__TRACTORES_Y_EQ._DE_PUE.pdf
2025-10-03 16:16:13 | Adjunto: image003.png
2025-10-03 16:16:13 | ? Verificación PDF: image003.png -> NO es PDF
2025-10-03 16:16:13 | Adjunto: ESPECIFICACIONES.pdf
2025-10-03 16:16:13 | ? Verificación PDF: ESPECIFICACIONES.pdf -> EXTENSIÓN VÁLIDA
2025-10-03 16:16:13 | ? PDF ENCONTRADO: ESPECIFICACIONES.pdf
2025-10-03 16:16:13 | Guardando como: 20251003_161613_danos1_0630-07003266-04___TRACTORES_Y_ESPECIFICACIONES.pdf
2025-10-03 16:16:13 | Ruta completa: C:\laragon\www\analizer_files\data\20251003_161613_danos1_0630-07003266-04___TRACTORES_Y_ESPECIFICACIONES.pdf
2025-10-03 16:16:13 | ? PDF DESCARGADO EXITOSAMENTE: 20251003_161613_danos1_0630-07003266-04___TRACTORES_Y_ESPECIFICACIONES.pdf
2025-10-03 16:16:13 | Adjunto: CARATULA.pdf
2025-10-03 16:16:13 | ? Verificación PDF: CARATULA.pdf -> EXTENSIÓN VÁLIDA
2025-10-03 16:16:13 | ? PDF ENCONTRADO: CARATULA.pdf
2025-10-03 16:16:13 | Guardando como: 20251003_161613_danos1_0630-07003266-04___TRACTORES_Y_CARATULA.pdf
2025-10-03 16:16:13 | Ruta completa: C:\laragon\www\analizer_files\data\20251003_161613_danos1_0630-07003266-04___TRACTORES_Y_CARATULA.pdf
2025-10-03 16:16:13 | ? PDF DESCARGADO EXITOSAMENTE: 20251003_161613_danos1_0630-07003266-04___TRACTORES_Y_CARATULA.pdf
2025-10-03 16:16:13 | Adjunto: TRACTORES Y EQUIPOS DE PUEBLA.zip
2025-10-03 16:16:13 | ? Verificación PDF: TRACTORES Y EQUIPOS DE PUEBLA.zip -> NO es PDF
2025-10-03 16:16:13 | Adjunto: image002.png
2025-10-03 16:16:13 | ? Verificación PDF: image002.png -> NO es PDF
2025-10-03 16:16:13 | RESUMEN: 4 PDFs encontrados, 4 descargados
2025-10-03 16:25:38 | ?? NUEVO CORREO DETECTADO - Iniciando procesamiento...
2025-10-03 16:25:38 | === PROCESANDO CORREO ENTRANTE ===
2025-10-03 16:25:38 | Asunto: RENOVACIÓN PÓLIZA DE VIDA INDIVIDUAL 71833982 MORALES ALVARADO ROBERTO
2025-10-03 16:25:38 | Remitente: Acevedo Couttolenc / Frida Fernanda Villaseñor Tecuatl
2025-10-03 16:25:38 | ?? Detectada cuenta EXCHANGE, extrayendo email real...
2025-10-03 16:25:38 | ? Email REAL obtenido de Exchange: vida2@ACEVEDOCOUTTOLENC.COM
2025-10-03 16:25:38 | Email remitente: vida2@acevedocouttolenc.com
2025-10-03 16:25:38 | Dominio detectado: acevedocouttolenc.com
2025-10-03 16:25:38 | ?? Comparando dominio: acevedocouttolenc.com vs acevedocouttolenc.com
2025-10-03 16:25:38 | ? DOMINIO COINCIDE
2025-10-03 16:25:38 | ? CORREO ACEPTADO - Dominio coincide
2025-10-03 16:25:38 | Buscando adjuntos. Total: 2
2025-10-03 16:25:38 | Adjunto: 30102025 71833982 MORALES ALVARADO ROBERTO.pdf
2025-10-03 16:25:38 | ? Verificación PDF: 30102025 71833982 MORALES ALVARADO ROBERTO.pdf -> EXTENSIÓN VÁLIDA
2025-10-03 16:25:38 | ? PDF ENCONTRADO: 30102025 71833982 MORALES ALVARADO ROBERTO.pdf
2025-10-03 16:25:38 | Guardando como: 20251003_162538_vida2_RENOVACI_N_P_LIZA_DE_VIDA_INDI_30102025_71833982_MORALES_ALVARADO_ROBERTO.pdf
2025-10-03 16:25:38 | Ruta completa: C:\laragon\www\analizer_files\data\20251003_162538_vida2_RENOVACI_N_P_LIZA_DE_VIDA_INDI_30102025_71833982_MORALES_ALVARADO_ROBERTO.pdf
2025-10-03 16:25:38 | ? PDF DESCARGADO EXITOSAMENTE: 20251003_162538_vida2_RENOVACI_N_P_LIZA_DE_VIDA_INDI_30102025_71833982_MORALES_ALVARADO_ROBERTO.pdf
2025-10-03 16:25:38 | Adjunto: image003.png
2025-10-03 16:25:38 | ? Verificación PDF: image003.png -> NO es PDF
2025-10-03 16:25:38 | RESUMEN: 1 PDFs encontrados, 1 descargados
2025-10-03 16:31:02 | ?? NUEVO CORREO DETECTADO - Iniciando procesamiento...
2025-10-03 16:31:02 | === PROCESANDO CORREO ENTRANTE ===
2025-10-03 16:31:02 | Asunto: nueva mesnajeria
2025-10-03 16:31:02 | Remitente: Acevedo Couttolenc / Ricardo Gaspariano Galán
2025-10-03 16:31:02 | ?? Detectada cuenta EXCHANGE, extrayendo email real...
2025-10-03 16:31:02 | ? Email REAL obtenido de Exchange: programador@ACEVEDOCOUTTOLENC.COM
2025-10-03 16:31:02 | Email remitente: programador@acevedocouttolenc.com
2025-10-03 16:31:02 | Dominio detectado: acevedocouttolenc.com
2025-10-03 16:31:02 | ?? Comparando dominio: acevedocouttolenc.com vs acevedocouttolenc.com
2025-10-03 16:31:02 | ? DOMINIO COINCIDE
2025-10-03 16:31:02 | ? CORREO ACEPTADO - Dominio coincide
2025-10-03 16:31:02 | Buscando adjuntos. Total: 0
2025-10-03 16:31:02 | RESUMEN: 0 PDFs encontrados, 0 descargados
2025-10-03 16:31:32 | ?? NUEVO CORREO DETECTADO - Iniciando procesamiento...
2025-10-03 16:31:32 | === PROCESANDO CORREO ENTRANTE ===
2025-10-03 16:31:32 | Asunto: nueva mesnajeria
2025-10-03 16:31:32 | Remitente: Acevedo Couttolenc / Ricardo Gaspariano Galán
2025-10-03 16:31:32 | ?? Detectada cuenta EXCHANGE, extrayendo email real...
2025-10-03 16:31:32 | ? Email REAL obtenido de Exchange: programador@ACEVEDOCOUTTOLENC.COM
2025-10-03 16:31:32 | Email remitente: programador@acevedocouttolenc.com
2025-10-03 16:31:32 | Dominio detectado: acevedocouttolenc.com
2025-10-03 16:31:32 | ?? Comparando dominio: acevedocouttolenc.com vs acevedocouttolenc.com
2025-10-03 16:31:32 | ? DOMINIO COINCIDE
2025-10-03 16:31:32 | ? CORREO ACEPTADO - Dominio coincide
2025-10-03 16:31:32 | Buscando adjuntos. Total: 0
2025-10-03 16:31:32 | RESUMEN: 0 PDFs encontrados, 0 descargados
2025-10-03 16:32:10 | ?? NUEVO CORREO DETECTADO - Iniciando procesamiento...
2025-10-03 16:32:10 | === PROCESANDO CORREO ENTRANTE ===
2025-10-03 16:32:10 | Asunto: PRODUCCION AUTOS Y VIDA 03/10/2025 (1)
2025-10-03 16:32:10 | Remitente: Acevedo Couttolenc / Fabiola Garnica Esquivel
2025-10-03 16:32:10 | ?? Detectada cuenta EXCHANGE, extrayendo email real...
2025-10-03 16:32:10 | ? Email REAL obtenido de Exchange: sistemas3@ACEVEDOCOUTTOLENC.COM
2025-10-03 16:32:10 | Email remitente: sistemas3@acevedocouttolenc.com
2025-10-03 16:32:10 | Dominio detectado: acevedocouttolenc.com
2025-10-03 16:32:10 | ?? Comparando dominio: acevedocouttolenc.com vs acevedocouttolenc.com
2025-10-03 16:32:10 | ? DOMINIO COINCIDE
2025-10-03 16:32:10 | ? CORREO ACEPTADO - Dominio coincide
2025-10-03 16:32:10 | Buscando adjuntos. Total: 1
2025-10-03 16:32:10 | Adjunto: image001.png
2025-10-03 16:32:10 | ? Verificación PDF: image001.png -> NO es PDF
2025-10-03 16:32:10 | RESUMEN: 0 PDFs encontrados, 0 descargados
2025-10-03 16:46:07 | ?? NUEVO CORREO DETECTADO - Iniciando procesamiento...
2025-10-03 16:46:07 | === PROCESANDO CORREO ENTRANTE ===
2025-10-03 16:46:07 | Asunto: RENOVACIÓN PÓLIZA DE VIDA INDIVIDUAL 71833982 MORALES ALVARADO ROBERTO
2025-10-03 16:46:07 | Remitente: Acevedo Couttolenc / Frida Fernanda Villaseñor Tecuatl
2025-10-03 16:46:07 | ?? Detectada cuenta EXCHANGE, extrayendo email real...
2025-10-03 16:46:07 | ? Email REAL obtenido de Exchange: vida2@ACEVEDOCOUTTOLENC.COM
2025-10-03 16:46:07 | Email remitente: vida2@acevedocouttolenc.com
2025-10-03 16:46:07 | Dominio detectado: acevedocouttolenc.com
2025-10-03 16:46:07 | ?? Comparando dominio: acevedocouttolenc.com vs acevedocouttolenc.com
2025-10-03 16:46:07 | ? DOMINIO COINCIDE
2025-10-03 16:46:07 | ? CORREO ACEPTADO - Dominio coincide
2025-10-03 16:46:07 | Buscando adjuntos. Total: 2
2025-10-03 16:46:07 | Adjunto: 30102025 71833982 MORALES ALVARADO ROBERTO.pdf
2025-10-03 16:46:07 | ? Verificación PDF: 30102025 71833982 MORALES ALVARADO ROBERTO.pdf -> EXTENSIÓN VÁLIDA
2025-10-03 16:46:07 | ? PDF ENCONTRADO: 30102025 71833982 MORALES ALVARADO ROBERTO.pdf
2025-10-03 16:46:07 | Guardando como: 20251003_164607_vida2_RENOVACI_N_P_LIZA_DE_VIDA_INDI_30102025_71833982_MORALES_ALVARADO_ROBERTO.pdf
2025-10-03 16:46:07 | Ruta completa: C:\laragon\www\analizer_files\data\20251003_164607_vida2_RENOVACI_N_P_LIZA_DE_VIDA_INDI_30102025_71833982_MORALES_ALVARADO_ROBERTO.pdf
2025-10-03 16:46:08 | ? PDF DESCARGADO EXITOSAMENTE: 20251003_164607_vida2_RENOVACI_N_P_LIZA_DE_VIDA_INDI_30102025_71833982_MORALES_ALVARADO_ROBERTO.pdf
2025-10-03 16:46:08 | Adjunto: image001.png
2025-10-03 16:46:08 | ? Verificación PDF: image001.png -> NO es PDF
2025-10-03 16:46:08 | RESUMEN: 1 PDFs encontrados, 1 descargados
2025-10-03 16:50:22 | ?? NUEVO CORREO DETECTADO - Iniciando procesamiento...
2025-10-03 16:50:22 | === PROCESANDO CORREO ENTRANTE ===
2025-10-03 16:50:22 | Asunto: 0940429664	GRUPO GARPENA, S.A. DE C.V.	FORD F-350 KTP XLT CH 2P V8 MOD. 2017
2025-10-03 16:50:22 | Remitente: Acevedo Couttolenc / Abraham Pelcastre
2025-10-03 16:50:22 | ?? Detectada cuenta EXCHANGE, extrayendo email real...
2025-10-03 16:50:22 | ? Email REAL obtenido de Exchange: autos2@ACEVEDOCOUTTOLENC.COM
2025-10-03 16:50:22 | Email remitente: autos2@acevedocouttolenc.com
2025-10-03 16:50:22 | Dominio detectado: acevedocouttolenc.com
2025-10-03 16:50:22 | ?? Comparando dominio: acevedocouttolenc.com vs acevedocouttolenc.com
2025-10-03 16:50:22 | ? DOMINIO COINCIDE
2025-10-03 16:50:22 | ? CORREO ACEPTADO - Dominio coincide
2025-10-03 16:50:22 | Buscando adjuntos. Total: 6
2025-10-03 16:50:22 | Adjunto: image001.png
2025-10-03 16:50:22 | ? Verificación PDF: image001.png -> NO es PDF
2025-10-03 16:50:22 | Adjunto: image002.png
2025-10-03 16:50:22 | ? Verificación PDF: image002.png -> NO es PDF
2025-10-03 16:50:22 | Adjunto: RECIBO FORD F-350 KTP XLT CH 2P V8  2017.pdf
2025-10-03 16:50:22 | ? Verificación PDF: RECIBO FORD F-350 KTP XLT CH 2P V8  2017.pdf -> EXTENSIÓN VÁLIDA
2025-10-03 16:50:22 | ? PDF ENCONTRADO: RECIBO FORD F-350 KTP XLT CH 2P V8  2017.pdf
2025-10-03 16:50:22 | Guardando como: 20251003_165022_autos2_0940429664_GRUPO_GARPENA__S.A._RECIBO_FORD_F-350_KTP_XLT_CH_2P_V8__2017.pdf
2025-10-03 16:50:22 | Ruta completa: C:\laragon\www\analizer_files\data\20251003_165022_autos2_0940429664_GRUPO_GARPENA__S.A._RECIBO_FORD_F-350_KTP_XLT_CH_2P_V8__2017.pdf
2025-10-03 16:50:22 | ? PDF DESCARGADO EXITOSAMENTE: 20251003_165022_autos2_0940429664_GRUPO_GARPENA__S.A._RECIBO_FORD_F-350_KTP_XLT_CH_2P_V8__2017.pdf
2025-10-03 16:50:22 | Adjunto: POLIZA FORD F-350 KTP XLT CH 2P V8  2017.pdf
2025-10-03 16:50:22 | ? Verificación PDF: POLIZA FORD F-350 KTP XLT CH 2P V8  2017.pdf -> EXTENSIÓN VÁLIDA
2025-10-03 16:50:22 | ? PDF ENCONTRADO: POLIZA FORD F-350 KTP XLT CH 2P V8  2017.pdf
2025-10-03 16:50:22 | Guardando como: 20251003_165022_autos2_0940429664_GRUPO_GARPENA__S.A._POLIZA_FORD_F-350_KTP_XLT_CH_2P_V8__2017.pdf
2025-10-03 16:50:22 | Ruta completa: C:\laragon\www\analizer_files\data\20251003_165022_autos2_0940429664_GRUPO_GARPENA__S.A._POLIZA_FORD_F-350_KTP_XLT_CH_2P_V8__2017.pdf
2025-10-03 16:50:22 | ? PDF DESCARGADO EXITOSAMENTE: 20251003_165022_autos2_0940429664_GRUPO_GARPENA__S.A._POLIZA_FORD_F-350_KTP_XLT_CH_2P_V8__2017.pdf
2025-10-03 16:50:22 | Adjunto: ENDOSO FORD F-350 KTP XLT CH 2P V8  2017 (2).pdf
2025-10-03 16:50:22 | ? Verificación PDF: ENDOSO FORD F-350 KTP XLT CH 2P V8  2017 (2).pdf -> EXTENSIÓN VÁLIDA
2025-10-03 16:50:22 | ? PDF ENCONTRADO: ENDOSO FORD F-350 KTP XLT CH 2P V8  2017 (2).pdf
2025-10-03 16:50:22 | Guardando como: 20251003_165022_autos2_0940429664_GRUPO_GARPENA__S.A._ENDOSO_FORD_F-350_KTP_XLT_CH_2P_V8__2017__2.pdf
2025-10-03 16:50:22 | Ruta completa: C:\laragon\www\analizer_files\data\20251003_165022_autos2_0940429664_GRUPO_GARPENA__S.A._ENDOSO_FORD_F-350_KTP_XLT_CH_2P_V8__2017__2.pdf
2025-10-03 16:50:22 | ? PDF DESCARGADO EXITOSAMENTE: 20251003_165022_autos2_0940429664_GRUPO_GARPENA__S.A._ENDOSO_FORD_F-350_KTP_XLT_CH_2P_V8__2017__2.pdf
2025-10-03 16:50:22 | Adjunto: image005.png
2025-10-03 16:50:22 | ? Verificación PDF: image005.png -> NO es PDF
2025-10-03 16:50:22 | RESUMEN: 3 PDFs encontrados, 3 descargados
2025-10-03 17:11:55 | ?? NUEVO CORREO DETECTADO - Iniciando procesamiento...
2025-10-03 17:11:55 | === PROCESANDO CORREO ENTRANTE ===
2025-10-03 17:11:55 | Asunto: 112062412 / ROBLEDO BRAVO LAURA  / EMISIÓN HOGAR
2025-10-03 17:11:55 | Remitente: Acevedo Couttolenc / Evelyn Alvarez
2025-10-03 17:11:55 | ?? Detectada cuenta EXCHANGE, extrayendo email real...
2025-10-03 17:11:55 | ? Email REAL obtenido de Exchange: danos1@ACEVEDOCOUTTOLENC.COM
2025-10-03 17:11:55 | Email remitente: danos1@acevedocouttolenc.com
2025-10-03 17:11:55 | Dominio detectado: acevedocouttolenc.com
2025-10-03 17:11:55 | ?? Comparando dominio: acevedocouttolenc.com vs acevedocouttolenc.com
2025-10-03 17:11:55 | ? DOMINIO COINCIDE
2025-10-03 17:11:55 | ? CORREO ACEPTADO - Dominio coincide
2025-10-03 17:11:55 | Buscando adjuntos. Total: 5
2025-10-03 17:11:55 | Adjunto: RECIBO.pdf
2025-10-03 17:11:55 | ? Verificación PDF: RECIBO.pdf -> EXTENSIÓN VÁLIDA
2025-10-03 17:11:55 | ? PDF ENCONTRADO: RECIBO.pdf
2025-10-03 17:11:55 | Guardando como: 20251003_171155_danos1_112062412___ROBLEDO_BRAVO_LAUR_RECIBO.pdf
2025-10-03 17:11:55 | Ruta completa: C:\laragon\www\analizer_files\data\20251003_171155_danos1_112062412___ROBLEDO_BRAVO_LAUR_RECIBO.pdf
2025-10-03 17:11:55 | ? PDF DESCARGADO EXITOSAMENTE: 20251003_171155_danos1_112062412___ROBLEDO_BRAVO_LAUR_RECIBO.pdf
2025-10-03 17:11:55 | Adjunto: PÓLIZA.pdf
2025-10-03 17:11:55 | ? Verificación PDF: PÓLIZA.pdf -> EXTENSIÓN VÁLIDA
2025-10-03 17:11:55 | ? PDF ENCONTRADO: PÓLIZA.pdf
2025-10-03 17:11:55 | Guardando como: 20251003_171155_danos1_112062412___ROBLEDO_BRAVO_LAUR_P_LIZA.pdf
2025-10-03 17:11:55 | Ruta completa: C:\laragon\www\analizer_files\data\20251003_171155_danos1_112062412___ROBLEDO_BRAVO_LAUR_P_LIZA.pdf
2025-10-03 17:11:55 | ? PDF DESCARGADO EXITOSAMENTE: 20251003_171155_danos1_112062412___ROBLEDO_BRAVO_LAUR_P_LIZA.pdf
2025-10-03 17:11:55 | Adjunto: image003.png
2025-10-03 17:11:55 | ? Verificación PDF: image003.png -> NO es PDF
2025-10-03 17:11:55 | Adjunto: ROBLEDO BRAVO LAURA.zip
2025-10-03 17:11:55 | ? Verificación PDF: ROBLEDO BRAVO LAURA.zip -> NO es PDF
2025-10-03 17:11:55 | Adjunto: image004.png
2025-10-03 17:11:55 | ? Verificación PDF: image004.png -> NO es PDF
2025-10-03 17:11:55 | RESUMEN: 2 PDFs encontrados, 2 descargados
2025-10-06 09:05:50 | ?? NUEVO CORREO DETECTADO - Iniciando procesamiento...
2025-10-06 09:05:50 | === PROCESANDO CORREO ENTRANTE ===
2025-10-06 09:05:50 | Asunto: ¡Participe ahora en la edición 2026 “Encuesta sobre Tendencias de Inversión en TI” de 4Network!
2025-10-06 09:05:50 | Remitente: pesquisa3@it4cio.com via SurveyMonkey
2025-10-06 09:05:50 | ? Email obtenido por SenderEmailAddress: member@surveymonkeyuser.com
2025-10-06 09:05:50 | Email remitente: member@surveymonkeyuser.com
2025-10-06 09:05:50 | Dominio detectado: surveymonkeyuser.com
2025-10-06 09:05:50 | ?? Comparando dominio: surveymonkeyuser.com vs acevedocouttolenc.com
2025-10-06 09:05:50 | ? DOMINIO NO COINCIDE
2025-10-06 09:05:50 | ? CORREO RECHAZADO - Dominio NO coincide. Esperado: acevedocouttolenc.com
2025-10-06 09:12:58 | ?? NUEVO CORREO DETECTADO - Iniciando procesamiento...
2025-10-06 09:12:58 | === PROCESANDO CORREO ENTRANTE ===
2025-10-06 09:12:58 | Asunto: RENOVACION POLIZA 693665630 ( ANTERIOR 136191327 ) AHUED BLANCO JORGE ALFREDO 
2025-10-06 09:12:58 | Remitente: Acevedo Couttolenc / Adriana Benitez Garcia
2025-10-06 09:12:58 | ?? Detectada cuenta EXCHANGE, extrayendo email real...
2025-10-06 09:12:58 | ? Email REAL obtenido de Exchange: gmm2@ACEVEDOCOUTTOLENC.COM
2025-10-06 09:12:58 | Email remitente: gmm2@acevedocouttolenc.com
2025-10-06 09:12:58 | Dominio detectado: acevedocouttolenc.com
2025-10-06 09:12:58 | ?? Comparando dominio: acevedocouttolenc.com vs acevedocouttolenc.com
2025-10-06 09:12:58 | ? DOMINIO COINCIDE
2025-10-06 09:12:58 | ? CORREO ACEPTADO - Dominio coincide
2025-10-06 09:12:58 | Buscando adjuntos. Total: 11
2025-10-06 09:12:58 | Adjunto: image003.png
2025-10-06 09:12:58 | ? Verificación PDF: image003.png -> NO es PDF
2025-10-06 09:12:58 | Adjunto: image006.png
2025-10-06 09:12:58 | ? Verificación PDF: image006.png -> NO es PDF
2025-10-06 09:12:58 | Adjunto: image007.png
2025-10-06 09:12:58 | ? Verificación PDF: image007.png -> NO es PDF
2025-10-06 09:12:58 | Adjunto: image008.jpg
2025-10-06 09:12:58 | ? Verificación PDF: image008.jpg -> NO es PDF
2025-10-06 09:12:58 | Adjunto: 693665630 AHUED BLANCO JORGE ALFREDO.pdf
2025-10-06 09:12:58 | ? Verificación PDF: 693665630 AHUED BLANCO JORGE ALFREDO.pdf -> EXTENSIÓN VÁLIDA
2025-10-06 09:12:58 | ? PDF ENCONTRADO: 693665630 AHUED BLANCO JORGE ALFREDO.pdf
2025-10-06 09:12:58 | Guardando como: 20251006_091258_gmm2_RENOVACION_POLIZA_693665630____693665630_AHUED_BLANCO_JORGE_ALFREDO.pdf
2025-10-06 09:12:58 | Ruta completa: C:\laragon\www\analizer_files\data\20251006_091258_gmm2_RENOVACION_POLIZA_693665630____693665630_AHUED_BLANCO_JORGE_ALFREDO.pdf
2025-10-06 09:12:59 | ? PDF DESCARGADO EXITOSAMENTE: 20251006_091258_gmm2_RENOVACION_POLIZA_693665630____693665630_AHUED_BLANCO_JORGE_ALFREDO.pdf
2025-10-06 09:12:59 | Adjunto: 693665630 AHUED BLANCO JORGE ALFREDO - RECIBO.pdf
2025-10-06 09:12:59 | ? Verificación PDF: 693665630 AHUED BLANCO JORGE ALFREDO - RECIBO.pdf -> EXTENSIÓN VÁLIDA
2025-10-06 09:12:59 | ? PDF ENCONTRADO: 693665630 AHUED BLANCO JORGE ALFREDO - RECIBO.pdf
2025-10-06 09:12:59 | Guardando como: 20251006_091259_gmm2_RENOVACION_POLIZA_693665630____693665630_AHUED_BLANCO_JORGE_ALFREDO_-_RECIBO.pdf
2025-10-06 09:12:59 | Ruta completa: C:\laragon\www\analizer_files\data\20251006_091259_gmm2_RENOVACION_POLIZA_693665630____693665630_AHUED_BLANCO_JORGE_ALFREDO_-_RECIBO.pdf
2025-10-06 09:12:59 | ? PDF DESCARGADO EXITOSAMENTE: 20251006_091259_gmm2_RENOVACION_POLIZA_693665630____693665630_AHUED_BLANCO_JORGE_ALFREDO_-_RECIBO.pdf
2025-10-06 09:12:59 | Adjunto: 693665630 AHUED BLANCO JORGE ALFREDO - FACTURA.xml
2025-10-06 09:12:59 | ? Verificación PDF: 693665630 AHUED BLANCO JORGE ALFREDO - FACTURA.xml -> NO es PDF
2025-10-06 09:12:59 | Adjunto: 693665630 AHUED BLANCO JORGE ALFREDO - FACTURA.pdf
2025-10-06 09:12:59 | ? Verificación PDF: 693665630 AHUED BLANCO JORGE ALFREDO - FACTURA.pdf -> EXTENSIÓN VÁLIDA
2025-10-06 09:12:59 | ? PDF ENCONTRADO: 693665630 AHUED BLANCO JORGE ALFREDO - FACTURA.pdf
2025-10-06 09:12:59 | Guardando como: 20251006_091259_gmm2_RENOVACION_POLIZA_693665630____693665630_AHUED_BLANCO_JORGE_ALFREDO_-_FACTURA.pdf
2025-10-06 09:12:59 | Ruta completa: C:\laragon\www\analizer_files\data\20251006_091259_gmm2_RENOVACION_POLIZA_693665630____693665630_AHUED_BLANCO_JORGE_ALFREDO_-_FACTURA.pdf
2025-10-06 09:12:59 | ? PDF DESCARGADO EXITOSAMENTE: 20251006_091259_gmm2_RENOVACION_POLIZA_693665630____693665630_AHUED_BLANCO_JORGE_ALFREDO_-_FACTURA.pdf
2025-10-06 09:12:59 | Adjunto: PREMIER.zip
2025-10-06 09:12:59 | ? Verificación PDF: PREMIER.zip -> NO es PDF
2025-10-06 09:12:59 | Adjunto: image009.png
2025-10-06 09:12:59 | ? Verificación PDF: image009.png -> NO es PDF
2025-10-06 09:12:59 | Adjunto: image010.png
2025-10-06 09:12:59 | ? Verificación PDF: image010.png -> NO es PDF
2025-10-06 09:12:59 | RESUMEN: 3 PDFs encontrados, 3 descargados
2025-10-06 09:35:07 | ?? NUEVO CORREO DETECTADO - Iniciando procesamiento...
2025-10-06 09:35:07 | === PROCESANDO CORREO ENTRANTE ===
2025-10-06 09:35:07 | Asunto: RENOVACIÓN PÓLIZA DE VIDA INDIVIDUAL META-8370977 GONZALEZ DEL ROSARIO RAUL
2025-10-06 09:35:07 | Remitente: Acevedo Couttolenc / Frida Fernanda Villaseñor Tecuatl
2025-10-06 09:35:07 | ?? Detectada cuenta EXCHANGE, extrayendo email real...
2025-10-06 09:35:07 | ? Email REAL obtenido de Exchange: vida2@ACEVEDOCOUTTOLENC.COM
2025-10-06 09:35:07 | Email remitente: vida2@acevedocouttolenc.com
2025-10-06 09:35:07 | Dominio detectado: acevedocouttolenc.com
2025-10-06 09:35:07 | ?? Comparando dominio: acevedocouttolenc.com vs acevedocouttolenc.com
2025-10-06 09:35:07 | ? DOMINIO COINCIDE
2025-10-06 09:35:07 | ? CORREO ACEPTADO - Dominio coincide
2025-10-06 09:35:07 | Buscando adjuntos. Total: 2
2025-10-06 09:35:07 | Adjunto: 08102025 8370977 GONZALEZ DEL ROSARIO RAUL.pdf
2025-10-06 09:35:07 | ? Verificación PDF: 08102025 8370977 GONZALEZ DEL ROSARIO RAUL.pdf -> EXTENSIÓN VÁLIDA
2025-10-06 09:35:07 | ? PDF ENCONTRADO: 08102025 8370977 GONZALEZ DEL ROSARIO RAUL.pdf
2025-10-06 09:35:07 | Guardando como: 20251006_093507_vida2_RENOVACI_N_P_LIZA_DE_VIDA_INDI_08102025_8370977_GONZALEZ_DEL_ROSARIO_RAUL.pdf
2025-10-06 09:35:07 | Ruta completa: C:\laragon\www\analizer_files\data\20251006_093507_vida2_RENOVACI_N_P_LIZA_DE_VIDA_INDI_08102025_8370977_GONZALEZ_DEL_ROSARIO_RAUL.pdf
2025-10-06 09:35:07 | ? PDF DESCARGADO EXITOSAMENTE: 20251006_093507_vida2_RENOVACI_N_P_LIZA_DE_VIDA_INDI_08102025_8370977_GONZALEZ_DEL_ROSARIO_RAUL.pdf
2025-10-06 09:35:07 | Adjunto: image002.png
2025-10-06 09:35:07 | ? Verificación PDF: image002.png -> NO es PDF
2025-10-06 09:35:07 | RESUMEN: 1 PDFs encontrados, 1 descargados
2025-10-06 09:40:53 | ?? NUEVO CORREO DETECTADO - Iniciando procesamiento...
2025-10-06 09:40:53 | === PROCESANDO CORREO ENTRANTE ===
2025-10-06 09:40:53 | Asunto: nueva mesnajeria
2025-10-06 09:40:53 | Remitente: Acevedo Couttolenc / Ricardo Gaspariano Galán
2025-10-06 09:40:53 | ?? Detectada cuenta EXCHANGE, extrayendo email real...
2025-10-06 09:40:53 | ? Email REAL obtenido de Exchange: programador@ACEVEDOCOUTTOLENC.COM
2025-10-06 09:40:53 | Email remitente: programador@acevedocouttolenc.com
2025-10-06 09:40:53 | Dominio detectado: acevedocouttolenc.com
2025-10-06 09:40:53 | ?? Comparando dominio: acevedocouttolenc.com vs acevedocouttolenc.com
2025-10-06 09:40:53 | ? DOMINIO COINCIDE
2025-10-06 09:40:53 | ? CORREO ACEPTADO - Dominio coincide
2025-10-06 09:40:53 | Buscando adjuntos. Total: 0
2025-10-06 09:40:53 | RESUMEN: 0 PDFs encontrados, 0 descargados
2025-10-06 09:40:53 | ?? NUEVO CORREO DETECTADO - Iniciando procesamiento...
2025-10-06 09:40:53 | === PROCESANDO CORREO ENTRANTE ===
2025-10-06 09:40:53 | Asunto: RENOVACION POLIZA 631707726 FERNANDEZ CRUZ CHRISTIAN / FERNANDEZ GARCIA MANUEL 
2025-10-06 09:40:53 | Remitente: Acevedo Couttolenc / Adriana Benitez Garcia
2025-10-06 09:40:53 | ?? Detectada cuenta EXCHANGE, extrayendo email real...
2025-10-06 09:40:53 | ? Email REAL obtenido de Exchange: gmm2@ACEVEDOCOUTTOLENC.COM
2025-10-06 09:40:53 | Email remitente: gmm2@acevedocouttolenc.com
2025-10-06 09:40:53 | Dominio detectado: acevedocouttolenc.com
2025-10-06 09:40:53 | ?? Comparando dominio: acevedocouttolenc.com vs acevedocouttolenc.com
2025-10-06 09:40:53 | ? DOMINIO COINCIDE
2025-10-06 09:40:53 | ? CORREO ACEPTADO - Dominio coincide
2025-10-06 09:40:53 | Buscando adjuntos. Total: 11
2025-10-06 09:40:53 | Adjunto: image003.png
2025-10-06 09:40:53 | ? Verificación PDF: image003.png -> NO es PDF
2025-10-06 09:40:53 | Adjunto: image006.png
2025-10-06 09:40:53 | ? Verificación PDF: image006.png -> NO es PDF
2025-10-06 09:40:53 | Adjunto: image007.png
2025-10-06 09:40:53 | ? Verificación PDF: image007.png -> NO es PDF
2025-10-06 09:40:53 | Adjunto: image008.jpg
2025-10-06 09:40:53 | ? Verificación PDF: image008.jpg -> NO es PDF
2025-10-06 09:40:53 | Adjunto: 631707726 FERNANDEZ CRUZ CHRISTIAN.pdf
2025-10-06 09:40:53 | ? Verificación PDF: 631707726 FERNANDEZ CRUZ CHRISTIAN.pdf -> EXTENSIÓN VÁLIDA
2025-10-06 09:40:53 | ? PDF ENCONTRADO: 631707726 FERNANDEZ CRUZ CHRISTIAN.pdf
2025-10-06 09:40:53 | Guardando como: 20251006_094053_gmm2_RENOVACION_POLIZA_631707726_FE_631707726_FERNANDEZ_CRUZ_CHRISTIAN.pdf
2025-10-06 09:40:53 | Ruta completa: C:\laragon\www\analizer_files\data\20251006_094053_gmm2_RENOVACION_POLIZA_631707726_FE_631707726_FERNANDEZ_CRUZ_CHRISTIAN.pdf
2025-10-06 09:40:53 | ? PDF DESCARGADO EXITOSAMENTE: 20251006_094053_gmm2_RENOVACION_POLIZA_631707726_FE_631707726_FERNANDEZ_CRUZ_CHRISTIAN.pdf
2025-10-06 09:40:53 | Adjunto: 631707726 FERNANDEZ CRUZ CHRISTIAN - RECIBO.pdf
2025-10-06 09:40:53 | ? Verificación PDF: 631707726 FERNANDEZ CRUZ CHRISTIAN - RECIBO.pdf -> EXTENSIÓN VÁLIDA
2025-10-06 09:40:53 | ? PDF ENCONTRADO: 631707726 FERNANDEZ CRUZ CHRISTIAN - RECIBO.pdf
2025-10-06 09:40:53 | Guardando como: 20251006_094053_gmm2_RENOVACION_POLIZA_631707726_FE_631707726_FERNANDEZ_CRUZ_CHRISTIAN_-_RECIBO.pdf
2025-10-06 09:40:53 | Ruta completa: C:\laragon\www\analizer_files\data\20251006_094053_gmm2_RENOVACION_POLIZA_631707726_FE_631707726_FERNANDEZ_CRUZ_CHRISTIAN_-_RECIBO.pdf
2025-10-06 09:40:53 | ? PDF DESCARGADO EXITOSAMENTE: 20251006_094053_gmm2_RENOVACION_POLIZA_631707726_FE_631707726_FERNANDEZ_CRUZ_CHRISTIAN_-_RECIBO.pdf
2025-10-06 09:40:53 | Adjunto: 631707726 FERNANDEZ CRUZ CHRISTIAN - FACTURA.xml
2025-10-06 09:40:53 | ? Verificación PDF: 631707726 FERNANDEZ CRUZ CHRISTIAN - FACTURA.xml -> NO es PDF
2025-10-06 09:40:53 | Adjunto: 631707726 FERNANDEZ CRUZ CHRISTIAN - FACTURA.pdf
2025-10-06 09:40:53 | ? Verificación PDF: 631707726 FERNANDEZ CRUZ CHRISTIAN - FACTURA.pdf -> EXTENSIÓN VÁLIDA
2025-10-06 09:40:53 | ? PDF ENCONTRADO: 631707726 FERNANDEZ CRUZ CHRISTIAN - FACTURA.pdf
2025-10-06 09:40:53 | Guardando como: 20251006_094053_gmm2_RENOVACION_POLIZA_631707726_FE_631707726_FERNANDEZ_CRUZ_CHRISTIAN_-_FACTURA.pdf
2025-10-06 09:40:53 | Ruta completa: C:\laragon\www\analizer_files\data\20251006_094053_gmm2_RENOVACION_POLIZA_631707726_FE_631707726_FERNANDEZ_CRUZ_CHRISTIAN_-_FACTURA.pdf
2025-10-06 09:40:53 | ? PDF DESCARGADO EXITOSAMENTE: 20251006_094053_gmm2_RENOVACION_POLIZA_631707726_FE_631707726_FERNANDEZ_CRUZ_CHRISTIAN_-_FACTURA.pdf
2025-10-06 09:40:53 | Adjunto: PREMIUM-PLATINO-FLEXIBLES.zip
2025-10-06 09:40:53 | ? Verificación PDF: PREMIUM-PLATINO-FLEXIBLES.zip -> NO es PDF
2025-10-06 09:40:53 | Adjunto: image002.png
2025-10-06 09:40:53 | ? Verificación PDF: image002.png -> NO es PDF
2025-10-06 09:40:53 | Adjunto: image005.png
2025-10-06 09:40:53 | ? Verificación PDF: image005.png -> NO es PDF
2025-10-06 09:40:53 | RESUMEN: 3 PDFs encontrados, 3 descargados
2025-10-06 09:54:15 | ?? NUEVO CORREO DETECTADO - Iniciando procesamiento...
2025-10-06 09:54:15 | === PROCESANDO CORREO ENTRANTE ===
2025-10-06 09:54:15 | Asunto: RENOVACIÓN PÓLIZA DE VIDA INDIVIDUAL 171199250 MENENDEZ VAZQUEZ ANGEL
2025-10-06 09:54:15 | Remitente: Acevedo Couttolenc / Frida Fernanda Villaseñor Tecuatl
2025-10-06 09:54:15 | ?? Detectada cuenta EXCHANGE, extrayendo email real...
2025-10-06 09:54:15 | ? Email REAL obtenido de Exchange: vida2@ACEVEDOCOUTTOLENC.COM
2025-10-06 09:54:15 | Email remitente: vida2@acevedocouttolenc.com
2025-10-06 09:54:15 | Dominio detectado: acevedocouttolenc.com
2025-10-06 09:54:15 | ?? Comparando dominio: acevedocouttolenc.com vs acevedocouttolenc.com
2025-10-06 09:54:15 | ? DOMINIO COINCIDE
2025-10-06 09:54:15 | ? CORREO ACEPTADO - Dominio coincide
2025-10-06 09:54:15 | Buscando adjuntos. Total: 2
2025-10-06 09:54:15 | Adjunto: 29102025 171199250 MENENDEZ VAZQUEZ ANGEL.pdf
2025-10-06 09:54:15 | ? Verificación PDF: 29102025 171199250 MENENDEZ VAZQUEZ ANGEL.pdf -> EXTENSIÓN VÁLIDA
2025-10-06 09:54:15 | ? PDF ENCONTRADO: 29102025 171199250 MENENDEZ VAZQUEZ ANGEL.pdf
2025-10-06 09:54:15 | Guardando como: 20251006_095415_vida2_RENOVACI_N_P_LIZA_DE_VIDA_INDI_29102025_171199250_MENENDEZ_VAZQUEZ_ANGEL.pdf
2025-10-06 09:54:15 | Ruta completa: C:\laragon\www\analizer_files\data\20251006_095415_vida2_RENOVACI_N_P_LIZA_DE_VIDA_INDI_29102025_171199250_MENENDEZ_VAZQUEZ_ANGEL.pdf
2025-10-06 09:54:15 | ? PDF DESCARGADO EXITOSAMENTE: 20251006_095415_vida2_RENOVACI_N_P_LIZA_DE_VIDA_INDI_29102025_171199250_MENENDEZ_VAZQUEZ_ANGEL.pdf
2025-10-06 09:54:15 | Adjunto: image001.png
2025-10-06 09:54:15 | ? Verificación PDF: image001.png -> NO es PDF
2025-10-06 09:54:15 | RESUMEN: 1 PDFs encontrados, 1 descargados
2025-10-06 10:05:55 | ?? NUEVO CORREO DETECTADO - Iniciando procesamiento...
2025-10-06 10:05:55 | === PROCESANDO CORREO ENTRANTE ===
2025-10-06 10:05:55 | Asunto: RENOVACIÓN PÓLIZA DE VIDA INDIVIDUAL 19711 GARCIA TERUEL VIVANCO SANTIAGO
2025-10-06 10:05:55 | Remitente: Acevedo Couttolenc / Frida Fernanda Villaseñor Tecuatl
2025-10-06 10:05:55 | ?? Detectada cuenta EXCHANGE, extrayendo email real...
2025-10-06 10:05:55 | ? Email REAL obtenido de Exchange: vida2@ACEVEDOCOUTTOLENC.COM
2025-10-06 10:05:55 | Email remitente: vida2@acevedocouttolenc.com
2025-10-06 10:05:55 | Dominio detectado: acevedocouttolenc.com
2025-10-06 10:05:55 | ?? Comparando dominio: acevedocouttolenc.com vs acevedocouttolenc.com
2025-10-06 10:05:55 | ? DOMINIO COINCIDE
2025-10-06 10:05:55 | ? CORREO ACEPTADO - Dominio coincide
2025-10-06 10:05:55 | Buscando adjuntos. Total: 2
2025-10-06 10:05:55 | Adjunto: 28102025 19711 GARCIA TERUEL VIVANCO SANTIAGO.pdf
2025-10-06 10:05:55 | ? Verificación PDF: 28102025 19711 GARCIA TERUEL VIVANCO SANTIAGO.pdf -> EXTENSIÓN VÁLIDA
2025-10-06 10:05:55 | ? PDF ENCONTRADO: 28102025 19711 GARCIA TERUEL VIVANCO SANTIAGO.pdf
2025-10-06 10:05:55 | Guardando como: 20251006_100555_vida2_RENOVACI_N_P_LIZA_DE_VIDA_INDI_28102025_19711_GARCIA_TERUEL_VIVANCO_SANTIAGO.pdf
2025-10-06 10:05:55 | Ruta completa: C:\laragon\www\analizer_files\data\20251006_100555_vida2_RENOVACI_N_P_LIZA_DE_VIDA_INDI_28102025_19711_GARCIA_TERUEL_VIVANCO_SANTIAGO.pdf
2025-10-06 10:05:55 | ? PDF DESCARGADO EXITOSAMENTE: 20251006_100555_vida2_RENOVACI_N_P_LIZA_DE_VIDA_INDI_28102025_19711_GARCIA_TERUEL_VIVANCO_SANTIAGO.pdf
2025-10-06 10:05:55 | Adjunto: image003.png
2025-10-06 10:05:55 | ? Verificación PDF: image003.png -> NO es PDF
2025-10-06 10:05:55 | RESUMEN: 1 PDFs encontrados, 1 descargados
2025-10-06 10:19:11 | ?? NUEVO CORREO DETECTADO - Iniciando procesamiento...
2025-10-06 10:19:12 | === PROCESANDO CORREO ENTRANTE ===
2025-10-06 10:19:12 | Asunto: Re: RENOVACION POLIZA 693665630 ( ANTERIOR 136191327 ) AHUED BLANCO JORGE ALFREDO 
2025-10-06 10:19:12 | Remitente: Jorge Ahued
2025-10-06 10:19:12 | ? Email obtenido por SenderEmailAddress: jorgeahued@yahoo.com
2025-10-06 10:19:12 | Email remitente: jorgeahued@yahoo.com
2025-10-06 10:19:12 | Dominio detectado: yahoo.com
2025-10-06 10:19:12 | ?? Comparando dominio: yahoo.com vs acevedocouttolenc.com
2025-10-06 10:19:12 | ? DOMINIO NO COINCIDE
2025-10-06 10:19:12 | ? CORREO RECHAZADO - Dominio NO coincide. Esperado: acevedocouttolenc.com
2025-10-06 10:22:53 | ?? NUEVO CORREO DETECTADO - Iniciando procesamiento...
2025-10-06 10:22:53 | === PROCESANDO CORREO ENTRANTE ===
2025-10-06 10:22:53 | Asunto: Re: 2-430-100007067-1 - CULINARIA MUNDIAL, S.A. DE C.V. - SEGURO EMPRESARIAL
2025-10-06 10:22:53 | Remitente: Brecasa Corporativo
2025-10-06 10:22:53 | ? Email obtenido por SenderEmailAddress: brecasaconta@gmail.com
2025-10-06 10:22:53 | Email remitente: brecasaconta@gmail.com
2025-10-06 10:22:53 | Dominio detectado: gmail.com
2025-10-06 10:22:53 | ?? Comparando dominio: gmail.com vs acevedocouttolenc.com
2025-10-06 10:22:53 | ? DOMINIO NO COINCIDE
2025-10-06 10:22:53 | ? CORREO RECHAZADO - Dominio NO coincide. Esperado: acevedocouttolenc.com
2025-10-06 10:27:04 | ?? NUEVO CORREO DETECTADO - Iniciando procesamiento...
2025-10-06 10:27:04 | === PROCESANDO CORREO ENTRANTE ===
2025-10-06 10:27:04 | Asunto: RENOVACIÓN PÓLIZA DE VIDA INDIVIDUAL META-8327220 SANCHEZ VERA FRANCIS LILIANA
2025-10-06 10:27:04 | Remitente: Acevedo Couttolenc / Frida Fernanda Villaseñor Tecuatl
2025-10-06 10:27:04 | ?? Detectada cuenta EXCHANGE, extrayendo email real...
2025-10-06 10:27:04 | ? Email REAL obtenido de Exchange: vida2@ACEVEDOCOUTTOLENC.COM
2025-10-06 10:27:04 | Email remitente: vida2@acevedocouttolenc.com
2025-10-06 10:27:04 | Dominio detectado: acevedocouttolenc.com
2025-10-06 10:27:04 | ?? Comparando dominio: acevedocouttolenc.com vs acevedocouttolenc.com
2025-10-06 10:27:04 | ? DOMINIO COINCIDE
2025-10-06 10:27:04 | ? CORREO ACEPTADO - Dominio coincide
2025-10-06 10:27:04 | Buscando adjuntos. Total: 2
2025-10-06 10:27:04 | Adjunto: 23102025 META-8327220 SANCHEZ VERA FRANCIS LILIANA.pdf
2025-10-06 10:27:04 | ? Verificación PDF: 23102025 META-8327220 SANCHEZ VERA FRANCIS LILIANA.pdf -> EXTENSIÓN VÁLIDA
2025-10-06 10:27:04 | ? PDF ENCONTRADO: 23102025 META-8327220 SANCHEZ VERA FRANCIS LILIANA.pdf
2025-10-06 10:27:04 | Guardando como: 20251006_102704_vida2_RENOVACI_N_P_LIZA_DE_VIDA_INDI_23102025_META-8327220_SANCHEZ_VERA_FRANCIS_LILIANA.pdf
2025-10-06 10:27:04 | Ruta completa: C:\laragon\www\analizer_files\data\20251006_102704_vida2_RENOVACI_N_P_LIZA_DE_VIDA_INDI_23102025_META-8327220_SANCHEZ_VERA_FRANCIS_LILIANA.pdf
2025-10-06 10:27:04 | ? PDF DESCARGADO EXITOSAMENTE: 20251006_102704_vida2_RENOVACI_N_P_LIZA_DE_VIDA_INDI_23102025_META-8327220_SANCHEZ_VERA_FRANCIS_LILIANA.pdf
2025-10-06 10:27:04 | Adjunto: image003.png
2025-10-06 10:27:04 | ? Verificación PDF: image003.png -> NO es PDF
2025-10-06 10:27:04 | RESUMEN: 1 PDFs encontrados, 1 descargados
2025-10-06 10:32:24 | ?? NUEVO CORREO DETECTADO - Iniciando procesamiento...
2025-10-06 10:32:24 | === PROCESANDO CORREO ENTRANTE ===
2025-10-06 10:32:25 | Asunto: RV:     100077796 - 1	BLANCA MARGARITA BRETON DIEZ SALCEDA	VIRTUS COMFORTLINE AUT MOD. 2023 
2025-10-06 10:32:25 | Remitente: Acevedo Couttolenc / Abraham Pelcastre
2025-10-06 10:32:25 | ?? Detectada cuenta EXCHANGE, extrayendo email real...
2025-10-06 10:32:25 | ? Email REAL obtenido de Exchange: autos2@ACEVEDOCOUTTOLENC.COM
2025-10-06 10:32:25 | Email remitente: autos2@acevedocouttolenc.com
2025-10-06 10:32:25 | Dominio detectado: acevedocouttolenc.com
2025-10-06 10:32:25 | ?? Comparando dominio: acevedocouttolenc.com vs acevedocouttolenc.com
2025-10-06 10:32:25 | ? DOMINIO COINCIDE
2025-10-06 10:32:25 | ? CORREO ACEPTADO - Dominio coincide
2025-10-06 10:32:25 | Buscando adjuntos. Total: 7
2025-10-06 10:32:25 | Adjunto: POLIZA 100077796 VIRTUS COMFORTLINE AUT 2023.pdf
2025-10-06 10:32:25 | ? Verificación PDF: POLIZA 100077796 VIRTUS COMFORTLINE AUT 2023.pdf -> EXTENSIÓN VÁLIDA
2025-10-06 10:32:25 | ? PDF ENCONTRADO: POLIZA 100077796 VIRTUS COMFORTLINE AUT 2023.pdf
2025-10-06 10:32:25 | Guardando como: 20251006_103225_autos2_RV______100077796_-_1_BLANCA_M_POLIZA_100077796_VIRTUS_COMFORTLINE_AUT_2023.pdf
2025-10-06 10:32:25 | Ruta completa: C:\laragon\www\analizer_files\data\20251006_103225_autos2_RV______100077796_-_1_BLANCA_M_POLIZA_100077796_VIRTUS_COMFORTLINE_AUT_2023.pdf
2025-10-06 10:32:25 | ? PDF DESCARGADO EXITOSAMENTE: 20251006_103225_autos2_RV______100077796_-_1_BLANCA_M_POLIZA_100077796_VIRTUS_COMFORTLINE_AUT_2023.pdf
2025-10-06 10:32:25 | Adjunto: RECIBO 100077796 VIRTUS COMFORTLINE AUT 2023.pdf
2025-10-06 10:32:25 | ? Verificación PDF: RECIBO 100077796 VIRTUS COMFORTLINE AUT 2023.pdf -> EXTENSIÓN VÁLIDA
2025-10-06 10:32:25 | ? PDF ENCONTRADO: RECIBO 100077796 VIRTUS COMFORTLINE AUT 2023.pdf
2025-10-06 10:32:25 | Guardando como: 20251006_103225_autos2_RV______100077796_-_1_BLANCA_M_RECIBO_100077796_VIRTUS_COMFORTLINE_AUT_2023.pdf
2025-10-06 10:32:25 | Ruta completa: C:\laragon\www\analizer_files\data\20251006_103225_autos2_RV______100077796_-_1_BLANCA_M_RECIBO_100077796_VIRTUS_COMFORTLINE_AUT_2023.pdf
2025-10-06 10:32:25 | ? PDF DESCARGADO EXITOSAMENTE: 20251006_103225_autos2_RV______100077796_-_1_BLANCA_M_RECIBO_100077796_VIRTUS_COMFORTLINE_AUT_2023.pdf
2025-10-06 10:32:25 | Adjunto: ANEXO Robo Parcial.pdf
2025-10-06 10:32:25 | ? Verificación PDF: ANEXO Robo Parcial.pdf -> EXTENSIÓN VÁLIDA
2025-10-06 10:32:25 | ? PDF ENCONTRADO: ANEXO Robo Parcial.pdf
2025-10-06 10:32:25 | Guardando como: 20251006_103225_autos2_RV______100077796_-_1_BLANCA_M_ANEXO_Robo_Parcial.pdf
2025-10-06 10:32:25 | Ruta completa: C:\laragon\www\analizer_files\data\20251006_103225_autos2_RV______100077796_-_1_BLANCA_M_ANEXO_Robo_Parcial.pdf
2025-10-06 10:32:25 | ? PDF DESCARGADO EXITOSAMENTE: 20251006_103225_autos2_RV______100077796_-_1_BLANCA_M_ANEXO_Robo_Parcial.pdf
2025-10-06 10:32:25 | Adjunto: CONDICIONES GENERALES SURA AUTOS.zip
2025-10-06 10:32:25 | ? Verificación PDF: CONDICIONES GENERALES SURA AUTOS.zip -> NO es PDF
2025-10-06 10:32:25 | Adjunto: REPORTE SINIESTRO SURA.jpeg
2025-10-06 10:32:25 | ? Verificación PDF: REPORTE SINIESTRO SURA.jpeg -> NO es PDF
2025-10-06 10:32:25 | Adjunto: image003.png
2025-10-06 10:32:25 | ? Verificación PDF: image003.png -> NO es PDF
2025-10-06 10:32:25 | Adjunto: image004.png
2025-10-06 10:32:25 | ? Verificación PDF: image004.png -> NO es PDF
2025-10-06 10:32:25 | RESUMEN: 3 PDFs encontrados, 3 descargados
2025-10-06 10:41:24 | ?? NUEVO CORREO DETECTADO - Iniciando procesamiento...
2025-10-06 10:41:24 | === PROCESANDO CORREO ENTRANTE ===
2025-10-06 10:41:24 | Asunto: ENDOSO 148010 DE FLOTILLA 0940414108	FERRECABSA	2 UNIDADES NISSAN NP300 CHASIS CABINA STD MOD 2025 SERIES 3N6AD35A8SK847076 // 3N6AD35A9SK846860 
2025-10-06 10:41:24 | Remitente: Acevedo Couttolenc / Ody Alvarez
2025-10-06 10:41:24 | ?? Detectada cuenta EXCHANGE, extrayendo email real...
2025-10-06 10:41:24 | ? Email REAL obtenido de Exchange: autos@ACEVEDOCOUTTOLENC.COM
2025-10-06 10:41:24 | Email remitente: autos@acevedocouttolenc.com
2025-10-06 10:41:24 | Dominio detectado: acevedocouttolenc.com
2025-10-06 10:41:24 | ?? Comparando dominio: acevedocouttolenc.com vs acevedocouttolenc.com
2025-10-06 10:41:24 | ? DOMINIO COINCIDE
2025-10-06 10:41:24 | ? CORREO ACEPTADO - Dominio coincide
2025-10-06 10:41:24 | Buscando adjuntos. Total: 10
2025-10-06 10:41:24 | Adjunto: TEXTOS.pdf
2025-10-06 10:41:24 | ? Verificación PDF: TEXTOS.pdf -> EXTENSIÓN VÁLIDA
2025-10-06 10:41:24 | ? PDF ENCONTRADO: TEXTOS.pdf
2025-10-06 10:41:24 | Guardando como: 20251006_104124_autos_ENDOSO_148010_DE_FLOTILLA_0940_TEXTOS.pdf
2025-10-06 10:41:24 | Ruta completa: C:\laragon\www\analizer_files\data\20251006_104124_autos_ENDOSO_148010_DE_FLOTILLA_0940_TEXTOS.pdf
2025-10-06 10:41:24 | ? PDF DESCARGADO EXITOSAMENTE: 20251006_104124_autos_ENDOSO_148010_DE_FLOTILLA_0940_TEXTOS.pdf
2025-10-06 10:41:24 | Adjunto: CARATULA.pdf
2025-10-06 10:41:24 | ? Verificación PDF: CARATULA.pdf -> EXTENSIÓN VÁLIDA
2025-10-06 10:41:24 | ? PDF ENCONTRADO: CARATULA.pdf
2025-10-06 10:41:24 | Guardando como: 20251006_104124_autos_ENDOSO_148010_DE_FLOTILLA_0940_CARATULA.pdf
2025-10-06 10:41:24 | Ruta completa: C:\laragon\www\analizer_files\data\20251006_104124_autos_ENDOSO_148010_DE_FLOTILLA_0940_CARATULA.pdf
2025-10-06 10:41:24 | ? PDF DESCARGADO EXITOSAMENTE: 20251006_104124_autos_ENDOSO_148010_DE_FLOTILLA_0940_CARATULA.pdf
2025-10-06 10:41:24 | Adjunto: RECIBOS.pdf
2025-10-06 10:41:24 | ? Verificación PDF: RECIBOS.pdf -> EXTENSIÓN VÁLIDA
2025-10-06 10:41:24 | ? PDF ENCONTRADO: RECIBOS.pdf
2025-10-06 10:41:24 | Guardando como: 20251006_104124_autos_ENDOSO_148010_DE_FLOTILLA_0940_RECIBOS.pdf
2025-10-06 10:41:24 | Ruta completa: C:\laragon\www\analizer_files\data\20251006_104124_autos_ENDOSO_148010_DE_FLOTILLA_0940_RECIBOS.pdf
2025-10-06 10:41:24 | ? PDF DESCARGADO EXITOSAMENTE: 20251006_104124_autos_ENDOSO_148010_DE_FLOTILLA_0940_RECIBOS.pdf
2025-10-06 10:41:24 | Adjunto: ACAN_7290_3F159E26-9E7C-11F0-ABDF-4B5C0841C23D_jaflores_QRSVNMX33_17121589.pdf
2025-10-06 10:41:24 | ? Verificación PDF: ACAN_7290_3F159E26-9E7C-11F0-ABDF-4B5C0841C23D_jaflores_QRSVNMX33_17121589.pdf -> EXTENSIÓN VÁLIDA
2025-10-06 10:41:24 | ? PDF ENCONTRADO: ACAN_7290_3F159E26-9E7C-11F0-ABDF-4B5C0841C23D_jaflores_QRSVNMX33_17121589.pdf
2025-10-06 10:41:24 | Guardando como: 20251006_104124_autos_ENDOSO_148010_DE_FLOTILLA_0940_ACAN_7290_3F159E26-9E7C-11F0-ABDF-4B5C0841C23D_jaflores_QRSVNMX33_17121589.pdf
2025-10-06 10:41:24 | Ruta completa: C:\laragon\www\analizer_files\data\20251006_104124_autos_ENDOSO_148010_DE_FLOTILLA_0940_ACAN_7290_3F159E26-9E7C-11F0-ABDF-4B5C0841C23D_jaflores_QRSVNMX33_17121589.pdf
2025-10-06 10:41:24 | ? PDF DESCARGADO EXITOSAMENTE: 20251006_104124_autos_ENDOSO_148010_DE_FLOTILLA_0940_ACAN_7290_3F159E26-9E7C-11F0-ABDF-4B5C0841C23D_jaflores_QRSVNMX33_17121589.pdf
2025-10-06 10:41:24 | Adjunto: ACAN_7291_FDD1BEF2-9E7C-11F0-B682-37388BDC1454_jaflores_QRSVNMX33_17121455.pdf
2025-10-06 10:41:24 | ? Verificación PDF: ACAN_7291_FDD1BEF2-9E7C-11F0-B682-37388BDC1454_jaflores_QRSVNMX33_17121455.pdf -> EXTENSIÓN VÁLIDA
2025-10-06 10:41:24 | ? PDF ENCONTRADO: ACAN_7291_FDD1BEF2-9E7C-11F0-B682-37388BDC1454_jaflores_QRSVNMX33_17121455.pdf
2025-10-06 10:41:24 | Guardando como: 20251006_104124_autos_ENDOSO_148010_DE_FLOTILLA_0940_ACAN_7291_FDD1BEF2-9E7C-11F0-B682-37388BDC1454_jaflores_QRSVNMX33_17121455.pdf
2025-10-06 10:41:24 | Ruta completa: C:\laragon\www\analizer_files\data\20251006_104124_autos_ENDOSO_148010_DE_FLOTILLA_0940_ACAN_7291_FDD1BEF2-9E7C-11F0-B682-37388BDC1454_jaflores_QRSVNMX33_17121455.pdf
2025-10-06 10:41:24 | ? PDF DESCARGADO EXITOSAMENTE: 20251006_104124_autos_ENDOSO_148010_DE_FLOTILLA_0940_ACAN_7291_FDD1BEF2-9E7C-11F0-B682-37388BDC1454_jaflores_QRSVNMX33_17121455.pdf
2025-10-06 10:41:24 | Adjunto: condiciones qualitas camiones.pdf
2025-10-06 10:41:25 | ? Verificación PDF: condiciones qualitas camiones.pdf -> EXTENSIÓN VÁLIDA
2025-10-06 10:41:25 | ? PDF ENCONTRADO: condiciones qualitas camiones.pdf
2025-10-06 10:41:25 | Guardando como: 20251006_104125_autos_ENDOSO_148010_DE_FLOTILLA_0940_condiciones_qualitas_camiones.pdf
2025-10-06 10:41:25 | Ruta completa: C:\laragon\www\analizer_files\data\20251006_104125_autos_ENDOSO_148010_DE_FLOTILLA_0940_condiciones_qualitas_camiones.pdf
2025-10-06 10:41:26 | ? PDF DESCARGADO EXITOSAMENTE: 20251006_104125_autos_ENDOSO_148010_DE_FLOTILLA_0940_condiciones_qualitas_camiones.pdf
2025-10-06 10:41:26 | Adjunto: REPORTE QUALITAS.pdf
2025-10-06 10:41:26 | ? Verificación PDF: REPORTE QUALITAS.pdf -> EXTENSIÓN VÁLIDA
2025-10-06 10:41:26 | ? PDF ENCONTRADO: REPORTE QUALITAS.pdf
2025-10-06 10:41:26 | Guardando como: 20251006_104126_autos_ENDOSO_148010_DE_FLOTILLA_0940_REPORTE_QUALITAS.pdf
2025-10-06 10:41:26 | Ruta completa: C:\laragon\www\analizer_files\data\20251006_104126_autos_ENDOSO_148010_DE_FLOTILLA_0940_REPORTE_QUALITAS.pdf
2025-10-06 10:41:26 | ? PDF DESCARGADO EXITOSAMENTE: 20251006_104126_autos_ENDOSO_148010_DE_FLOTILLA_0940_REPORTE_QUALITAS.pdf
2025-10-06 10:41:26 | Adjunto: image003.png
2025-10-06 10:41:26 | ? Verificación PDF: image003.png -> NO es PDF
2025-10-06 10:41:26 | Adjunto: image005.png
2025-10-06 10:41:26 | ? Verificación PDF: image005.png -> NO es PDF
2025-10-06 10:41:26 | Adjunto: image007.png
2025-10-06 10:41:26 | ? Verificación PDF: image007.png -> NO es PDF
2025-10-06 10:41:26 | RESUMEN: 7 PDFs encontrados, 7 descargados
2025-10-06 10:45:28 | ?? NUEVO CORREO DETECTADO - Iniciando procesamiento...
2025-10-06 10:45:28 | === PROCESANDO CORREO ENTRANTE ===
2025-10-06 10:45:28 | Asunto: RENOVACION POLIZA 630991289 GROSS CORTES BERTHA LUZ 
2025-10-06 10:45:28 | Remitente: Acevedo Couttolenc / Adriana Benitez Garcia
2025-10-06 10:45:28 | ?? Detectada cuenta EXCHANGE, extrayendo email real...
2025-10-06 10:45:28 | ? Email REAL obtenido de Exchange: gmm2@ACEVEDOCOUTTOLENC.COM
2025-10-06 10:45:28 | Email remitente: gmm2@acevedocouttolenc.com
2025-10-06 10:45:28 | Dominio detectado: acevedocouttolenc.com
2025-10-06 10:45:28 | ?? Comparando dominio: acevedocouttolenc.com vs acevedocouttolenc.com
2025-10-06 10:45:28 | ? DOMINIO COINCIDE
2025-10-06 10:45:28 | ? CORREO ACEPTADO - Dominio coincide
2025-10-06 10:45:28 | Buscando adjuntos. Total: 11
2025-10-06 10:45:28 | Adjunto: 630991289 GROSS CORTES BERTHA LUZ.pdf
2025-10-06 10:45:28 | ? Verificación PDF: 630991289 GROSS CORTES BERTHA LUZ.pdf -> EXTENSIÓN VÁLIDA
2025-10-06 10:45:28 | ? PDF ENCONTRADO: 630991289 GROSS CORTES BERTHA LUZ.pdf
2025-10-06 10:45:28 | Guardando como: 20251006_104528_gmm2_RENOVACION_POLIZA_630991289_GR_630991289_GROSS_CORTES_BERTHA_LUZ.pdf
2025-10-06 10:45:28 | Ruta completa: C:\laragon\www\analizer_files\data\20251006_104528_gmm2_RENOVACION_POLIZA_630991289_GR_630991289_GROSS_CORTES_BERTHA_LUZ.pdf
2025-10-06 10:45:28 | ? PDF DESCARGADO EXITOSAMENTE: 20251006_104528_gmm2_RENOVACION_POLIZA_630991289_GR_630991289_GROSS_CORTES_BERTHA_LUZ.pdf
2025-10-06 10:45:28 | Adjunto: 630991289 GROSS CORTES BERTHA LUZ - RECIBO.pdf
2025-10-06 10:45:28 | ? Verificación PDF: 630991289 GROSS CORTES BERTHA LUZ - RECIBO.pdf -> EXTENSIÓN VÁLIDA
2025-10-06 10:45:28 | ? PDF ENCONTRADO: 630991289 GROSS CORTES BERTHA LUZ - RECIBO.pdf
2025-10-06 10:45:28 | Guardando como: 20251006_104528_gmm2_RENOVACION_POLIZA_630991289_GR_630991289_GROSS_CORTES_BERTHA_LUZ_-_RECIBO.pdf
2025-10-06 10:45:28 | Ruta completa: C:\laragon\www\analizer_files\data\20251006_104528_gmm2_RENOVACION_POLIZA_630991289_GR_630991289_GROSS_CORTES_BERTHA_LUZ_-_RECIBO.pdf
2025-10-06 10:45:28 | ? PDF DESCARGADO EXITOSAMENTE: 20251006_104528_gmm2_RENOVACION_POLIZA_630991289_GR_630991289_GROSS_CORTES_BERTHA_LUZ_-_RECIBO.pdf
2025-10-06 10:45:28 | Adjunto: 630991289 GROSS CORTES BERTHA LUZ - FACTURA.pdf
2025-10-06 10:45:28 | ? Verificación PDF: 630991289 GROSS CORTES BERTHA LUZ - FACTURA.pdf -> EXTENSIÓN VÁLIDA
2025-10-06 10:45:28 | ? PDF ENCONTRADO: 630991289 GROSS CORTES BERTHA LUZ - FACTURA.pdf
2025-10-06 10:45:28 | Guardando como: 20251006_104528_gmm2_RENOVACION_POLIZA_630991289_GR_630991289_GROSS_CORTES_BERTHA_LUZ_-_FACTURA.pdf
2025-10-06 10:45:28 | Ruta completa: C:\laragon\www\analizer_files\data\20251006_104528_gmm2_RENOVACION_POLIZA_630991289_GR_630991289_GROSS_CORTES_BERTHA_LUZ_-_FACTURA.pdf
2025-10-06 10:45:28 | ? PDF DESCARGADO EXITOSAMENTE: 20251006_104528_gmm2_RENOVACION_POLIZA_630991289_GR_630991289_GROSS_CORTES_BERTHA_LUZ_-_FACTURA.pdf
2025-10-06 10:45:28 | Adjunto: 630991289 GROSS CORTES BERTHA LUZ - FACTURA.xml
2025-10-06 10:45:28 | ? Verificación PDF: 630991289 GROSS CORTES BERTHA LUZ - FACTURA.xml -> NO es PDF
2025-10-06 10:45:28 | Adjunto: image003.png
2025-10-06 10:45:28 | ? Verificación PDF: image003.png -> NO es PDF
2025-10-06 10:45:28 | Adjunto: image006.png
2025-10-06 10:45:28 | ? Verificación PDF: image006.png -> NO es PDF
2025-10-06 10:45:28 | Adjunto: image007.png
2025-10-06 10:45:28 | ? Verificación PDF: image007.png -> NO es PDF
2025-10-06 10:45:28 | Adjunto: image008.jpg
2025-10-06 10:45:28 | ? Verificación PDF: image008.jpg -> NO es PDF
2025-10-06 10:45:28 | Adjunto: PREMIER.zip
2025-10-06 10:45:28 | ? Verificación PDF: PREMIER.zip -> NO es PDF
2025-10-06 10:45:28 | Adjunto: image009.png
2025-10-06 10:45:28 | ? Verificación PDF: image009.png -> NO es PDF
2025-10-06 10:45:28 | Adjunto: image010.png
2025-10-06 10:45:28 | ? Verificación PDF: image010.png -> NO es PDF
2025-10-06 10:45:28 | RESUMEN: 3 PDFs encontrados, 3 descargados
2025-10-06 10:57:10 | ?? NUEVO CORREO DETECTADO - Iniciando procesamiento...
2025-10-06 10:57:10 | === PROCESANDO CORREO ENTRANTE ===
2025-10-06 10:57:10 | Asunto: 112031373	EDUARDO CUE PANDAL	WRANGLER UNLIMITED SAHARA MOD: 2019
2025-10-06 10:57:10 | Remitente: Acevedo Couttolenc / Abraham Pelcastre
2025-10-06 10:57:10 | ?? Detectada cuenta EXCHANGE, extrayendo email real...
2025-10-06 10:57:10 | ? Email REAL obtenido de Exchange: autos2@ACEVEDOCOUTTOLENC.COM
2025-10-06 10:57:10 | Email remitente: autos2@acevedocouttolenc.com
2025-10-06 10:57:10 | Dominio detectado: acevedocouttolenc.com
2025-10-06 10:57:10 | ?? Comparando dominio: acevedocouttolenc.com vs acevedocouttolenc.com
2025-10-06 10:57:10 | ? DOMINIO COINCIDE
2025-10-06 10:57:10 | ? CORREO ACEPTADO - Dominio coincide
2025-10-06 10:57:10 | Buscando adjuntos. Total: 7
2025-10-06 10:57:10 | Adjunto: POLIZA WRANGLER UNLIMITED SAHARA 4WD 2019.pdf
2025-10-06 10:57:10 | ? Verificación PDF: POLIZA WRANGLER UNLIMITED SAHARA 4WD 2019.pdf -> EXTENSIÓN VÁLIDA
2025-10-06 10:57:10 | ? PDF ENCONTRADO: POLIZA WRANGLER UNLIMITED SAHARA 4WD 2019.pdf
2025-10-06 10:57:10 | Guardando como: 20251006_105710_autos2_112031373_EDUARDO_CUE_PANDAL_W_POLIZA_WRANGLER_UNLIMITED_SAHARA_4WD_2019.pdf
2025-10-06 10:57:10 | Ruta completa: C:\laragon\www\analizer_files\data\20251006_105710_autos2_112031373_EDUARDO_CUE_PANDAL_W_POLIZA_WRANGLER_UNLIMITED_SAHARA_4WD_2019.pdf
2025-10-06 10:57:10 | ? PDF DESCARGADO EXITOSAMENTE: 20251006_105710_autos2_112031373_EDUARDO_CUE_PANDAL_W_POLIZA_WRANGLER_UNLIMITED_SAHARA_4WD_2019.pdf
2025-10-06 10:57:10 | Adjunto: RECIBO WRANGLER UNLIMITED SAHARA 4WD 2019.pdf
2025-10-06 10:57:10 | ? Verificación PDF: RECIBO WRANGLER UNLIMITED SAHARA 4WD 2019.pdf -> EXTENSIÓN VÁLIDA
2025-10-06 10:57:10 | ? PDF ENCONTRADO: RECIBO WRANGLER UNLIMITED SAHARA 4WD 2019.pdf
2025-10-06 10:57:10 | Guardando como: 20251006_105710_autos2_112031373_EDUARDO_CUE_PANDAL_W_RECIBO_WRANGLER_UNLIMITED_SAHARA_4WD_2019.pdf
2025-10-06 10:57:10 | Ruta completa: C:\laragon\www\analizer_files\data\20251006_105710_autos2_112031373_EDUARDO_CUE_PANDAL_W_RECIBO_WRANGLER_UNLIMITED_SAHARA_4WD_2019.pdf
2025-10-06 10:57:10 | ? PDF DESCARGADO EXITOSAMENTE: 20251006_105710_autos2_112031373_EDUARDO_CUE_PANDAL_W_RECIBO_WRANGLER_UNLIMITED_SAHARA_4WD_2019.pdf
2025-10-06 10:57:10 | Adjunto: Condiciones Generales ZURICH.pdf
2025-10-06 10:57:10 | ? Verificación PDF: Condiciones Generales ZURICH.pdf -> EXTENSIÓN VÁLIDA
2025-10-06 10:57:10 | ? PDF ENCONTRADO: Condiciones Generales ZURICH.pdf
2025-10-06 10:57:10 | Guardando como: 20251006_105710_autos2_112031373_EDUARDO_CUE_PANDAL_W_Condiciones_Generales_ZURICH.pdf
2025-10-06 10:57:10 | Ruta completa: C:\laragon\www\analizer_files\data\20251006_105710_autos2_112031373_EDUARDO_CUE_PANDAL_W_Condiciones_Generales_ZURICH.pdf
2025-10-06 10:57:12 | ? PDF DESCARGADO EXITOSAMENTE: 20251006_105710_autos2_112031373_EDUARDO_CUE_PANDAL_W_Condiciones_Generales_ZURICH.pdf
2025-10-06 10:57:12 | Adjunto: REPORTAR SINIESTRO ZURICH.jpg
2025-10-06 10:57:12 | ? Verificación PDF: REPORTAR SINIESTRO ZURICH.jpg -> NO es PDF
2025-10-06 10:57:12 | Adjunto: image003.png
2025-10-06 10:57:12 | ? Verificación PDF: image003.png -> NO es PDF
2025-10-06 10:57:12 | Adjunto: image004.png
2025-10-06 10:57:12 | ? Verificación PDF: image004.png -> NO es PDF
2025-10-06 10:57:12 | Adjunto: image005.png
2025-10-06 10:57:12 | ? Verificación PDF: image005.png -> NO es PDF
2025-10-06 10:57:12 | RESUMEN: 3 PDFs encontrados, 3 descargados
2025-10-06 11:23:03 | ?? NUEVO CORREO DETECTADO - Iniciando procesamiento...
2025-10-06 11:23:03 | === PROCESANDO CORREO ENTRANTE ===
2025-10-06 11:23:03 | Asunto: RENOVACION / POLIZA (ANT.20002424) 20002697 / CENTRO EDUCATIVO KEPLER DE PUEBLA
2025-10-06 11:23:03 | Remitente: Acevedo Couttolenc / Vianney Espinosa
2025-10-06 11:23:03 | ?? Detectada cuenta EXCHANGE, extrayendo email real...
2025-10-06 11:23:03 | ? Email REAL obtenido de Exchange: gmm1@ACEVEDOCOUTTOLENC.COM
2025-10-06 11:23:03 | Email remitente: gmm1@acevedocouttolenc.com
2025-10-06 11:23:03 | Dominio detectado: acevedocouttolenc.com
2025-10-06 11:23:03 | ?? Comparando dominio: acevedocouttolenc.com vs acevedocouttolenc.com
2025-10-06 11:23:03 | ? DOMINIO COINCIDE
2025-10-06 11:23:03 | ? CORREO ACEPTADO - Dominio coincide
2025-10-06 11:23:03 | Buscando adjuntos. Total: 6
2025-10-06 11:23:03 | Adjunto: image002.png
2025-10-06 11:23:03 | ? Verificación PDF: image002.png -> NO es PDF
2025-10-06 11:23:03 | Adjunto: RECIBO_2_605_20002697.pdf
2025-10-06 11:23:03 | ? Verificación PDF: RECIBO_2_605_20002697.pdf -> EXTENSIÓN VÁLIDA
2025-10-06 11:23:03 | ? PDF ENCONTRADO: RECIBO_2_605_20002697.pdf
2025-10-06 11:23:03 | Guardando como: 20251006_112303_gmm1_RENOVACION___POLIZA__ANT.20002_RECIBO_2_605_20002697.pdf
2025-10-06 11:23:03 | Ruta completa: C:\laragon\www\analizer_files\data\20251006_112303_gmm1_RENOVACION___POLIZA__ANT.20002_RECIBO_2_605_20002697.pdf
2025-10-06 11:23:04 | ? PDF DESCARGADO EXITOSAMENTE: 20251006_112303_gmm1_RENOVACION___POLIZA__ANT.20002_RECIBO_2_605_20002697.pdf
2025-10-06 11:23:04 | Adjunto: CONSOLIDADO_2_605_20002697.pdf
2025-10-06 11:23:04 | ? Verificación PDF: CONSOLIDADO_2_605_20002697.pdf -> EXTENSIÓN VÁLIDA
2025-10-06 11:23:04 | ? PDF ENCONTRADO: CONSOLIDADO_2_605_20002697.pdf
2025-10-06 11:23:04 | Guardando como: 20251006_112304_gmm1_RENOVACION___POLIZA__ANT.20002_CONSOLIDADO_2_605_20002697.pdf
2025-10-06 11:23:04 | Ruta completa: C:\laragon\www\analizer_files\data\20251006_112304_gmm1_RENOVACION___POLIZA__ANT.20002_CONSOLIDADO_2_605_20002697.pdf
2025-10-06 11:23:04 | ? PDF DESCARGADO EXITOSAMENTE: 20251006_112304_gmm1_RENOVACION___POLIZA__ANT.20002_CONSOLIDADO_2_605_20002697.pdf
2025-10-06 11:23:04 | Adjunto: CONDUSEF-002699-06_CG_Seguro de Accidentes Personales Colectivo Experiencia Propia sin Participacion en las Utilidades Escolar.pdf
2025-10-06 11:23:04 | ? Verificación PDF: CONDUSEF-002699-06_CG_Seguro de Accidentes Personales Colectivo Experiencia Propia sin Participacion en las Utilidades Escolar.pdf -> EXTENSIÓN VÁLIDA
2025-10-06 11:23:04 | ? PDF ENCONTRADO: CONDUSEF-002699-06_CG_Seguro de Accidentes Personales Colectivo Experiencia Propia sin Participacion en las Utilidades Escolar.pdf
2025-10-06 11:23:04 | Guardando como: 20251006_112304_gmm1_RENOVACION___POLIZA__ANT.20002_CONDUSEF-002699-06_CG_Seguro_de_Accidentes_Personales_Colectivo_Experiencia_Propia_sin_Participacion_en_las_Utilidades_Escolar.pdf
2025-10-06 11:23:04 | Ruta completa: C:\laragon\www\analizer_files\data\20251006_112304_gmm1_RENOVACION___POLIZA__ANT.20002_CONDUSEF-002699-06_CG_Seguro_de_Accidentes_Personales_Colectivo_Experiencia_Propia_sin_Participacion_en_las_Utilidades_Escolar.pdf
2025-10-06 11:23:05 | ? PDF DESCARGADO EXITOSAMENTE: 20251006_112304_gmm1_RENOVACION___POLIZA__ANT.20002_CONDUSEF-002699-06_CG_Seguro_de_Accidentes_Personales_Colectivo_Experiencia_Propia_sin_Participacion_en_las_Utilidades_Escolar.pdf
2025-10-06 11:23:05 | Adjunto: LO QUE CUBRE, LO QUE NO CUBREE Y REEMBOLSO.pdf
2025-10-06 11:23:05 | ? Verificación PDF: LO QUE CUBRE, LO QUE NO CUBREE Y REEMBOLSO.pdf -> EXTENSIÓN VÁLIDA
2025-10-06 11:23:05 | ? PDF ENCONTRADO: LO QUE CUBRE, LO QUE NO CUBREE Y REEMBOLSO.pdf
2025-10-06 11:23:05 | Guardando como: 20251006_112305_gmm1_RENOVACION___POLIZA__ANT.20002_LO_QUE_CUBRE__LO_QUE_NO_CUBREE_Y_REEMBOLSO.pdf
2025-10-06 11:23:05 | Ruta completa: C:\laragon\www\analizer_files\data\20251006_112305_gmm1_RENOVACION___POLIZA__ANT.20002_LO_QUE_CUBRE__LO_QUE_NO_CUBREE_Y_REEMBOLSO.pdf
2025-10-06 11:23:05 | ? PDF DESCARGADO EXITOSAMENTE: 20251006_112305_gmm1_RENOVACION___POLIZA__ANT.20002_LO_QUE_CUBRE__LO_QUE_NO_CUBREE_Y_REEMBOLSO.pdf
2025-10-06 11:23:05 | Adjunto: image001.png
2025-10-06 11:23:05 | ? Verificación PDF: image001.png -> NO es PDF
2025-10-06 11:23:05 | RESUMEN: 4 PDFs encontrados, 4 descargados
2025-10-06 11:25:13 | ?? NUEVO CORREO DETECTADO - Iniciando procesamiento...
2025-10-06 11:25:13 | === PROCESANDO CORREO ENTRANTE ===
2025-10-06 11:25:13 | Asunto: RENOVACIÓN PÓLIZA DE VIDA INDIVIDUAL BECA PROFESIONAL 83656694 ECHEAGARAY GARZA LUIS FERNANDO
2025-10-06 11:25:13 | Remitente: Acevedo Couttolenc / Frida Fernanda Villaseñor Tecuatl
2025-10-06 11:25:13 | ?? Detectada cuenta EXCHANGE, extrayendo email real...
2025-10-06 11:25:13 | ? Email REAL obtenido de Exchange: vida2@ACEVEDOCOUTTOLENC.COM
2025-10-06 11:25:13 | Email remitente: vida2@acevedocouttolenc.com
2025-10-06 11:25:13 | Dominio detectado: acevedocouttolenc.com
2025-10-06 11:25:13 | ?? Comparando dominio: acevedocouttolenc.com vs acevedocouttolenc.com
2025-10-06 11:25:13 | ? DOMINIO COINCIDE
2025-10-06 11:25:13 | ? CORREO ACEPTADO - Dominio coincide
2025-10-06 11:25:13 | Buscando adjuntos. Total: 2
2025-10-06 11:25:13 | Adjunto: 25102025 83656694 ECHEAGARAY GARZA LUIS FERNANDO.pdf
2025-10-06 11:25:13 | ? Verificación PDF: 25102025 83656694 ECHEAGARAY GARZA LUIS FERNANDO.pdf -> EXTENSIÓN VÁLIDA
2025-10-06 11:25:13 | ? PDF ENCONTRADO: 25102025 83656694 ECHEAGARAY GARZA LUIS FERNANDO.pdf
2025-10-06 11:25:13 | Guardando como: 20251006_112513_vida2_RENOVACI_N_P_LIZA_DE_VIDA_INDI_25102025_83656694_ECHEAGARAY_GARZA_LUIS_FERNANDO.pdf
2025-10-06 11:25:13 | Ruta completa: C:\laragon\www\analizer_files\data\20251006_112513_vida2_RENOVACI_N_P_LIZA_DE_VIDA_INDI_25102025_83656694_ECHEAGARAY_GARZA_LUIS_FERNANDO.pdf
2025-10-06 11:25:14 | ? PDF DESCARGADO EXITOSAMENTE: 20251006_112513_vida2_RENOVACI_N_P_LIZA_DE_VIDA_INDI_25102025_83656694_ECHEAGARAY_GARZA_LUIS_FERNANDO.pdf
2025-10-06 11:25:14 | Adjunto: image003.png
2025-10-06 11:25:14 | ? Verificación PDF: image003.png -> NO es PDF
2025-10-06 11:25:14 | RESUMEN: 1 PDFs encontrados, 1 descargados
2025-10-06 11:42:47 | ?? NUEVO CORREO DETECTADO - Iniciando procesamiento...
2025-10-06 11:42:47 | === PROCESANDO CORREO ENTRANTE ===
2025-10-06 11:42:47 | Asunto: RENOVACIÓN PÓLIZA DE VIDA INDIVIDUAL 418582623 ARAMBURO TAME JORGE ANTONIO
2025-10-06 11:42:47 | Remitente: Acevedo Couttolenc / Frida Fernanda Villaseñor Tecuatl
2025-10-06 11:42:47 | ?? Detectada cuenta EXCHANGE, extrayendo email real...
2025-10-06 11:42:47 | ? Email REAL obtenido de Exchange: vida2@ACEVEDOCOUTTOLENC.COM
2025-10-06 11:42:47 | Email remitente: vida2@acevedocouttolenc.com
2025-10-06 11:42:47 | Dominio detectado: acevedocouttolenc.com
2025-10-06 11:42:47 | ?? Comparando dominio: acevedocouttolenc.com vs acevedocouttolenc.com
2025-10-06 11:42:47 | ? DOMINIO COINCIDE
2025-10-06 11:42:47 | ? CORREO ACEPTADO - Dominio coincide
2025-10-06 11:42:47 | Buscando adjuntos. Total: 2
2025-10-06 11:42:47 | Adjunto: 16102025 418582623 ARAMBURO TAME JORGE ANTONIO.pdf
2025-10-06 11:42:47 | ? Verificación PDF: 16102025 418582623 ARAMBURO TAME JORGE ANTONIO.pdf -> EXTENSIÓN VÁLIDA
2025-10-06 11:42:47 | ? PDF ENCONTRADO: 16102025 418582623 ARAMBURO TAME JORGE ANTONIO.pdf
2025-10-06 11:42:47 | Guardando como: 20251006_114247_vida2_RENOVACI_N_P_LIZA_DE_VIDA_INDI_16102025_418582623_ARAMBURO_TAME_JORGE_ANTONIO.pdf
2025-10-06 11:42:47 | Ruta completa: C:\laragon\www\analizer_files\data\20251006_114247_vida2_RENOVACI_N_P_LIZA_DE_VIDA_INDI_16102025_418582623_ARAMBURO_TAME_JORGE_ANTONIO.pdf
2025-10-06 11:42:47 | ? PDF DESCARGADO EXITOSAMENTE: 20251006_114247_vida2_RENOVACI_N_P_LIZA_DE_VIDA_INDI_16102025_418582623_ARAMBURO_TAME_JORGE_ANTONIO.pdf
2025-10-06 11:42:47 | Adjunto: image003.png
2025-10-06 11:42:47 | ? Verificación PDF: image003.png -> NO es PDF
2025-10-06 11:42:47 | RESUMEN: 1 PDFs encontrados, 1 descargados
2025-10-06 11:57:50 | ?? NUEVO CORREO DETECTADO - Iniciando procesamiento...
2025-10-06 11:57:50 | === PROCESANDO CORREO ENTRANTE ===
2025-10-06 11:57:50 | Asunto: 112047413 / VICTORIA MIGUIRA JOSE NEFTALI / EMISIÓN HOGAR
2025-10-06 11:57:50 | Remitente: Acevedo Couttolenc / Evelyn Alvarez
2025-10-06 11:57:50 | ?? Detectada cuenta EXCHANGE, extrayendo email real...
2025-10-06 11:57:50 | ? Email REAL obtenido de Exchange: danos1@ACEVEDOCOUTTOLENC.COM
2025-10-06 11:57:50 | Email remitente: danos1@acevedocouttolenc.com
2025-10-06 11:57:50 | Dominio detectado: acevedocouttolenc.com
2025-10-06 11:57:50 | ?? Comparando dominio: acevedocouttolenc.com vs acevedocouttolenc.com
2025-10-06 11:57:50 | ? DOMINIO COINCIDE
2025-10-06 11:57:50 | ? CORREO ACEPTADO - Dominio coincide
2025-10-06 11:57:50 | Buscando adjuntos. Total: 4
2025-10-06 11:57:50 | Adjunto: J. NEFTALI VICTORIA MUGUIRA - POLIZA ZURICH.pdf
2025-10-06 11:57:50 | ? Verificación PDF: J. NEFTALI VICTORIA MUGUIRA - POLIZA ZURICH.pdf -> EXTENSIÓN VÁLIDA
2025-10-06 11:57:50 | ? PDF ENCONTRADO: J. NEFTALI VICTORIA MUGUIRA - POLIZA ZURICH.pdf
2025-10-06 11:57:50 | Guardando como: 20251006_115750_danos1_112047413___VICTORIA_MIGUIRA_J_J._NEFTALI_VICTORIA_MUGUIRA_-_POLIZA_ZURICH.pdf
2025-10-06 11:57:50 | Ruta completa: C:\laragon\www\analizer_files\data\20251006_115750_danos1_112047413___VICTORIA_MIGUIRA_J_J._NEFTALI_VICTORIA_MUGUIRA_-_POLIZA_ZURICH.pdf
2025-10-06 11:57:50 | ? PDF DESCARGADO EXITOSAMENTE: 20251006_115750_danos1_112047413___VICTORIA_MIGUIRA_J_J._NEFTALI_VICTORIA_MUGUIRA_-_POLIZA_ZURICH.pdf
2025-10-06 11:57:50 | Adjunto: J. NEFTALI VICTORIA MUGUIRA - RECIBO ZURICH.pdf
2025-10-06 11:57:50 | ? Verificación PDF: J. NEFTALI VICTORIA MUGUIRA - RECIBO ZURICH.pdf -> EXTENSIÓN VÁLIDA
2025-10-06 11:57:50 | ? PDF ENCONTRADO: J. NEFTALI VICTORIA MUGUIRA - RECIBO ZURICH.pdf
2025-10-06 11:57:50 | Guardando como: 20251006_115750_danos1_112047413___VICTORIA_MIGUIRA_J_J._NEFTALI_VICTORIA_MUGUIRA_-_RECIBO_ZURICH.pdf
2025-10-06 11:57:50 | Ruta completa: C:\laragon\www\analizer_files\data\20251006_115750_danos1_112047413___VICTORIA_MIGUIRA_J_J._NEFTALI_VICTORIA_MUGUIRA_-_RECIBO_ZURICH.pdf
2025-10-06 11:57:50 | ? PDF DESCARGADO EXITOSAMENTE: 20251006_115750_danos1_112047413___VICTORIA_MIGUIRA_J_J._NEFTALI_VICTORIA_MUGUIRA_-_RECIBO_ZURICH.pdf
2025-10-06 11:57:50 | Adjunto: image003.png
2025-10-06 11:57:50 | ? Verificación PDF: image003.png -> NO es PDF
2025-10-06 11:57:50 | Adjunto: image004.png
2025-10-06 11:57:50 | ? Verificación PDF: image004.png -> NO es PDF
2025-10-06 11:57:50 | RESUMEN: 2 PDFs encontrados, 2 descargados
2025-10-06 12:00:15 | ?? NUEVO CORREO DETECTADO - Iniciando procesamiento...
2025-10-06 12:00:15 | === PROCESANDO CORREO ENTRANTE ===
2025-10-06 12:00:15 | Asunto: ALTA DOCENTES / POLIZA 20004407/ ACCIDENTES ESCOLARES / COCUNI, S.C.
2025-10-06 12:00:15 | Remitente: Acevedo Couttolenc / Vianney Espinosa
2025-10-06 12:00:15 | ?? Detectada cuenta EXCHANGE, extrayendo email real...
2025-10-06 12:00:15 | ? Email REAL obtenido de Exchange: gmm1@ACEVEDOCOUTTOLENC.COM
2025-10-06 12:00:15 | Email remitente: gmm1@acevedocouttolenc.com
2025-10-06 12:00:15 | Dominio detectado: acevedocouttolenc.com
2025-10-06 12:00:15 | ?? Comparando dominio: acevedocouttolenc.com vs acevedocouttolenc.com
2025-10-06 12:00:15 | ? DOMINIO COINCIDE
2025-10-06 12:00:15 | ? CORREO ACEPTADO - Dominio coincide
2025-10-06 12:00:15 | Buscando adjuntos. Total: 3
2025-10-06 12:00:15 | Adjunto: image002.png
2025-10-06 12:00:15 | ? Verificación PDF: image002.png -> NO es PDF
2025-10-06 12:00:15 | Adjunto: ENDOSO_2_605_20002665 ALTA 25 DOCENTES SIN COSTO.pdf
2025-10-06 12:00:15 | ? Verificación PDF: ENDOSO_2_605_20002665 ALTA 25 DOCENTES SIN COSTO.pdf -> EXTENSIÓN VÁLIDA
2025-10-06 12:00:15 | ? PDF ENCONTRADO: ENDOSO_2_605_20002665 ALTA 25 DOCENTES SIN COSTO.pdf
2025-10-06 12:00:15 | Guardando como: 20251006_120015_gmm1_ALTA_DOCENTES___POLIZA_2000440_ENDOSO_2_605_20002665_ALTA_25_DOCENTES_SIN_COSTO.pdf
2025-10-06 12:00:15 | Ruta completa: C:\laragon\www\analizer_files\data\20251006_120015_gmm1_ALTA_DOCENTES___POLIZA_2000440_ENDOSO_2_605_20002665_ALTA_25_DOCENTES_SIN_COSTO.pdf
2025-10-06 12:00:15 | ? PDF DESCARGADO EXITOSAMENTE: 20251006_120015_gmm1_ALTA_DOCENTES___POLIZA_2000440_ENDOSO_2_605_20002665_ALTA_25_DOCENTES_SIN_COSTO.pdf
2025-10-06 12:00:15 | Adjunto: image001.png
2025-10-06 12:00:15 | ? Verificación PDF: image001.png -> NO es PDF
2025-10-06 12:00:15 | RESUMEN: 1 PDFs encontrados, 1 descargados
2025-10-06 12:08:09 | ?? NUEVO CORREO DETECTADO - Iniciando procesamiento...
2025-10-06 12:08:09 | === PROCESANDO CORREO ENTRANTE ===
2025-10-06 12:08:09 | Asunto: RENOVACIÓN PÓLIZA DE VIDA INDIVIDUAL 575860549 GARAY ABDALA HECTOR ANTONIO/ 575880117 GARAY ABDALA VERONICA
2025-10-06 12:08:09 | Remitente: Acevedo Couttolenc / Frida Fernanda Villaseñor Tecuatl
2025-10-06 12:08:09 | ?? Detectada cuenta EXCHANGE, extrayendo email real...
2025-10-06 12:08:09 | ? Email REAL obtenido de Exchange: vida2@ACEVEDOCOUTTOLENC.COM
2025-10-06 12:08:09 | Email remitente: vida2@acevedocouttolenc.com
2025-10-06 12:08:09 | Dominio detectado: acevedocouttolenc.com
2025-10-06 12:08:09 | ?? Comparando dominio: acevedocouttolenc.com vs acevedocouttolenc.com
2025-10-06 12:08:09 | ? DOMINIO COINCIDE
2025-10-06 12:08:09 | ? CORREO ACEPTADO - Dominio coincide
2025-10-06 12:08:09 | Buscando adjuntos. Total: 3
2025-10-06 12:08:09 | Adjunto: 06102025 575860549 GARAY ABDALA HECTOR ANTONIO.pdf
2025-10-06 12:08:09 | ? Verificación PDF: 06102025 575860549 GARAY ABDALA HECTOR ANTONIO.pdf -> EXTENSIÓN VÁLIDA
2025-10-06 12:08:09 | ? PDF ENCONTRADO: 06102025 575860549 GARAY ABDALA HECTOR ANTONIO.pdf
2025-10-06 12:08:09 | Guardando como: 20251006_120809_vida2_RENOVACI_N_P_LIZA_DE_VIDA_INDI_06102025_575860549_GARAY_ABDALA_HECTOR_ANTONIO.pdf
2025-10-06 12:08:09 | Ruta completa: C:\laragon\www\analizer_files\data\20251006_120809_vida2_RENOVACI_N_P_LIZA_DE_VIDA_INDI_06102025_575860549_GARAY_ABDALA_HECTOR_ANTONIO.pdf
2025-10-06 12:08:09 | ? PDF DESCARGADO EXITOSAMENTE: 20251006_120809_vida2_RENOVACI_N_P_LIZA_DE_VIDA_INDI_06102025_575860549_GARAY_ABDALA_HECTOR_ANTONIO.pdf
2025-10-06 12:08:09 | Adjunto: 06102025 575880117 GARAY ABDALA VERONICA.pdf
2025-10-06 12:08:09 | ? Verificación PDF: 06102025 575880117 GARAY ABDALA VERONICA.pdf -> EXTENSIÓN VÁLIDA
2025-10-06 12:08:09 | ? PDF ENCONTRADO: 06102025 575880117 GARAY ABDALA VERONICA.pdf
2025-10-06 12:08:09 | Guardando como: 20251006_120809_vida2_RENOVACI_N_P_LIZA_DE_VIDA_INDI_06102025_575880117_GARAY_ABDALA_VERONICA.pdf
2025-10-06 12:08:09 | Ruta completa: C:\laragon\www\analizer_files\data\20251006_120809_vida2_RENOVACI_N_P_LIZA_DE_VIDA_INDI_06102025_575880117_GARAY_ABDALA_VERONICA.pdf
2025-10-06 12:08:09 | ? PDF DESCARGADO EXITOSAMENTE: 20251006_120809_vida2_RENOVACI_N_P_LIZA_DE_VIDA_INDI_06102025_575880117_GARAY_ABDALA_VERONICA.pdf
2025-10-06 12:08:09 | Adjunto: image002.png
2025-10-06 12:08:09 | ? Verificación PDF: image002.png -> NO es PDF
2025-10-06 12:08:09 | RESUMEN: 2 PDFs encontrados, 2 descargados
2025-10-06 12:18:45 | ?? NUEVO CORREO DETECTADO - Iniciando procesamiento...
2025-10-06 12:18:45 | === PROCESANDO CORREO ENTRANTE ===
2025-10-06 12:18:45 | Asunto: RENOVACIÓN PÓLIZA DE VIDA INDIVIDUAL 577487499 GARAY ABDALA SANTIAGO
2025-10-06 12:18:45 | Remitente: Acevedo Couttolenc / Frida Fernanda Villaseñor Tecuatl
2025-10-06 12:18:45 | ?? Detectada cuenta EXCHANGE, extrayendo email real...
2025-10-06 12:18:45 | ? Email REAL obtenido de Exchange: vida2@ACEVEDOCOUTTOLENC.COM
2025-10-06 12:18:45 | Email remitente: vida2@acevedocouttolenc.com
2025-10-06 12:18:45 | Dominio detectado: acevedocouttolenc.com
2025-10-06 12:18:45 | ?? Comparando dominio: acevedocouttolenc.com vs acevedocouttolenc.com
2025-10-06 12:18:45 | ? DOMINIO COINCIDE
2025-10-06 12:18:45 | ? CORREO ACEPTADO - Dominio coincide
2025-10-06 12:18:45 | Buscando adjuntos. Total: 2
2025-10-06 12:18:45 | Adjunto: 19102025 577487499 GARAY ABDALA SANTIAGO.pdf
2025-10-06 12:18:45 | ? Verificación PDF: 19102025 577487499 GARAY ABDALA SANTIAGO.pdf -> EXTENSIÓN VÁLIDA
2025-10-06 12:18:45 | ? PDF ENCONTRADO: 19102025 577487499 GARAY ABDALA SANTIAGO.pdf
2025-10-06 12:18:45 | Guardando como: 20251006_121845_vida2_RENOVACI_N_P_LIZA_DE_VIDA_INDI_19102025_577487499_GARAY_ABDALA_SANTIAGO.pdf
2025-10-06 12:18:45 | Ruta completa: C:\laragon\www\analizer_files\data\20251006_121845_vida2_RENOVACI_N_P_LIZA_DE_VIDA_INDI_19102025_577487499_GARAY_ABDALA_SANTIAGO.pdf
2025-10-06 12:18:46 | ? PDF DESCARGADO EXITOSAMENTE: 20251006_121845_vida2_RENOVACI_N_P_LIZA_DE_VIDA_INDI_19102025_577487499_GARAY_ABDALA_SANTIAGO.pdf
2025-10-06 12:18:46 | Adjunto: image002.png
2025-10-06 12:18:46 | ? Verificación PDF: image002.png -> NO es PDF
2025-10-06 12:18:46 | RESUMEN: 1 PDFs encontrados, 1 descargados
2025-10-06 12:22:18 | ?? NUEVO CORREO DETECTADO - Iniciando procesamiento...
2025-10-06 12:22:18 | === PROCESANDO CORREO ENTRANTE ===
2025-10-06 12:22:18 | Asunto: POL.  NUEVA 691556930  LOTO HERMANOS S.A. DE C.V. / LOZANO TORRES LUIS
2025-10-06 12:22:18 | Remitente: Acevedo Couttolenc / Yesbeck Hutzil
2025-10-06 12:22:18 | ?? Detectada cuenta EXCHANGE, extrayendo email real...
2025-10-06 12:22:18 | ? Email REAL obtenido de Exchange: gmm@ACEVEDOCOUTTOLENC.COM
2025-10-06 12:22:18 | Email remitente: gmm@acevedocouttolenc.com
2025-10-06 12:22:18 | Dominio detectado: acevedocouttolenc.com
2025-10-06 12:22:18 | ?? Comparando dominio: acevedocouttolenc.com vs acevedocouttolenc.com
2025-10-06 12:22:18 | ? DOMINIO COINCIDE
2025-10-06 12:22:18 | ? CORREO ACEPTADO - Dominio coincide
2025-10-06 12:22:18 | Buscando adjuntos. Total: 4
2025-10-06 12:22:18 | Adjunto: 691556930 LOZANO TORRES LUIS   LOTO cda RECIBO.pdf
2025-10-06 12:22:18 | ? Verificación PDF: 691556930 LOZANO TORRES LUIS   LOTO cda RECIBO.pdf -> EXTENSIÓN VÁLIDA
2025-10-06 12:22:18 | ? PDF ENCONTRADO: 691556930 LOZANO TORRES LUIS   LOTO cda RECIBO.pdf
2025-10-06 12:22:18 | Guardando como: 20251006_122218_gmm_POL.__NUEVA_691556930__LOTO_HE_691556930_LOZANO_TORRES_LUIS___LOTO_cda_RECIBO.pdf
2025-10-06 12:22:18 | Ruta completa: C:\laragon\www\analizer_files\data\20251006_122218_gmm_POL.__NUEVA_691556930__LOTO_HE_691556930_LOZANO_TORRES_LUIS___LOTO_cda_RECIBO.pdf
2025-10-06 12:22:18 | ? PDF DESCARGADO EXITOSAMENTE: 20251006_122218_gmm_POL.__NUEVA_691556930__LOTO_HE_691556930_LOZANO_TORRES_LUIS___LOTO_cda_RECIBO.pdf
2025-10-06 12:22:18 | Adjunto: 691556930 LOZANO TORRES LUIS   LOTO cda.pdf
2025-10-06 12:22:18 | ? Verificación PDF: 691556930 LOZANO TORRES LUIS   LOTO cda.pdf -> EXTENSIÓN VÁLIDA
2025-10-06 12:22:18 | ? PDF ENCONTRADO: 691556930 LOZANO TORRES LUIS   LOTO cda.pdf
2025-10-06 12:22:18 | Guardando como: 20251006_122218_gmm_POL.__NUEVA_691556930__LOTO_HE_691556930_LOZANO_TORRES_LUIS___LOTO_cda.pdf
2025-10-06 12:22:18 | Ruta completa: C:\laragon\www\analizer_files\data\20251006_122218_gmm_POL.__NUEVA_691556930__LOTO_HE_691556930_LOZANO_TORRES_LUIS___LOTO_cda.pdf
2025-10-06 12:22:18 | ? PDF DESCARGADO EXITOSAMENTE: 20251006_122218_gmm_POL.__NUEVA_691556930__LOTO_HE_691556930_LOZANO_TORRES_LUIS___LOTO_cda.pdf
2025-10-06 12:22:18 | Adjunto: PREMIUM-PLATINO-FLEXIBLES.zip
2025-10-06 12:22:18 | ? Verificación PDF: PREMIUM-PLATINO-FLEXIBLES.zip -> NO es PDF
2025-10-06 12:22:18 | Adjunto: image001.png
2025-10-06 12:22:18 | ? Verificación PDF: image001.png -> NO es PDF
2025-10-06 12:22:18 | RESUMEN: 2 PDFs encontrados, 2 descargados
2025-10-06 12:34:50 | ?? CORREO SALIENTE DETECTADO - Asunto: produccion_final
2025-10-06 12:34:50 | ?? Buscando archivo Excel en correo produccion_final...
2025-10-06 12:34:50 | Total adjuntos: 2
2025-10-06 12:34:50 | Adjunto: prod.xlsx
2025-10-06 12:34:50 | ? Verificación Excel: prod.xlsx -> EXTENSIÓN VÁLIDA
2025-10-06 12:34:50 | ? EXCEL ENCONTRADO: prod.xlsx
2025-10-06 12:34:50 | ?? Guardando Excel como: produccion_final_20251006_123450.xlsx
2025-10-06 12:34:50 | ?? Ruta: C:\laragon\www\analizer_files\data\produccion_final\produccion_final_20251006_123450.xlsx
2025-10-06 12:34:50 | ? EXCEL DESCARGADO EXITOSAMENTE: produccion_final_20251006_123450.xlsx
2025-10-06 12:34:58 | ?? NUEVO CORREO DETECTADO - Iniciando procesamiento...
2025-10-06 12:34:58 | === PROCESANDO CORREO ENTRANTE ===
2025-10-06 12:34:58 | Asunto: produccion_final
2025-10-06 12:34:58 | Remitente: Acevedo Couttolenc / Ricardo Gaspariano Galán
2025-10-06 12:34:58 | ?? Detectada cuenta EXCHANGE, extrayendo email real...
2025-10-06 12:34:58 | ? Email REAL obtenido de Exchange: programador@ACEVEDOCOUTTOLENC.COM
2025-10-06 12:34:58 | Email remitente: programador@acevedocouttolenc.com
2025-10-06 12:34:58 | Dominio detectado: acevedocouttolenc.com
2025-10-06 12:34:58 | ?? Comparando dominio: acevedocouttolenc.com vs acevedocouttolenc.com
2025-10-06 12:34:58 | ? DOMINIO COINCIDE
2025-10-06 12:34:58 | ? CORREO ACEPTADO - Dominio coincide
2025-10-06 12:34:58 | Buscando adjuntos. Total: 2
2025-10-06 12:34:58 | Adjunto: image001.jpg
2025-10-06 12:34:58 | ? Verificación PDF: image001.jpg -> NO es PDF
2025-10-06 12:34:58 | Adjunto: prod.xlsx
2025-10-06 12:34:58 | ? Verificación PDF: prod.xlsx -> NO es PDF
2025-10-06 12:34:58 | RESUMEN: 0 PDFs encontrados, 0 descargados
2025-10-06 12:44:31 | ?? NUEVO CORREO DETECTADO - Iniciando procesamiento...
2025-10-06 12:44:31 | === PROCESANDO CORREO ENTRANTE ===
2025-10-06 12:44:31 | Asunto: RENOVACIÓN PÓLIZA DE VIDA INDIVIDUAL 578583940 ARENA HERRERO JOSE MIGUEL
2025-10-06 12:44:31 | Remitente: Acevedo Couttolenc / Frida Fernanda Villaseñor Tecuatl
2025-10-06 12:44:31 | ?? Detectada cuenta EXCHANGE, extrayendo email real...
2025-10-06 12:44:31 | ? Email REAL obtenido de Exchange: vida2@ACEVEDOCOUTTOLENC.COM
2025-10-06 12:44:31 | Email remitente: vida2@acevedocouttolenc.com
2025-10-06 12:44:31 | Dominio detectado: acevedocouttolenc.com
2025-10-06 12:44:31 | ?? Comparando dominio: acevedocouttolenc.com vs acevedocouttolenc.com
2025-10-06 12:44:31 | ? DOMINIO COINCIDE
2025-10-06 12:44:31 | ? CORREO ACEPTADO - Dominio coincide
2025-10-06 12:44:31 | Buscando adjuntos. Total: 3
2025-10-06 12:44:31 | Adjunto: 26102025 578583940 ARENA HERRERO JOSE MIGUEL.pdf
2025-10-06 12:44:31 | ? Verificación PDF: 26102025 578583940 ARENA HERRERO JOSE MIGUEL.pdf -> EXTENSIÓN VÁLIDA
2025-10-06 12:44:31 | ? PDF ENCONTRADO: 26102025 578583940 ARENA HERRERO JOSE MIGUEL.pdf
2025-10-06 12:44:31 | Guardando como: 20251006_124431_vida2_RENOVACI_N_P_LIZA_DE_VIDA_INDI_26102025_578583940_ARENA_HERRERO_JOSE_MIGUEL.pdf
2025-10-06 12:44:31 | Ruta completa: C:\laragon\www\analizer_files\data\20251006_124431_vida2_RENOVACI_N_P_LIZA_DE_VIDA_INDI_26102025_578583940_ARENA_HERRERO_JOSE_MIGUEL.pdf
2025-10-06 12:44:31 | ? PDF DESCARGADO EXITOSAMENTE: 20251006_124431_vida2_RENOVACI_N_P_LIZA_DE_VIDA_INDI_26102025_578583940_ARENA_HERRERO_JOSE_MIGUEL.pdf
2025-10-06 12:44:31 | Adjunto: image002.png
2025-10-06 12:44:31 | ? Verificación PDF: image002.png -> NO es PDF
2025-10-06 12:44:31 | Adjunto: 26102025 POLIZA 578583940 ARENA HERRERO JOSE MIGUEL.pdf
2025-10-06 12:44:31 | ? Verificación PDF: 26102025 POLIZA 578583940 ARENA HERRERO JOSE MIGUEL.pdf -> EXTENSIÓN VÁLIDA
2025-10-06 12:44:31 | ? PDF ENCONTRADO: 26102025 POLIZA 578583940 ARENA HERRERO JOSE MIGUEL.pdf
2025-10-06 12:44:31 | Guardando como: 20251006_124431_vida2_RENOVACI_N_P_LIZA_DE_VIDA_INDI_26102025_POLIZA_578583940_ARENA_HERRERO_JOSE_MIGUEL.pdf
2025-10-06 12:44:31 | Ruta completa: C:\laragon\www\analizer_files\data\20251006_124431_vida2_RENOVACI_N_P_LIZA_DE_VIDA_INDI_26102025_POLIZA_578583940_ARENA_HERRERO_JOSE_MIGUEL.pdf
2025-10-06 12:44:31 | ? PDF DESCARGADO EXITOSAMENTE: 20251006_124431_vida2_RENOVACI_N_P_LIZA_DE_VIDA_INDI_26102025_POLIZA_578583940_ARENA_HERRERO_JOSE_MIGUEL.pdf
2025-10-06 12:44:31 | RESUMEN: 2 PDFs encontrados, 2 descargados
2025-10-06 12:52:41 | ?? NUEVO CORREO DETECTADO - Iniciando procesamiento...
2025-10-06 12:52:41 | === PROCESANDO CORREO ENTRANTE ===
2025-10-06 12:52:41 | Asunto: 0637-07000586-01 / LAYON YITANI ALEJANDRO  / EMISIÓN HOGAR
2025-10-06 12:52:41 | Remitente: Acevedo Couttolenc / Evelyn Alvarez
2025-10-06 12:52:41 | ?? Detectada cuenta EXCHANGE, extrayendo email real...
2025-10-06 12:52:41 | ? Email REAL obtenido de Exchange: danos1@ACEVEDOCOUTTOLENC.COM
2025-10-06 12:52:41 | Email remitente: danos1@acevedocouttolenc.com
2025-10-06 12:52:41 | Dominio detectado: acevedocouttolenc.com
2025-10-06 12:52:41 | ?? Comparando dominio: acevedocouttolenc.com vs acevedocouttolenc.com
2025-10-06 12:52:41 | ? DOMINIO COINCIDE
2025-10-06 12:52:41 | ? CORREO ACEPTADO - Dominio coincide
2025-10-06 12:52:41 | Buscando adjuntos. Total: 6
2025-10-06 12:52:41 | Adjunto: LAYON YITANI ALEJANDRO - INMUBLE.zip
2025-10-06 12:52:41 | ? Verificación PDF: LAYON YITANI ALEJANDRO - INMUBLE.zip -> NO es PDF
2025-10-06 12:52:41 | Adjunto: CARATULA.pdf
2025-10-06 12:52:41 | ? Verificación PDF: CARATULA.pdf -> EXTENSIÓN VÁLIDA
2025-10-06 12:52:41 | ? PDF ENCONTRADO: CARATULA.pdf
2025-10-06 12:52:41 | Guardando como: 20251006_125241_danos1_0637-07000586-01___LAYON_YITAN_CARATULA.pdf
2025-10-06 12:52:41 | Ruta completa: C:\laragon\www\analizer_files\data\20251006_125241_danos1_0637-07000586-01___LAYON_YITAN_CARATULA.pdf
2025-10-06 12:52:41 | ? PDF DESCARGADO EXITOSAMENTE: 20251006_125241_danos1_0637-07000586-01___LAYON_YITAN_CARATULA.pdf
2025-10-06 12:52:41 | Adjunto: ESPECIFICACIONES.pdf
2025-10-06 12:52:41 | ? Verificación PDF: ESPECIFICACIONES.pdf -> EXTENSIÓN VÁLIDA
2025-10-06 12:52:41 | ? PDF ENCONTRADO: ESPECIFICACIONES.pdf
2025-10-06 12:52:41 | Guardando como: 20251006_125241_danos1_0637-07000586-01___LAYON_YITAN_ESPECIFICACIONES.pdf
2025-10-06 12:52:41 | Ruta completa: C:\laragon\www\analizer_files\data\20251006_125241_danos1_0637-07000586-01___LAYON_YITAN_ESPECIFICACIONES.pdf
2025-10-06 12:52:41 | ? PDF DESCARGADO EXITOSAMENTE: 20251006_125241_danos1_0637-07000586-01___LAYON_YITAN_ESPECIFICACIONES.pdf
2025-10-06 12:52:41 | Adjunto: image003.png
2025-10-06 12:52:41 | ? Verificación PDF: image003.png -> NO es PDF
2025-10-06 12:52:41 | Adjunto: RECIBO.pdf
2025-10-06 12:52:41 | ? Verificación PDF: RECIBO.pdf -> EXTENSIÓN VÁLIDA
2025-10-06 12:52:41 | ? PDF ENCONTRADO: RECIBO.pdf
2025-10-06 12:52:41 | Guardando como: 20251006_125241_danos1_0637-07000586-01___LAYON_YITAN_RECIBO.pdf
2025-10-06 12:52:41 | Ruta completa: C:\laragon\www\analizer_files\data\20251006_125241_danos1_0637-07000586-01___LAYON_YITAN_RECIBO.pdf
2025-10-06 12:52:42 | ? PDF DESCARGADO EXITOSAMENTE: 20251006_125241_danos1_0637-07000586-01___LAYON_YITAN_RECIBO.pdf
2025-10-06 12:52:42 | Adjunto: image002.png
2025-10-06 12:52:42 | ? Verificación PDF: image002.png -> NO es PDF
2025-10-06 12:52:42 | RESUMEN: 3 PDFs encontrados, 3 descargados
2025-10-06 12:57:18 | ?? NUEVO CORREO DETECTADO - Iniciando procesamiento...
2025-10-06 12:57:18 | === PROCESANDO CORREO ENTRANTE ===
2025-10-06 12:57:18 | Asunto: RENOVACIÓN PÓLIZA DE VIDA INDIVIDUAL 580256949 LOZANO RUIZ CLAUDIA ALEJANDRA
2025-10-06 12:57:18 | Remitente: Acevedo Couttolenc / Frida Fernanda Villaseñor Tecuatl
2025-10-06 12:57:18 | ?? Detectada cuenta EXCHANGE, extrayendo email real...
2025-10-06 12:57:18 | ? Email REAL obtenido de Exchange: vida2@ACEVEDOCOUTTOLENC.COM
2025-10-06 12:57:18 | Email remitente: vida2@acevedocouttolenc.com
2025-10-06 12:57:18 | Dominio detectado: acevedocouttolenc.com
2025-10-06 12:57:18 | ?? Comparando dominio: acevedocouttolenc.com vs acevedocouttolenc.com
2025-10-06 12:57:18 | ? DOMINIO COINCIDE
2025-10-06 12:57:18 | ? CORREO ACEPTADO - Dominio coincide
2025-10-06 12:57:18 | Buscando adjuntos. Total: 3
2025-10-06 12:57:18 | Adjunto: 20102025 8371806 LOZANO RUIZ CLAUDIA ALEJANDRA.pdf
2025-10-06 12:57:18 | ? Verificación PDF: 20102025 8371806 LOZANO RUIZ CLAUDIA ALEJANDRA.pdf -> EXTENSIÓN VÁLIDA
2025-10-06 12:57:18 | ? PDF ENCONTRADO: 20102025 8371806 LOZANO RUIZ CLAUDIA ALEJANDRA.pdf
2025-10-06 12:57:18 | Guardando como: 20251006_125718_vida2_RENOVACI_N_P_LIZA_DE_VIDA_INDI_20102025_8371806_LOZANO_RUIZ_CLAUDIA_ALEJANDRA.pdf
2025-10-06 12:57:18 | Ruta completa: C:\laragon\www\analizer_files\data\20251006_125718_vida2_RENOVACI_N_P_LIZA_DE_VIDA_INDI_20102025_8371806_LOZANO_RUIZ_CLAUDIA_ALEJANDRA.pdf
2025-10-06 12:57:18 | ? PDF DESCARGADO EXITOSAMENTE: 20251006_125718_vida2_RENOVACI_N_P_LIZA_DE_VIDA_INDI_20102025_8371806_LOZANO_RUIZ_CLAUDIA_ALEJANDRA.pdf
2025-10-06 12:57:18 | Adjunto: 20102025 POLIZA 8371806 LOZANO RUIZ CLAUDIA ALEJANDRA.pdf
2025-10-06 12:57:18 | ? Verificación PDF: 20102025 POLIZA 8371806 LOZANO RUIZ CLAUDIA ALEJANDRA.pdf -> EXTENSIÓN VÁLIDA
2025-10-06 12:57:18 | ? PDF ENCONTRADO: 20102025 POLIZA 8371806 LOZANO RUIZ CLAUDIA ALEJANDRA.pdf
2025-10-06 12:57:18 | Guardando como: 20251006_125718_vida2_RENOVACI_N_P_LIZA_DE_VIDA_INDI_20102025_POLIZA_8371806_LOZANO_RUIZ_CLAUDIA_ALEJANDRA.pdf
2025-10-06 12:57:18 | Ruta completa: C:\laragon\www\analizer_files\data\20251006_125718_vida2_RENOVACI_N_P_LIZA_DE_VIDA_INDI_20102025_POLIZA_8371806_LOZANO_RUIZ_CLAUDIA_ALEJANDRA.pdf
2025-10-06 12:57:18 | ? PDF DESCARGADO EXITOSAMENTE: 20251006_125718_vida2_RENOVACI_N_P_LIZA_DE_VIDA_INDI_20102025_POLIZA_8371806_LOZANO_RUIZ_CLAUDIA_ALEJANDRA.pdf
2025-10-06 12:57:18 | Adjunto: image003.png
2025-10-06 12:57:18 | ? Verificación PDF: image003.png -> NO es PDF
2025-10-06 12:57:18 | RESUMEN: 2 PDFs encontrados, 2 descargados
2025-10-06 13:17:44 | ?? NUEVO CORREO DETECTADO - Iniciando procesamiento...
2025-10-06 13:17:44 | === PROCESANDO CORREO ENTRANTE ===
2025-10-06 13:17:44 | Asunto: DEVOLUCION DE EXPEDIENTES
2025-10-06 13:17:44 | Remitente: Acevedo Couttolenc / Frida Fernanda Villaseñor Tecuatl
2025-10-06 13:17:44 | ?? Detectada cuenta EXCHANGE, extrayendo email real...
2025-10-06 13:17:44 | ? Email REAL obtenido de Exchange: vida2@ACEVEDOCOUTTOLENC.COM
2025-10-06 13:17:44 | Email remitente: vida2@acevedocouttolenc.com
2025-10-06 13:17:44 | Dominio detectado: acevedocouttolenc.com
2025-10-06 13:17:44 | ?? Comparando dominio: acevedocouttolenc.com vs acevedocouttolenc.com
2025-10-06 13:17:44 | ? DOMINIO COINCIDE
2025-10-06 13:17:44 | ? CORREO ACEPTADO - Dominio coincide
2025-10-06 13:17:44 | Buscando adjuntos. Total: 1
2025-10-06 13:17:44 | Adjunto: image001.png
2025-10-06 13:17:44 | ? Verificación PDF: image001.png -> NO es PDF
2025-10-06 13:17:44 | RESUMEN: 0 PDFs encontrados, 0 descargados
2025-10-06 14:02:50 | ?? NUEVO CORREO DETECTADO - Iniciando procesamiento...
2025-10-06 14:02:50 | === PROCESANDO CORREO ENTRANTE ===
2025-10-06 14:02:50 | Asunto: 83282 // FRANCISCO GIBRAN RIVERA TAJA // CHEVROLET ONIX PREMIER MOD 2023
2025-10-06 14:02:50 | Remitente: Acevedo Couttolenc / Diana Carrillo
2025-10-06 14:02:50 | ?? Detectada cuenta EXCHANGE, extrayendo email real...
2025-10-06 14:02:50 | ? Email REAL obtenido de Exchange: autos1@ACEVEDOCOUTTOLENC.COM
2025-10-06 14:02:50 | Email remitente: autos1@acevedocouttolenc.com
2025-10-06 14:02:50 | Dominio detectado: acevedocouttolenc.com
2025-10-06 14:02:50 | ?? Comparando dominio: acevedocouttolenc.com vs acevedocouttolenc.com
2025-10-06 14:02:50 | ? DOMINIO COINCIDE
2025-10-06 14:02:50 | ? CORREO ACEPTADO - Dominio coincide
2025-10-06 14:02:50 | Buscando adjuntos. Total: 7
2025-10-06 14:02:50 | Adjunto: image003.png
2025-10-06 14:02:50 | ? Verificación PDF: image003.png -> NO es PDF
2025-10-06 14:02:50 | Adjunto: REPORTE SURA.pdf
2025-10-06 14:02:50 | ? Verificación PDF: REPORTE SURA.pdf -> EXTENSIÓN VÁLIDA
2025-10-06 14:02:50 | ? PDF ENCONTRADO: REPORTE SURA.pdf
2025-10-06 14:02:50 | Guardando como: 20251006_140250_autos1_83282___FRANCISCO_GIBRAN_RIVER_REPORTE_SURA.pdf
2025-10-06 14:02:50 | Ruta completa: C:\laragon\www\analizer_files\data\20251006_140250_autos1_83282___FRANCISCO_GIBRAN_RIVER_REPORTE_SURA.pdf
2025-10-06 14:02:50 | ? PDF DESCARGADO EXITOSAMENTE: 20251006_140250_autos1_83282___FRANCISCO_GIBRAN_RIVER_REPORTE_SURA.pdf
2025-10-06 14:02:50 | Adjunto: 83282 (1).pdf
2025-10-06 14:02:50 | ? Verificación PDF: 83282 (1).pdf -> EXTENSIÓN VÁLIDA
2025-10-06 14:02:50 | ? PDF ENCONTRADO: 83282 (1).pdf
2025-10-06 14:02:50 | Guardando como: 20251006_140250_autos1_83282___FRANCISCO_GIBRAN_RIVER_83282__1.pdf
2025-10-06 14:02:50 | Ruta completa: C:\laragon\www\analizer_files\data\20251006_140250_autos1_83282___FRANCISCO_GIBRAN_RIVER_83282__1.pdf
2025-10-06 14:02:50 | ? PDF DESCARGADO EXITOSAMENTE: 20251006_140250_autos1_83282___FRANCISCO_GIBRAN_RIVER_83282__1.pdf
2025-10-06 14:02:50 | Adjunto: 83282 (2).pdf
2025-10-06 14:02:50 | ? Verificación PDF: 83282 (2).pdf -> EXTENSIÓN VÁLIDA
2025-10-06 14:02:50 | ? PDF ENCONTRADO: 83282 (2).pdf
2025-10-06 14:02:50 | Guardando como: 20251006_140250_autos1_83282___FRANCISCO_GIBRAN_RIVER_83282__2.pdf
2025-10-06 14:02:50 | Ruta completa: C:\laragon\www\analizer_files\data\20251006_140250_autos1_83282___FRANCISCO_GIBRAN_RIVER_83282__2.pdf
2025-10-06 14:02:50 | ? PDF DESCARGADO EXITOSAMENTE: 20251006_140250_autos1_83282___FRANCISCO_GIBRAN_RIVER_83282__2.pdf
2025-10-06 14:02:50 | Adjunto: ENDOSO ROBO PARCIAL SURA.pdf
2025-10-06 14:02:50 | ? Verificación PDF: ENDOSO ROBO PARCIAL SURA.pdf -> EXTENSIÓN VÁLIDA
2025-10-06 14:02:50 | ? PDF ENCONTRADO: ENDOSO ROBO PARCIAL SURA.pdf
2025-10-06 14:02:50 | Guardando como: 20251006_140250_autos1_83282___FRANCISCO_GIBRAN_RIVER_ENDOSO_ROBO_PARCIAL_SURA.pdf
2025-10-06 14:02:50 | Ruta completa: C:\laragon\www\analizer_files\data\20251006_140250_autos1_83282___FRANCISCO_GIBRAN_RIVER_ENDOSO_ROBO_PARCIAL_SURA.pdf
2025-10-06 14:02:50 | ? PDF DESCARGADO EXITOSAMENTE: 20251006_140250_autos1_83282___FRANCISCO_GIBRAN_RIVER_ENDOSO_ROBO_PARCIAL_SURA.pdf
2025-10-06 14:02:50 | Adjunto: COND GENERALES AUTO.zip
2025-10-06 14:02:50 | ? Verificación PDF: COND GENERALES AUTO.zip -> NO es PDF
2025-10-06 14:02:50 | Adjunto: image002.png
2025-10-06 14:02:50 | ? Verificación PDF: image002.png -> NO es PDF
2025-10-06 14:02:50 | RESUMEN: 4 PDFs encontrados, 4 descargados
2025-10-06 14:18:09 | ?? NUEVO CORREO DETECTADO - Iniciando procesamiento...
2025-10-06 14:18:09 | === PROCESANDO CORREO ENTRANTE ===
2025-10-06 14:18:09 | Asunto: POL.  NUEVA 1011455 GARCIA RUIZ RHONA MARGARITA
2025-10-06 14:18:09 | Remitente: Acevedo Couttolenc / Yesbeck Hutzil
2025-10-06 14:18:09 | ?? Detectada cuenta EXCHANGE, extrayendo email real...
2025-10-06 14:18:09 | ? Email REAL obtenido de Exchange: gmm@ACEVEDOCOUTTOLENC.COM
2025-10-06 14:18:09 | Email remitente: gmm@acevedocouttolenc.com
2025-10-06 14:18:09 | Dominio detectado: acevedocouttolenc.com
2025-10-06 14:18:09 | ?? Comparando dominio: acevedocouttolenc.com vs acevedocouttolenc.com
2025-10-06 14:18:09 | ? DOMINIO COINCIDE
2025-10-06 14:18:09 | ? CORREO ACEPTADO - Dominio coincide
2025-10-06 14:18:09 | Buscando adjuntos. Total: 4
2025-10-06 14:18:09 | Adjunto: image001.png
2025-10-06 14:18:09 | ? Verificación PDF: image001.png -> NO es PDF
2025-10-06 14:18:09 | Adjunto: BUPA NACIONAL PLUS 2025.zip
2025-10-06 14:18:09 | ? Verificación PDF: BUPA NACIONAL PLUS 2025.zip -> NO es PDF
2025-10-06 14:18:09 | Adjunto: 1011455 GARCIA RUIZ RHONA MARGARITA.pdf
2025-10-06 14:18:10 | ? Verificación PDF: 1011455 GARCIA RUIZ RHONA MARGARITA.pdf -> EXTENSIÓN VÁLIDA
2025-10-06 14:18:10 | ? PDF ENCONTRADO: 1011455 GARCIA RUIZ RHONA MARGARITA.pdf
2025-10-06 14:18:10 | Guardando como: 20251006_141810_gmm_POL.__NUEVA_1011455_GARCIA_RUI_1011455_GARCIA_RUIZ_RHONA_MARGARITA.pdf
2025-10-06 14:18:10 | Ruta completa: C:\laragon\www\analizer_files\data\20251006_141810_gmm_POL.__NUEVA_1011455_GARCIA_RUI_1011455_GARCIA_RUIZ_RHONA_MARGARITA.pdf
2025-10-06 14:18:10 | ? PDF DESCARGADO EXITOSAMENTE: 20251006_141810_gmm_POL.__NUEVA_1011455_GARCIA_RUI_1011455_GARCIA_RUIZ_RHONA_MARGARITA.pdf
2025-10-06 14:18:10 | Adjunto: 1011455 GARCIA RUIZ RHONA MARGARITA RECIBO.pdf
2025-10-06 14:18:10 | ? Verificación PDF: 1011455 GARCIA RUIZ RHONA MARGARITA RECIBO.pdf -> EXTENSIÓN VÁLIDA
2025-10-06 14:18:10 | ? PDF ENCONTRADO: 1011455 GARCIA RUIZ RHONA MARGARITA RECIBO.pdf
2025-10-06 14:18:10 | Guardando como: 20251006_141810_gmm_POL.__NUEVA_1011455_GARCIA_RUI_1011455_GARCIA_RUIZ_RHONA_MARGARITA_RECIBO.pdf
2025-10-06 14:18:10 | Ruta completa: C:\laragon\www\analizer_files\data\20251006_141810_gmm_POL.__NUEVA_1011455_GARCIA_RUI_1011455_GARCIA_RUIZ_RHONA_MARGARITA_RECIBO.pdf
2025-10-06 14:18:10 | ? PDF DESCARGADO EXITOSAMENTE: 20251006_141810_gmm_POL.__NUEVA_1011455_GARCIA_RUI_1011455_GARCIA_RUIZ_RHONA_MARGARITA_RECIBO.pdf
2025-10-06 14:18:10 | RESUMEN: 2 PDFs encontrados, 2 descargados
2025-10-06 14:22:53 | ?? NUEVO CORREO DETECTADO - Iniciando procesamiento...
2025-10-06 14:22:53 | === PROCESANDO CORREO ENTRANTE ===
2025-10-06 14:22:53 | Asunto: 3026-0  /  ROYAL TOYS  / PÓLIZA ESPECIFICA
2025-10-06 14:22:53 | Remitente: Acevedo Couttolenc / Evelyn Alvarez
2025-10-06 14:22:53 | ?? Detectada cuenta EXCHANGE, extrayendo email real...
2025-10-06 14:22:53 | ? Email REAL obtenido de Exchange: danos1@ACEVEDOCOUTTOLENC.COM
2025-10-06 14:22:53 | Email remitente: danos1@acevedocouttolenc.com
2025-10-06 14:22:53 | Dominio detectado: acevedocouttolenc.com
2025-10-06 14:22:53 | ?? Comparando dominio: acevedocouttolenc.com vs acevedocouttolenc.com
2025-10-06 14:22:53 | ? DOMINIO COINCIDE
2025-10-06 14:22:53 | ? CORREO ACEPTADO - Dominio coincide
2025-10-06 14:22:53 | Buscando adjuntos. Total: 6
2025-10-06 14:22:53 | Adjunto: ROYAL TOYS.zip
2025-10-06 14:22:53 | ? Verificación PDF: ROYAL TOYS.zip -> NO es PDF
2025-10-06 14:22:53 | Adjunto: PÓLIZA.pdf
2025-10-06 14:22:53 | ? Verificación PDF: PÓLIZA.pdf -> EXTENSIÓN VÁLIDA
2025-10-06 14:22:53 | ? PDF ENCONTRADO: PÓLIZA.pdf
2025-10-06 14:22:53 | Guardando como: 20251006_142253_danos1_3026-0_____ROYAL_TOYS____P_LIZ_P_LIZA.pdf
2025-10-06 14:22:53 | Ruta completa: C:\laragon\www\analizer_files\data\20251006_142253_danos1_3026-0_____ROYAL_TOYS____P_LIZ_P_LIZA.pdf
2025-10-06 14:22:53 | ? PDF DESCARGADO EXITOSAMENTE: 20251006_142253_danos1_3026-0_____ROYAL_TOYS____P_LIZ_P_LIZA.pdf
2025-10-06 14:22:53 | Adjunto: RECIBO -.pdf
2025-10-06 14:22:53 | ? Verificación PDF: RECIBO -.pdf -> EXTENSIÓN VÁLIDA
2025-10-06 14:22:53 | ? PDF ENCONTRADO: RECIBO -.pdf
2025-10-06 14:22:53 | Guardando como: 20251006_142253_danos1_3026-0_____ROYAL_TOYS____P_LIZ_RECIBO_-.pdf
2025-10-06 14:22:53 | Ruta completa: C:\laragon\www\analizer_files\data\20251006_142253_danos1_3026-0_____ROYAL_TOYS____P_LIZ_RECIBO_-.pdf
2025-10-06 14:22:53 | ? PDF DESCARGADO EXITOSAMENTE: 20251006_142253_danos1_3026-0_____ROYAL_TOYS____P_LIZ_RECIBO_-.pdf
2025-10-06 14:22:53 | Adjunto: image002.png
2025-10-06 14:22:53 | ? Verificación PDF: image002.png -> NO es PDF
2025-10-06 14:22:53 | Adjunto: image003.png
2025-10-06 14:22:53 | ? Verificación PDF: image003.png -> NO es PDF
2025-10-06 14:22:53 | Adjunto: image004.png
2025-10-06 14:22:53 | ? Verificación PDF: image004.png -> NO es PDF
2025-10-06 14:22:53 | RESUMEN: 2 PDFs encontrados, 2 descargados
2025-10-06 14:31:36 | ?? NUEVO CORREO DETECTADO - Iniciando procesamiento...
2025-10-06 14:31:36 | === PROCESANDO CORREO ENTRANTE ===
2025-10-06 14:31:36 | Asunto: Cotización de licencias adicionales SICAS Online.
2025-10-06 14:31:36 | Remitente: Oscar Farid López López
2025-10-06 14:31:36 | ? Email obtenido por SenderEmailAddress: atnclientes3@sicas.com.mx
2025-10-06 14:31:36 | Email remitente: atnclientes3@sicas.com.mx
2025-10-06 14:31:36 | Dominio detectado: sicas.com.mx
2025-10-06 14:31:36 | ?? Comparando dominio: sicas.com.mx vs acevedocouttolenc.com
2025-10-06 14:31:36 | ? DOMINIO NO COINCIDE
2025-10-06 14:31:36 | ? CORREO RECHAZADO - Dominio NO coincide. Esperado: acevedocouttolenc.com
2025-10-06 14:32:56 | ?? NUEVO CORREO DETECTADO - Iniciando procesamiento...
2025-10-06 14:32:56 | === PROCESANDO CORREO ENTRANTE ===
2025-10-06 14:32:56 | Asunto: Ticket de servicio No. TICKET-010147/2025
2025-10-06 14:32:56 | Remitente: Información de tickets
2025-10-06 14:32:56 | ? Email obtenido por SenderEmailAddress: informaciondetickets@sicas.com.mx
2025-10-06 14:32:56 | Email remitente: informaciondetickets@sicas.com.mx
2025-10-06 14:32:56 | Dominio detectado: sicas.com.mx
2025-10-06 14:32:56 | ?? Comparando dominio: sicas.com.mx vs acevedocouttolenc.com
2025-10-06 14:32:56 | ? DOMINIO NO COINCIDE
2025-10-06 14:32:56 | ? CORREO RECHAZADO - Dominio NO coincide. Esperado: acevedocouttolenc.com
2025-10-06 14:39:18 | ?? NUEVO CORREO DETECTADO - Iniciando procesamiento...
2025-10-06 14:39:18 | === PROCESANDO CORREO ENTRANTE ===
2025-10-06 14:39:18 | Asunto: POLIZAS 100080441 INMOBILIARIA ASTERION - 100077876   SALVADOR GARCÍA MANJARREZ
2025-10-06 14:39:18 | Remitente: Acevedo Couttolenc / Abraham Pelcastre
2025-10-06 14:39:19 | ?? Detectada cuenta EXCHANGE, extrayendo email real...
2025-10-06 14:39:19 | ? Email REAL obtenido de Exchange: autos2@ACEVEDOCOUTTOLENC.COM
2025-10-06 14:39:19 | Email remitente: autos2@acevedocouttolenc.com
2025-10-06 14:39:19 | Dominio detectado: acevedocouttolenc.com
2025-10-06 14:39:19 | ?? Comparando dominio: acevedocouttolenc.com vs acevedocouttolenc.com
2025-10-06 14:39:19 | ? DOMINIO COINCIDE
2025-10-06 14:39:19 | ? CORREO ACEPTADO - Dominio coincide
2025-10-06 14:39:19 | Buscando adjuntos. Total: 10
2025-10-06 14:39:19 | Adjunto: RECIBO 100077876 RENAULT DUSTER ZEN.pdf
2025-10-06 14:39:19 | ? Verificación PDF: RECIBO 100077876 RENAULT DUSTER ZEN.pdf -> EXTENSIÓN VÁLIDA
2025-10-06 14:39:19 | ? PDF ENCONTRADO: RECIBO 100077876 RENAULT DUSTER ZEN.pdf
2025-10-06 14:39:19 | Guardando como: 20251006_143919_autos2_POLIZAS_100080441_INMOBILIARIA_RECIBO_100077876_RENAULT_DUSTER_ZEN.pdf
2025-10-06 14:39:19 | Ruta completa: C:\laragon\www\analizer_files\data\20251006_143919_autos2_POLIZAS_100080441_INMOBILIARIA_RECIBO_100077876_RENAULT_DUSTER_ZEN.pdf
2025-10-06 14:39:19 | ? PDF DESCARGADO EXITOSAMENTE: 20251006_143919_autos2_POLIZAS_100080441_INMOBILIARIA_RECIBO_100077876_RENAULT_DUSTER_ZEN.pdf
2025-10-06 14:39:19 | Adjunto: POLIZA 100080441 CHEVROLET SUBURBAN G.pdf
2025-10-06 14:39:19 | ? Verificación PDF: POLIZA 100080441 CHEVROLET SUBURBAN G.pdf -> EXTENSIÓN VÁLIDA
2025-10-06 14:39:19 | ? PDF ENCONTRADO: POLIZA 100080441 CHEVROLET SUBURBAN G.pdf
2025-10-06 14:39:19 | Guardando como: 20251006_143919_autos2_POLIZAS_100080441_INMOBILIARIA_POLIZA_100080441_CHEVROLET_SUBURBAN_G.pdf
2025-10-06 14:39:19 | Ruta completa: C:\laragon\www\analizer_files\data\20251006_143919_autos2_POLIZAS_100080441_INMOBILIARIA_POLIZA_100080441_CHEVROLET_SUBURBAN_G.pdf
2025-10-06 14:39:19 | ? PDF DESCARGADO EXITOSAMENTE: 20251006_143919_autos2_POLIZAS_100080441_INMOBILIARIA_POLIZA_100080441_CHEVROLET_SUBURBAN_G.pdf
2025-10-06 14:39:19 | Adjunto: RECIBO 100080441 CHEVROLET SUBURBAN G.pdf
2025-10-06 14:39:19 | ? Verificación PDF: RECIBO 100080441 CHEVROLET SUBURBAN G.pdf -> EXTENSIÓN VÁLIDA
2025-10-06 14:39:19 | ? PDF ENCONTRADO: RECIBO 100080441 CHEVROLET SUBURBAN G.pdf
2025-10-06 14:39:19 | Guardando como: 20251006_143919_autos2_POLIZAS_100080441_INMOBILIARIA_RECIBO_100080441_CHEVROLET_SUBURBAN_G.pdf
2025-10-06 14:39:19 | Ruta completa: C:\laragon\www\analizer_files\data\20251006_143919_autos2_POLIZAS_100080441_INMOBILIARIA_RECIBO_100080441_CHEVROLET_SUBURBAN_G.pdf
2025-10-06 14:39:19 | ? PDF DESCARGADO EXITOSAMENTE: 20251006_143919_autos2_POLIZAS_100080441_INMOBILIARIA_RECIBO_100080441_CHEVROLET_SUBURBAN_G.pdf
2025-10-06 14:39:19 | Adjunto: POLIZA 100077876 RENAULT DUSTER ZEN.pdf
2025-10-06 14:39:19 | ? Verificación PDF: POLIZA 100077876 RENAULT DUSTER ZEN.pdf -> EXTENSIÓN VÁLIDA
2025-10-06 14:39:19 | ? PDF ENCONTRADO: POLIZA 100077876 RENAULT DUSTER ZEN.pdf
2025-10-06 14:39:19 | Guardando como: 20251006_143919_autos2_POLIZAS_100080441_INMOBILIARIA_POLIZA_100077876_RENAULT_DUSTER_ZEN.pdf
2025-10-06 14:39:19 | Ruta completa: C:\laragon\www\analizer_files\data\20251006_143919_autos2_POLIZAS_100080441_INMOBILIARIA_POLIZA_100077876_RENAULT_DUSTER_ZEN.pdf
2025-10-06 14:39:19 | ? PDF DESCARGADO EXITOSAMENTE: 20251006_143919_autos2_POLIZAS_100080441_INMOBILIARIA_POLIZA_100077876_RENAULT_DUSTER_ZEN.pdf
2025-10-06 14:39:19 | Adjunto: ANEXO Robo Parcial.pdf
2025-10-06 14:39:19 | ? Verificación PDF: ANEXO Robo Parcial.pdf -> EXTENSIÓN VÁLIDA
2025-10-06 14:39:19 | ? PDF ENCONTRADO: ANEXO Robo Parcial.pdf
2025-10-06 14:39:19 | Guardando como: 20251006_143919_autos2_POLIZAS_100080441_INMOBILIARIA_ANEXO_Robo_Parcial.pdf
2025-10-06 14:39:19 | Ruta completa: C:\laragon\www\analizer_files\data\20251006_143919_autos2_POLIZAS_100080441_INMOBILIARIA_ANEXO_Robo_Parcial.pdf
2025-10-06 14:39:19 | ? PDF DESCARGADO EXITOSAMENTE: 20251006_143919_autos2_POLIZAS_100080441_INMOBILIARIA_ANEXO_Robo_Parcial.pdf
2025-10-06 14:39:19 | Adjunto: CONDICIONES GENERALES SURA AUTOS.zip
2025-10-06 14:39:19 | ? Verificación PDF: CONDICIONES GENERALES SURA AUTOS.zip -> NO es PDF
2025-10-06 14:39:19 | Adjunto: REPORTE SINIESTRO SURA.jpeg
2025-10-06 14:39:19 | ? Verificación PDF: REPORTE SINIESTRO SURA.jpeg -> NO es PDF
2025-10-06 14:39:19 | Adjunto: image005.png
2025-10-06 14:39:19 | ? Verificación PDF: image005.png -> NO es PDF
2025-10-06 14:39:19 | Adjunto: image001.png
2025-10-06 14:39:19 | ? Verificación PDF: image001.png -> NO es PDF
2025-10-06 14:39:19 | Adjunto: image002.png
2025-10-06 14:39:19 | ? Verificación PDF: image002.png -> NO es PDF
2025-10-06 14:39:19 | RESUMEN: 5 PDFs encontrados, 5 descargados
2025-10-06 14:45:00 | ?? NUEVO CORREO DETECTADO - Iniciando procesamiento...
2025-10-06 14:45:00 | === PROCESANDO CORREO ENTRANTE ===
2025-10-06 14:45:00 | Asunto: RENOVACION POLIZAS 149805 ANTONIO ALBERTO LICHTLE ELIZAGA Y 150318 MARIA DE LOURDES LICHTLE KAIM
2025-10-06 14:45:00 | Remitente: Acevedo Couttolenc / Lucina Hernandez
2025-10-06 14:45:00 | ?? Detectada cuenta EXCHANGE, extrayendo email real...
2025-10-06 14:45:00 | ? Email REAL obtenido de Exchange: gmm5@ACEVEDOCOUTTOLENC.COM
2025-10-06 14:45:00 | Email remitente: gmm5@acevedocouttolenc.com
2025-10-06 14:45:00 | Dominio detectado: acevedocouttolenc.com
2025-10-06 14:45:00 | ?? Comparando dominio: acevedocouttolenc.com vs acevedocouttolenc.com
2025-10-06 14:45:00 | ? DOMINIO COINCIDE
2025-10-06 14:45:00 | ? CORREO ACEPTADO - Dominio coincide
2025-10-06 14:45:00 | Buscando adjuntos. Total: 8
2025-10-06 14:45:00 | Adjunto: TOTAL.zip
2025-10-06 14:45:00 | ? Verificación PDF: TOTAL.zip -> NO es PDF
2025-10-06 14:45:00 | Adjunto: SELECT.zip
2025-10-06 14:45:00 | ? Verificación PDF: SELECT.zip -> NO es PDF
2025-10-06 14:45:00 | Adjunto: 149805 LICHTLE ELIZAGA ANTONIO ALBERTO.pdf
2025-10-06 14:45:00 | ? Verificación PDF: 149805 LICHTLE ELIZAGA ANTONIO ALBERTO.pdf -> EXTENSIÓN VÁLIDA
2025-10-06 14:45:00 | ? PDF ENCONTRADO: 149805 LICHTLE ELIZAGA ANTONIO ALBERTO.pdf
2025-10-06 14:45:00 | Guardando como: 20251006_144500_gmm5_RENOVACION_POLIZAS_149805_ANTO_149805_LICHTLE_ELIZAGA_ANTONIO_ALBERTO.pdf
2025-10-06 14:45:00 | Ruta completa: C:\laragon\www\analizer_files\data\20251006_144500_gmm5_RENOVACION_POLIZAS_149805_ANTO_149805_LICHTLE_ELIZAGA_ANTONIO_ALBERTO.pdf
2025-10-06 14:45:00 | ? PDF DESCARGADO EXITOSAMENTE: 20251006_144500_gmm5_RENOVACION_POLIZAS_149805_ANTO_149805_LICHTLE_ELIZAGA_ANTONIO_ALBERTO.pdf
2025-10-06 14:45:00 | Adjunto: 149805 LICHTLE ELIZAGA ANTONIO ALBERTO -RECIBO.pdf
2025-10-06 14:45:00 | ? Verificación PDF: 149805 LICHTLE ELIZAGA ANTONIO ALBERTO -RECIBO.pdf -> EXTENSIÓN VÁLIDA
2025-10-06 14:45:00 | ? PDF ENCONTRADO: 149805 LICHTLE ELIZAGA ANTONIO ALBERTO -RECIBO.pdf
2025-10-06 14:45:00 | Guardando como: 20251006_144500_gmm5_RENOVACION_POLIZAS_149805_ANTO_149805_LICHTLE_ELIZAGA_ANTONIO_ALBERTO_-RECIBO.pdf
2025-10-06 14:45:00 | Ruta completa: C:\laragon\www\analizer_files\data\20251006_144500_gmm5_RENOVACION_POLIZAS_149805_ANTO_149805_LICHTLE_ELIZAGA_ANTONIO_ALBERTO_-RECIBO.pdf
2025-10-06 14:45:00 | ? PDF DESCARGADO EXITOSAMENTE: 20251006_144500_gmm5_RENOVACION_POLIZAS_149805_ANTO_149805_LICHTLE_ELIZAGA_ANTONIO_ALBERTO_-RECIBO.pdf
2025-10-06 14:45:00 | Adjunto: 150318 LICHTLE KAIM MARIA DE LOURDES.pdf
2025-10-06 14:45:00 | ? Verificación PDF: 150318 LICHTLE KAIM MARIA DE LOURDES.pdf -> EXTENSIÓN VÁLIDA
2025-10-06 14:45:00 | ? PDF ENCONTRADO: 150318 LICHTLE KAIM MARIA DE LOURDES.pdf
2025-10-06 14:45:00 | Guardando como: 20251006_144500_gmm5_RENOVACION_POLIZAS_149805_ANTO_150318_LICHTLE_KAIM_MARIA_DE_LOURDES.pdf
2025-10-06 14:45:00 | Ruta completa: C:\laragon\www\analizer_files\data\20251006_144500_gmm5_RENOVACION_POLIZAS_149805_ANTO_150318_LICHTLE_KAIM_MARIA_DE_LOURDES.pdf
2025-10-06 14:45:00 | ? PDF DESCARGADO EXITOSAMENTE: 20251006_144500_gmm5_RENOVACION_POLIZAS_149805_ANTO_150318_LICHTLE_KAIM_MARIA_DE_LOURDES.pdf
2025-10-06 14:45:00 | Adjunto: 150318 LICHTLE KAIM MARIA DE LOURDES -RECIBO.pdf
2025-10-06 14:45:00 | ? Verificación PDF: 150318 LICHTLE KAIM MARIA DE LOURDES -RECIBO.pdf -> EXTENSIÓN VÁLIDA
2025-10-06 14:45:00 | ? PDF ENCONTRADO: 150318 LICHTLE KAIM MARIA DE LOURDES -RECIBO.pdf
2025-10-06 14:45:00 | Guardando como: 20251006_144500_gmm5_RENOVACION_POLIZAS_149805_ANTO_150318_LICHTLE_KAIM_MARIA_DE_LOURDES_-RECIBO.pdf
2025-10-06 14:45:00 | Ruta completa: C:\laragon\www\analizer_files\data\20251006_144500_gmm5_RENOVACION_POLIZAS_149805_ANTO_150318_LICHTLE_KAIM_MARIA_DE_LOURDES_-RECIBO.pdf
2025-10-06 14:45:00 | ? PDF DESCARGADO EXITOSAMENTE: 20251006_144500_gmm5_RENOVACION_POLIZAS_149805_ANTO_150318_LICHTLE_KAIM_MARIA_DE_LOURDES_-RECIBO.pdf
2025-10-06 14:45:00 | Adjunto: image001.png
2025-10-06 14:45:00 | ? Verificación PDF: image001.png -> NO es PDF
2025-10-06 14:45:00 | Adjunto: image002.jpg
2025-10-06 14:45:00 | ? Verificación PDF: image002.jpg -> NO es PDF
2025-10-06 14:45:00 | RESUMEN: 4 PDFs encontrados, 4 descargados
2025-10-06 15:23:23 | ?? NUEVO CORREO DETECTADO - Iniciando procesamiento...
2025-10-06 15:23:23 | === PROCESANDO CORREO ENTRANTE ===
2025-10-06 15:23:23 | Asunto: Ticket de servicio No. TICKET-010460/2025
2025-10-06 15:23:23 | Remitente: Información de tickets
2025-10-06 15:23:23 | ? Email obtenido por SenderEmailAddress: informaciondetickets@sicas.com.mx
2025-10-06 15:23:23 | Email remitente: informaciondetickets@sicas.com.mx
2025-10-06 15:23:23 | Dominio detectado: sicas.com.mx
2025-10-06 15:23:23 | ?? Comparando dominio: sicas.com.mx vs acevedocouttolenc.com
2025-10-06 15:23:23 | ? DOMINIO NO COINCIDE
2025-10-06 15:23:23 | ? CORREO RECHAZADO - Dominio NO coincide. Esperado: acevedocouttolenc.com
2025-10-06 15:44:47 | ?? NUEVO CORREO DETECTADO - Iniciando procesamiento...
2025-10-06 15:44:47 | === PROCESANDO CORREO ENTRANTE ===
2025-10-06 15:44:47 | Asunto: Ticket resuelto con folio: TICKET-010460/2025
2025-10-06 15:44:47 | Remitente: Información de tickets
2025-10-06 15:44:47 | ? Email obtenido por SenderEmailAddress: informaciondetickets@sicas.com.mx
2025-10-06 15:44:47 | Email remitente: informaciondetickets@sicas.com.mx
2025-10-06 15:44:47 | Dominio detectado: sicas.com.mx
2025-10-06 15:44:47 | ?? Comparando dominio: sicas.com.mx vs acevedocouttolenc.com
2025-10-06 15:44:47 | ? DOMINIO NO COINCIDE
2025-10-06 15:44:47 | ? CORREO RECHAZADO - Dominio NO coincide. Esperado: acevedocouttolenc.com
2025-10-06 15:44:58 | ?? NUEVO CORREO DETECTADO - Iniciando procesamiento...
2025-10-06 15:44:58 | === PROCESANDO CORREO ENTRANTE ===
2025-10-06 15:44:58 | Asunto: Ticket de servicio No. TICKET-010460/2025
2025-10-06 15:44:58 | Remitente: Información de tickets
2025-10-06 15:44:58 | ? Email obtenido por SenderEmailAddress: informaciondetickets@sicas.com.mx
2025-10-06 15:44:58 | Email remitente: informaciondetickets@sicas.com.mx
2025-10-06 15:44:58 | Dominio detectado: sicas.com.mx
2025-10-06 15:44:58 | ?? Comparando dominio: sicas.com.mx vs acevedocouttolenc.com
2025-10-06 15:44:58 | ? DOMINIO NO COINCIDE
2025-10-06 15:44:58 | ? CORREO RECHAZADO - Dominio NO coincide. Esperado: acevedocouttolenc.com
2025-10-07 09:40:45 | ?? NUEVO CORREO DETECTADO - Iniciando procesamiento...
2025-10-07 09:40:45 | === PROCESANDO CORREO ENTRANTE ===
2025-10-07 09:40:45 | Asunto: [GitHub] Please verify your device
2025-10-07 09:40:45 | Remitente: GitHub
2025-10-07 09:40:45 | ? Email obtenido por SenderEmailAddress: noreply@github.com
2025-10-07 09:40:45 | Email remitente: noreply@github.com
2025-10-07 09:40:45 | Dominio detectado: github.com
2025-10-07 09:40:45 | ?? Comparando dominio: github.com vs acevedocouttolenc.com
2025-10-07 09:40:45 | ? DOMINIO NO COINCIDE
2025-10-07 09:40:45 | ? CORREO RECHAZADO - Dominio NO coincide. Esperado: acevedocouttolenc.com
2025-10-07 09:51:18 | ?? NUEVO CORREO DETECTADO - Iniciando procesamiento...
2025-10-07 09:51:18 | === PROCESANDO CORREO ENTRANTE ===
2025-10-07 09:51:18 | Asunto: RENOVACIÓN PÓLIZA DE VIDA INDIVIDUAL 632149621 COVARRUBIAS SANCHEZ JESUS ALEJANDRO
2025-10-07 09:51:18 | Remitente: Acevedo Couttolenc / Frida Fernanda Villaseñor Tecuatl
2025-10-07 09:51:18 | ?? Detectada cuenta EXCHANGE, extrayendo email real...
2025-10-07 09:51:18 | ? Email REAL obtenido de Exchange: vida2@ACEVEDOCOUTTOLENC.COM
2025-10-07 09:51:18 | Email remitente: vida2@acevedocouttolenc.com
2025-10-07 09:51:18 | Dominio detectado: acevedocouttolenc.com
2025-10-07 09:51:18 | ?? Comparando dominio: acevedocouttolenc.com vs acevedocouttolenc.com
2025-10-07 09:51:18 | ? DOMINIO COINCIDE
2025-10-07 09:51:18 | ? CORREO ACEPTADO - Dominio coincide
2025-10-07 09:51:18 | Buscando adjuntos. Total: 3
2025-10-07 09:51:18 | Adjunto: 04102025 632149621 COVARRUBIAS SANCHEZ JESUS ALEJANDRO.pdf
2025-10-07 09:51:18 | ? Verificación PDF: 04102025 632149621 COVARRUBIAS SANCHEZ JESUS ALEJANDRO.pdf -> EXTENSIÓN VÁLIDA
2025-10-07 09:51:18 | ? PDF ENCONTRADO: 04102025 632149621 COVARRUBIAS SANCHEZ JESUS ALEJANDRO.pdf
2025-10-07 09:51:18 | Guardando como: 20251007_095118_vida2_RENOVACI_N_P_LIZA_DE_VIDA_INDI_04102025_632149621_COVARRUBIAS_SANCHEZ_JESUS_ALEJANDRO.pdf
2025-10-07 09:51:18 | Ruta completa: C:\laragon\www\analizer_files\data\20251007_095118_vida2_RENOVACI_N_P_LIZA_DE_VIDA_INDI_04102025_632149621_COVARRUBIAS_SANCHEZ_JESUS_ALEJANDRO.pdf
2025-10-07 09:51:19 | ? PDF DESCARGADO EXITOSAMENTE: 20251007_095118_vida2_RENOVACI_N_P_LIZA_DE_VIDA_INDI_04102025_632149621_COVARRUBIAS_SANCHEZ_JESUS_ALEJANDRO.pdf
2025-10-07 09:51:19 | Adjunto: 04102025 POLIZA 632149621 COVARRUBIAS SANCHEZ JESUS ALEJANDRO.pdf
2025-10-07 09:51:19 | ? Verificación PDF: 04102025 POLIZA 632149621 COVARRUBIAS SANCHEZ JESUS ALEJANDRO.pdf -> EXTENSIÓN VÁLIDA
2025-10-07 09:51:19 | ? PDF ENCONTRADO: 04102025 POLIZA 632149621 COVARRUBIAS SANCHEZ JESUS ALEJANDRO.pdf
2025-10-07 09:51:19 | Guardando como: 20251007_095119_vida2_RENOVACI_N_P_LIZA_DE_VIDA_INDI_04102025_POLIZA_632149621_COVARRUBIAS_SANCHEZ_JESUS_ALEJANDRO.pdf
2025-10-07 09:51:19 | Ruta completa: C:\laragon\www\analizer_files\data\20251007_095119_vida2_RENOVACI_N_P_LIZA_DE_VIDA_INDI_04102025_POLIZA_632149621_COVARRUBIAS_SANCHEZ_JESUS_ALEJANDRO.pdf
2025-10-07 09:51:19 | ? PDF DESCARGADO EXITOSAMENTE: 20251007_095119_vida2_RENOVACI_N_P_LIZA_DE_VIDA_INDI_04102025_POLIZA_632149621_COVARRUBIAS_SANCHEZ_JESUS_ALEJANDRO.pdf
2025-10-07 09:51:19 | Adjunto: image002.png
2025-10-07 09:51:19 | ? Verificación PDF: image002.png -> NO es PDF
2025-10-07 09:51:19 | RESUMEN: 2 PDFs encontrados, 2 descargados
2025-10-07 09:51:19 | ?? NUEVO CORREO DETECTADO - Iniciando procesamiento...
2025-10-07 09:51:19 | === PROCESANDO CORREO ENTRANTE ===
2025-10-07 09:51:19 | Asunto: REHABILITACION POLIZA 386484059 BARONA CERVERA ALEJANDRO 
2025-10-07 09:51:19 | Remitente: Acevedo Couttolenc / Adriana Benitez Garcia
2025-10-07 09:51:19 | ?? Detectada cuenta EXCHANGE, extrayendo email real...
2025-10-07 09:51:19 | ? Email REAL obtenido de Exchange: gmm2@ACEVEDOCOUTTOLENC.COM
2025-10-07 09:51:19 | Email remitente: gmm2@acevedocouttolenc.com
2025-10-07 09:51:19 | Dominio detectado: acevedocouttolenc.com
2025-10-07 09:51:19 | ?? Comparando dominio: acevedocouttolenc.com vs acevedocouttolenc.com
2025-10-07 09:51:19 | ? DOMINIO COINCIDE
2025-10-07 09:51:19 | ? CORREO ACEPTADO - Dominio coincide
2025-10-07 09:51:19 | Buscando adjuntos. Total: 7
2025-10-07 09:51:19 | Adjunto: image001.png
2025-10-07 09:51:19 | ? Verificación PDF: image001.png -> NO es PDF
2025-10-07 09:51:19 | Adjunto: image004.png
2025-10-07 09:51:19 | ? Verificación PDF: image004.png -> NO es PDF
2025-10-07 09:51:19 | Adjunto: image007.jpg
2025-10-07 09:51:19 | ? Verificación PDF: image007.jpg -> NO es PDF
2025-10-07 09:51:19 | Adjunto: image008.png
2025-10-07 09:51:19 | ? Verificación PDF: image008.png -> NO es PDF
2025-10-07 09:51:19 | Adjunto: image009.png
2025-10-07 09:51:19 | ? Verificación PDF: image009.png -> NO es PDF
2025-10-07 09:51:19 | Adjunto: image010.png
2025-10-07 09:51:19 | ? Verificación PDF: image010.png -> NO es PDF
2025-10-07 09:51:19 | Adjunto: image011.png
2025-10-07 09:51:19 | ? Verificación PDF: image011.png -> NO es PDF
2025-10-07 09:51:19 | RESUMEN: 0 PDFs encontrados, 0 descargados
2025-10-07 10:01:34 | ?? NUEVO CORREO DETECTADO - Iniciando procesamiento...
2025-10-07 10:01:34 | === PROCESANDO CORREO ENTRANTE ===
2025-10-07 10:01:34 | Asunto: RENOVACIÓN PÓLIZA DE VIDA INDIVIDUAL 632205282 COVARRUBIAS SANCHEZ MONICA GUADALUPE
2025-10-07 10:01:34 | Remitente: Acevedo Couttolenc / Frida Fernanda Villaseñor Tecuatl
2025-10-07 10:01:34 | ?? Detectada cuenta EXCHANGE, extrayendo email real...
2025-10-07 10:01:34 | ? Email REAL obtenido de Exchange: vida2@ACEVEDOCOUTTOLENC.COM
2025-10-07 10:01:34 | Email remitente: vida2@acevedocouttolenc.com
2025-10-07 10:01:34 | Dominio detectado: acevedocouttolenc.com
2025-10-07 10:01:34 | ?? Comparando dominio: acevedocouttolenc.com vs acevedocouttolenc.com
2025-10-07 10:01:34 | ? DOMINIO COINCIDE
2025-10-07 10:01:34 | ? CORREO ACEPTADO - Dominio coincide
2025-10-07 10:01:34 | Buscando adjuntos. Total: 3
2025-10-07 10:01:34 | Adjunto: 04102025 POLIZA 632205282 COVARRUBIAS SANCHEZ MONICA GUADALUPE.pdf
2025-10-07 10:01:34 | ? Verificación PDF: 04102025 POLIZA 632205282 COVARRUBIAS SANCHEZ MONICA GUADALUPE.pdf -> EXTENSIÓN VÁLIDA
2025-10-07 10:01:34 | ? PDF ENCONTRADO: 04102025 POLIZA 632205282 COVARRUBIAS SANCHEZ MONICA GUADALUPE.pdf
2025-10-07 10:01:34 | Guardando como: 20251007_100134_vida2_RENOVACI_N_P_LIZA_DE_VIDA_INDI_04102025_POLIZA_632205282_COVARRUBIAS_SANCHEZ_MONICA_GUADALUPE.pdf
2025-10-07 10:01:34 | Ruta completa: C:\laragon\www\analizer_files\data\20251007_100134_vida2_RENOVACI_N_P_LIZA_DE_VIDA_INDI_04102025_POLIZA_632205282_COVARRUBIAS_SANCHEZ_MONICA_GUADALUPE.pdf
2025-10-07 10:01:34 | ? PDF DESCARGADO EXITOSAMENTE: 20251007_100134_vida2_RENOVACI_N_P_LIZA_DE_VIDA_INDI_04102025_POLIZA_632205282_COVARRUBIAS_SANCHEZ_MONICA_GUADALUPE.pdf
2025-10-07 10:01:34 | Adjunto: 04102025 632205282 COVARRUBIAS SANCHEZ MONICA GUADALUPE.pdf
2025-10-07 10:01:34 | ? Verificación PDF: 04102025 632205282 COVARRUBIAS SANCHEZ MONICA GUADALUPE.pdf -> EXTENSIÓN VÁLIDA
2025-10-07 10:01:34 | ? PDF ENCONTRADO: 04102025 632205282 COVARRUBIAS SANCHEZ MONICA GUADALUPE.pdf
2025-10-07 10:01:34 | Guardando como: 20251007_100134_vida2_RENOVACI_N_P_LIZA_DE_VIDA_INDI_04102025_632205282_COVARRUBIAS_SANCHEZ_MONICA_GUADALUPE.pdf
2025-10-07 10:01:34 | Ruta completa: C:\laragon\www\analizer_files\data\20251007_100134_vida2_RENOVACI_N_P_LIZA_DE_VIDA_INDI_04102025_632205282_COVARRUBIAS_SANCHEZ_MONICA_GUADALUPE.pdf
2025-10-07 10:01:34 | ? PDF DESCARGADO EXITOSAMENTE: 20251007_100134_vida2_RENOVACI_N_P_LIZA_DE_VIDA_INDI_04102025_632205282_COVARRUBIAS_SANCHEZ_MONICA_GUADALUPE.pdf
2025-10-07 10:01:34 | Adjunto: image003.png
2025-10-07 10:01:34 | ? Verificación PDF: image003.png -> NO es PDF
2025-10-07 10:01:34 | RESUMEN: 2 PDFs encontrados, 2 descargados
2025-10-07 10:32:27 | ?? NUEVO CORREO DETECTADO - Iniciando procesamiento...
2025-10-07 10:32:27 | === PROCESANDO CORREO ENTRANTE ===
2025-10-07 10:32:27 | Asunto: POL. 2612400003497 / COLEGIO HUMBOLDT AC / 48
2025-10-07 10:32:27 | Remitente: Acevedo Couttolenc / Yesbeck Hutzil
2025-10-07 10:32:27 | ?? Detectada cuenta EXCHANGE, extrayendo email real...
2025-10-07 10:32:27 | ? Email REAL obtenido de Exchange: gmm@ACEVEDOCOUTTOLENC.COM
2025-10-07 10:32:27 | Email remitente: gmm@acevedocouttolenc.com
2025-10-07 10:32:27 | Dominio detectado: acevedocouttolenc.com
2025-10-07 10:32:27 | ?? Comparando dominio: acevedocouttolenc.com vs acevedocouttolenc.com
2025-10-07 10:32:27 | ? DOMINIO COINCIDE
2025-10-07 10:32:27 | ? CORREO ACEPTADO - Dominio coincide
2025-10-07 10:32:27 | Buscando adjuntos. Total: 2
2025-10-07 10:32:27 | Adjunto: image001.png
2025-10-07 10:32:27 | ? Verificación PDF: image001.png -> NO es PDF
2025-10-07 10:32:27 | Adjunto: Póliza-2612400003497-48.pdf
2025-10-07 10:32:27 | ? Verificación PDF: Póliza-2612400003497-48.pdf -> EXTENSIÓN VÁLIDA
2025-10-07 10:32:27 | ? PDF ENCONTRADO: Póliza-2612400003497-48.pdf
2025-10-07 10:32:27 | Guardando como: 20251007_103227_gmm_POL._2612400003497___COLEGIO_H_P_liza-2612400003497-48.pdf
2025-10-07 10:32:27 | Ruta completa: C:\laragon\www\analizer_files\data\20251007_103227_gmm_POL._2612400003497___COLEGIO_H_P_liza-2612400003497-48.pdf
2025-10-07 10:32:27 | ? PDF DESCARGADO EXITOSAMENTE: 20251007_103227_gmm_POL._2612400003497___COLEGIO_H_P_liza-2612400003497-48.pdf
2025-10-07 10:32:27 | RESUMEN: 1 PDFs encontrados, 1 descargados
2025-10-07 10:44:57 | ?? NUEVO CORREO DETECTADO - Iniciando procesamiento...
2025-10-07 10:44:57 | === PROCESANDO CORREO ENTRANTE ===
2025-10-07 10:44:57 | Asunto: Cotización de licencias adicionales SICAS Online.
2025-10-07 10:44:57 | Remitente: Oscar Farid López López
2025-10-07 10:44:57 | ? Email obtenido por SenderEmailAddress: atnclientes3@sicas.com.mx
2025-10-07 10:44:57 | Email remitente: atnclientes3@sicas.com.mx
2025-10-07 10:44:57 | Dominio detectado: sicas.com.mx
2025-10-07 10:44:57 | ?? Comparando dominio: sicas.com.mx vs acevedocouttolenc.com
2025-10-07 10:44:57 | ? DOMINIO NO COINCIDE
2025-10-07 10:44:57 | ? CORREO RECHAZADO - Dominio NO coincide. Esperado: acevedocouttolenc.com
2025-10-07 10:47:24 | ?? NUEVO CORREO DETECTADO - Iniciando procesamiento...
2025-10-07 10:47:24 | === PROCESANDO CORREO ENTRANTE ===
2025-10-07 10:47:24 | Asunto: RE:  POL. 2612400003497 / COLEGIO HUMBOLDT AC / 46
2025-10-07 10:47:24 | Remitente: Acevedo Couttolenc / Yesbeck Hutzil
2025-10-07 10:47:24 | ?? Detectada cuenta EXCHANGE, extrayendo email real...
2025-10-07 10:47:24 | ? Email REAL obtenido de Exchange: gmm@ACEVEDOCOUTTOLENC.COM
2025-10-07 10:47:24 | Email remitente: gmm@acevedocouttolenc.com
2025-10-07 10:47:24 | Dominio detectado: acevedocouttolenc.com
2025-10-07 10:47:24 | ?? Comparando dominio: acevedocouttolenc.com vs acevedocouttolenc.com
2025-10-07 10:47:24 | ? DOMINIO COINCIDE
2025-10-07 10:47:24 | ? CORREO ACEPTADO - Dominio coincide
2025-10-07 10:47:24 | Buscando adjuntos. Total: 2
2025-10-07 10:47:24 | Adjunto: image001.png
2025-10-07 10:47:24 | ? Verificación PDF: image001.png -> NO es PDF
2025-10-07 10:47:24 | Adjunto: Póliza-2612400003497-46.pdf
2025-10-07 10:47:24 | ? Verificación PDF: Póliza-2612400003497-46.pdf -> EXTENSIÓN VÁLIDA
2025-10-07 10:47:24 | ? PDF ENCONTRADO: Póliza-2612400003497-46.pdf
2025-10-07 10:47:24 | Guardando como: 20251007_104724_gmm_RE___POL._2612400003497___COLE_P_liza-2612400003497-46.pdf
2025-10-07 10:47:24 | Ruta completa: C:\laragon\www\analizer_files\data\20251007_104724_gmm_RE___POL._2612400003497___COLE_P_liza-2612400003497-46.pdf
2025-10-07 10:47:25 | ? PDF DESCARGADO EXITOSAMENTE: 20251007_104724_gmm_RE___POL._2612400003497___COLE_P_liza-2612400003497-46.pdf
2025-10-07 10:47:25 | RESUMEN: 1 PDFs encontrados, 1 descargados
2025-10-07 10:48:13 | ?? NUEVO CORREO DETECTADO - Iniciando procesamiento...
2025-10-07 10:48:13 | === PROCESANDO CORREO ENTRANTE ===
2025-10-07 10:48:13 | Asunto: RENOVACION POLIZA 2882500044072 (ANTERIOR 627481856) BRETON DE LA FUENTE MARIA DEL CARMEN 
2025-10-07 10:48:13 | Remitente: Acevedo Couttolenc / Adriana Benitez Garcia
2025-10-07 10:48:13 | ?? Detectada cuenta EXCHANGE, extrayendo email real...
2025-10-07 10:48:13 | ? Email REAL obtenido de Exchange: gmm2@ACEVEDOCOUTTOLENC.COM
2025-10-07 10:48:13 | Email remitente: gmm2@acevedocouttolenc.com
2025-10-07 10:48:13 | Dominio detectado: acevedocouttolenc.com
2025-10-07 10:48:13 | ?? Comparando dominio: acevedocouttolenc.com vs acevedocouttolenc.com
2025-10-07 10:48:13 | ? DOMINIO COINCIDE
2025-10-07 10:48:13 | ? CORREO ACEPTADO - Dominio coincide
2025-10-07 10:48:13 | Buscando adjuntos. Total: 6
2025-10-07 10:48:13 | Adjunto: image001.png
2025-10-07 10:48:13 | ? Verificación PDF: image001.png -> NO es PDF
2025-10-07 10:48:13 | Adjunto: image002.jpg
2025-10-07 10:48:13 | ? Verificación PDF: image002.jpg -> NO es PDF
2025-10-07 10:48:13 | Adjunto: 2882500044072 BRETON DE LA FUENTE MARIA DEL CARMEN - POLIZA.pdf
2025-10-07 10:48:13 | ? Verificación PDF: 2882500044072 BRETON DE LA FUENTE MARIA DEL CARMEN - POLIZA.pdf -> EXTENSIÓN VÁLIDA
2025-10-07 10:48:13 | ? PDF ENCONTRADO: 2882500044072 BRETON DE LA FUENTE MARIA DEL CARMEN - POLIZA.pdf
2025-10-07 10:48:13 | Guardando como: 20251007_104813_gmm2_RENOVACION_POLIZA_288250004407_2882500044072_BRETON_DE_LA_FUENTE_MARIA_DEL_CARMEN_-_POLIZA.pdf
2025-10-07 10:48:13 | Ruta completa: C:\laragon\www\analizer_files\data\20251007_104813_gmm2_RENOVACION_POLIZA_288250004407_2882500044072_BRETON_DE_LA_FUENTE_MARIA_DEL_CARMEN_-_POLIZA.pdf
2025-10-07 10:48:13 | ? PDF DESCARGADO EXITOSAMENTE: 20251007_104813_gmm2_RENOVACION_POLIZA_288250004407_2882500044072_BRETON_DE_LA_FUENTE_MARIA_DEL_CARMEN_-_POLIZA.pdf
2025-10-07 10:48:13 | Adjunto: 2882500044072 BRETON DE LA FUENTE MARIA DEL CARMEN - ENDOSO REC ANTIGUEDAD.pdf
2025-10-07 10:48:13 | ? Verificación PDF: 2882500044072 BRETON DE LA FUENTE MARIA DEL CARMEN - ENDOSO REC ANTIGUEDAD.pdf -> EXTENSIÓN VÁLIDA
2025-10-07 10:48:13 | ? PDF ENCONTRADO: 2882500044072 BRETON DE LA FUENTE MARIA DEL CARMEN - ENDOSO REC ANTIGUEDAD.pdf
2025-10-07 10:48:13 | Guardando como: 20251007_104813_gmm2_RENOVACION_POLIZA_288250004407_2882500044072_BRETON_DE_LA_FUENTE_MARIA_DEL_CARMEN_-_ENDOSO_REC_ANTIGUEDAD.pdf
2025-10-07 10:48:13 | Ruta completa: C:\laragon\www\analizer_files\data\20251007_104813_gmm2_RENOVACION_POLIZA_288250004407_2882500044072_BRETON_DE_LA_FUENTE_MARIA_DEL_CARMEN_-_ENDOSO_REC_ANTIGUEDAD.pdf
2025-10-07 10:48:13 | ? PDF DESCARGADO EXITOSAMENTE: 20251007_104813_gmm2_RENOVACION_POLIZA_288250004407_2882500044072_BRETON_DE_LA_FUENTE_MARIA_DEL_CARMEN_-_ENDOSO_REC_ANTIGUEDAD.pdf
2025-10-07 10:48:13 | Adjunto: 2882500044072 BRETON DE LA FUENTE MARIA DEL CARMEN - AVISO DE COBRO.pdf
2025-10-07 10:48:13 | ? Verificación PDF: 2882500044072 BRETON DE LA FUENTE MARIA DEL CARMEN - AVISO DE COBRO.pdf -> EXTENSIÓN VÁLIDA
2025-10-07 10:48:13 | ? PDF ENCONTRADO: 2882500044072 BRETON DE LA FUENTE MARIA DEL CARMEN - AVISO DE COBRO.pdf
2025-10-07 10:48:13 | Guardando como: 20251007_104813_gmm2_RENOVACION_POLIZA_288250004407_2882500044072_BRETON_DE_LA_FUENTE_MARIA_DEL_CARMEN_-_AVISO_DE_COBRO.pdf
2025-10-07 10:48:13 | Ruta completa: C:\laragon\www\analizer_files\data\20251007_104813_gmm2_RENOVACION_POLIZA_288250004407_2882500044072_BRETON_DE_LA_FUENTE_MARIA_DEL_CARMEN_-_AVISO_DE_COBRO.pdf
2025-10-07 10:48:13 | ? PDF DESCARGADO EXITOSAMENTE: 20251007_104813_gmm2_RENOVACION_POLIZA_288250004407_2882500044072_BRETON_DE_LA_FUENTE_MARIA_DEL_CARMEN_-_AVISO_DE_COBRO.pdf
2025-10-07 10:48:13 | Adjunto: PMM 2025.zip
2025-10-07 10:48:13 | ? Verificación PDF: PMM 2025.zip -> NO es PDF
2025-10-07 10:48:13 | RESUMEN: 3 PDFs encontrados, 3 descargados
2025-10-07 10:58:27 | ?? NUEVO CORREO DETECTADO - Iniciando procesamiento...
2025-10-07 10:58:27 | === PROCESANDO CORREO ENTRANTE ===
2025-10-07 10:58:27 | Asunto: RE:  POL. 2612400003497 / COLEGIO HUMBOLDT AC / 45
2025-10-07 10:58:27 | Remitente: Acevedo Couttolenc / Yesbeck Hutzil
2025-10-07 10:58:27 | ?? Detectada cuenta EXCHANGE, extrayendo email real...
2025-10-07 10:58:27 | ? Email REAL obtenido de Exchange: gmm@ACEVEDOCOUTTOLENC.COM
2025-10-07 10:58:27 | Email remitente: gmm@acevedocouttolenc.com
2025-10-07 10:58:27 | Dominio detectado: acevedocouttolenc.com
2025-10-07 10:58:27 | ?? Comparando dominio: acevedocouttolenc.com vs acevedocouttolenc.com
2025-10-07 10:58:27 | ? DOMINIO COINCIDE
2025-10-07 10:58:27 | ? CORREO ACEPTADO - Dominio coincide
2025-10-07 10:58:27 | Buscando adjuntos. Total: 2
2025-10-07 10:58:27 | Adjunto: image001.png
2025-10-07 10:58:27 | ? Verificación PDF: image001.png -> NO es PDF
2025-10-07 10:58:27 | Adjunto: 2612400003497_45.pdf
2025-10-07 10:58:27 | ? Verificación PDF: 2612400003497_45.pdf -> EXTENSIÓN VÁLIDA
2025-10-07 10:58:27 | ? PDF ENCONTRADO: 2612400003497_45.pdf
2025-10-07 10:58:27 | Guardando como: 20251007_105827_gmm_RE___POL._2612400003497___COLE_2612400003497_45.pdf
2025-10-07 10:58:27 | Ruta completa: C:\laragon\www\analizer_files\data\20251007_105827_gmm_RE___POL._2612400003497___COLE_2612400003497_45.pdf
2025-10-07 10:58:27 | ? PDF DESCARGADO EXITOSAMENTE: 20251007_105827_gmm_RE___POL._2612400003497___COLE_2612400003497_45.pdf
2025-10-07 10:58:27 | RESUMEN: 1 PDFs encontrados, 1 descargados
2025-10-07 11:16:16 | ?? NUEVO CORREO DETECTADO - Iniciando procesamiento...
2025-10-07 11:16:17 | === PROCESANDO CORREO ENTRANTE ===
2025-10-07 11:16:17 | Asunto: RENOVACION POLIZA 164558 MANUEL BALTAZAR MIRANDA
2025-10-07 11:16:17 | Remitente: Acevedo Couttolenc / Lucina Hernandez
2025-10-07 11:16:17 | ?? Detectada cuenta EXCHANGE, extrayendo email real...
2025-10-07 11:16:17 | ? Email REAL obtenido de Exchange: gmm5@ACEVEDOCOUTTOLENC.COM
2025-10-07 11:16:17 | Email remitente: gmm5@acevedocouttolenc.com
2025-10-07 11:16:17 | Dominio detectado: acevedocouttolenc.com
2025-10-07 11:16:17 | ?? Comparando dominio: acevedocouttolenc.com vs acevedocouttolenc.com
2025-10-07 11:16:17 | ? DOMINIO COINCIDE
2025-10-07 11:16:17 | ? CORREO ACEPTADO - Dominio coincide
2025-10-07 11:16:17 | Buscando adjuntos. Total: 4
2025-10-07 11:16:17 | Adjunto: SELECT.zip
2025-10-07 11:16:17 | ? Verificación PDF: SELECT.zip -> NO es PDF
2025-10-07 11:16:17 | Adjunto: 164558 BALTAZAR MIRANDA MANUEL.pdf
2025-10-07 11:16:17 | ? Verificación PDF: 164558 BALTAZAR MIRANDA MANUEL.pdf -> EXTENSIÓN VÁLIDA
2025-10-07 11:16:17 | ? PDF ENCONTRADO: 164558 BALTAZAR MIRANDA MANUEL.pdf
2025-10-07 11:16:17 | Guardando como: 20251007_111617_gmm5_RENOVACION_POLIZA_164558_MANUE_164558_BALTAZAR_MIRANDA_MANUEL.pdf
2025-10-07 11:16:17 | Ruta completa: C:\laragon\www\analizer_files\data\20251007_111617_gmm5_RENOVACION_POLIZA_164558_MANUE_164558_BALTAZAR_MIRANDA_MANUEL.pdf
2025-10-07 11:16:17 | ? PDF DESCARGADO EXITOSAMENTE: 20251007_111617_gmm5_RENOVACION_POLIZA_164558_MANUE_164558_BALTAZAR_MIRANDA_MANUEL.pdf
2025-10-07 11:16:17 | Adjunto: image001.png
2025-10-07 11:16:17 | ? Verificación PDF: image001.png -> NO es PDF
2025-10-07 11:16:17 | Adjunto: image002.jpg
2025-10-07 11:16:17 | ? Verificación PDF: image002.jpg -> NO es PDF
2025-10-07 11:16:17 | RESUMEN: 1 PDFs encontrados, 1 descargados
2025-10-07 11:21:18 | ?? NUEVO CORREO DETECTADO - Iniciando procesamiento...
2025-10-07 11:21:18 | === PROCESANDO CORREO ENTRANTE ===
2025-10-07 11:21:18 | Asunto: RENOVACIÓN PÓLIZA DE VIDA INDIVIDUAL V-8202124 BUSTOS SOTO MARIA VICTORIA
2025-10-07 11:21:18 | Remitente: Acevedo Couttolenc / Frida Fernanda Villaseñor Tecuatl
2025-10-07 11:21:18 | ?? Detectada cuenta EXCHANGE, extrayendo email real...
2025-10-07 11:21:18 | ? Email REAL obtenido de Exchange: vida2@ACEVEDOCOUTTOLENC.COM
2025-10-07 11:21:18 | Email remitente: vida2@acevedocouttolenc.com
2025-10-07 11:21:18 | Dominio detectado: acevedocouttolenc.com
2025-10-07 11:21:18 | ?? Comparando dominio: acevedocouttolenc.com vs acevedocouttolenc.com
2025-10-07 11:21:18 | ? DOMINIO COINCIDE
2025-10-07 11:21:18 | ? CORREO ACEPTADO - Dominio coincide
2025-10-07 11:21:18 | Buscando adjuntos. Total: 2
2025-10-07 11:21:18 | Adjunto: 18102025 V-8202124 BUSTOS SOTO MARIA VICTORIA.pdf
2025-10-07 11:21:18 | ? Verificación PDF: 18102025 V-8202124 BUSTOS SOTO MARIA VICTORIA.pdf -> EXTENSIÓN VÁLIDA
2025-10-07 11:21:18 | ? PDF ENCONTRADO: 18102025 V-8202124 BUSTOS SOTO MARIA VICTORIA.pdf
2025-10-07 11:21:18 | Guardando como: 20251007_112118_vida2_RENOVACI_N_P_LIZA_DE_VIDA_INDI_18102025_V-8202124_BUSTOS_SOTO_MARIA_VICTORIA.pdf
2025-10-07 11:21:18 | Ruta completa: C:\laragon\www\analizer_files\data\20251007_112118_vida2_RENOVACI_N_P_LIZA_DE_VIDA_INDI_18102025_V-8202124_BUSTOS_SOTO_MARIA_VICTORIA.pdf
2025-10-07 11:21:18 | ? PDF DESCARGADO EXITOSAMENTE: 20251007_112118_vida2_RENOVACI_N_P_LIZA_DE_VIDA_INDI_18102025_V-8202124_BUSTOS_SOTO_MARIA_VICTORIA.pdf
2025-10-07 11:21:18 | Adjunto: image002.png
2025-10-07 11:21:18 | ? Verificación PDF: image002.png -> NO es PDF
2025-10-07 11:21:18 | RESUMEN: 1 PDFs encontrados, 1 descargados
2025-10-07 11:21:18 | ?? NUEVO CORREO DETECTADO - Iniciando procesamiento...
2025-10-07 11:21:18 | === PROCESANDO CORREO ENTRANTE ===
2025-10-07 11:21:18 | Asunto: RV: Cotización de licencias adicionales SICAS Online.
2025-10-07 11:21:18 | Remitente: Acevedo Couttolenc / Georgina Hernandez
2025-10-07 11:21:18 | ?? Detectada cuenta EXCHANGE, extrayendo email real...
2025-10-07 11:21:18 | ? Email REAL obtenido de Exchange: sistemas1@ACEVEDOCOUTTOLENC.COM
2025-10-07 11:21:18 | Email remitente: sistemas1@acevedocouttolenc.com
2025-10-07 11:21:18 | Dominio detectado: acevedocouttolenc.com
2025-10-07 11:21:18 | ?? Comparando dominio: acevedocouttolenc.com vs acevedocouttolenc.com
2025-10-07 11:21:18 | ? DOMINIO COINCIDE
2025-10-07 11:21:18 | ? CORREO ACEPTADO - Dominio coincide
2025-10-07 11:21:18 | Buscando adjuntos. Total: 1
2025-10-07 11:21:18 | Adjunto: image001.png
2025-10-07 11:21:18 | ? Verificación PDF: image001.png -> NO es PDF
2025-10-07 11:21:18 | RESUMEN: 0 PDFs encontrados, 0 descargados
2025-10-07 11:56:13 | ?? NUEVO CORREO DETECTADO - Iniciando procesamiento...
2025-10-07 11:56:13 | === PROCESANDO CORREO ENTRANTE ===
2025-10-07 11:56:13 | Asunto: POL. NUEVA 2882500044427 CANO HERNANDEZ JOSE LUIS
2025-10-07 11:56:13 | Remitente: Acevedo Couttolenc / Yesbeck Hutzil
2025-10-07 11:56:13 | ?? Detectada cuenta EXCHANGE, extrayendo email real...
2025-10-07 11:56:13 | ? Email REAL obtenido de Exchange: gmm@ACEVEDOCOUTTOLENC.COM
2025-10-07 11:56:13 | Email remitente: gmm@acevedocouttolenc.com
2025-10-07 11:56:13 | Dominio detectado: acevedocouttolenc.com
2025-10-07 11:56:13 | ?? Comparando dominio: acevedocouttolenc.com vs acevedocouttolenc.com
2025-10-07 11:56:13 | ? DOMINIO COINCIDE
2025-10-07 11:56:13 | ? CORREO ACEPTADO - Dominio coincide
2025-10-07 11:56:13 | Buscando adjuntos. Total: 4
2025-10-07 11:56:14 | Adjunto: image002.png
2025-10-07 11:56:14 | ? Verificación PDF: image002.png -> NO es PDF
2025-10-07 11:56:14 | Adjunto: 2882500044427 CANO HERNANDEZ JOSE LUIS.pdf
2025-10-07 11:56:14 | ? Verificación PDF: 2882500044427 CANO HERNANDEZ JOSE LUIS.pdf -> EXTENSIÓN VÁLIDA
2025-10-07 11:56:14 | ? PDF ENCONTRADO: 2882500044427 CANO HERNANDEZ JOSE LUIS.pdf
2025-10-07 11:56:14 | Guardando como: 20251007_115614_gmm_POL._NUEVA_2882500044427_CANO__2882500044427_CANO_HERNANDEZ_JOSE_LUIS.pdf
2025-10-07 11:56:14 | Ruta completa: C:\laragon\www\analizer_files\data\20251007_115614_gmm_POL._NUEVA_2882500044427_CANO__2882500044427_CANO_HERNANDEZ_JOSE_LUIS.pdf
2025-10-07 11:56:14 | ? PDF DESCARGADO EXITOSAMENTE: 20251007_115614_gmm_POL._NUEVA_2882500044427_CANO__2882500044427_CANO_HERNANDEZ_JOSE_LUIS.pdf
2025-10-07 11:56:14 | Adjunto: 2882500044427 CANO HERNANDEZ JOSE LUIS REC.pdf
2025-10-07 11:56:14 | ? Verificación PDF: 2882500044427 CANO HERNANDEZ JOSE LUIS REC.pdf -> EXTENSIÓN VÁLIDA
2025-10-07 11:56:14 | ? PDF ENCONTRADO: 2882500044427 CANO HERNANDEZ JOSE LUIS REC.pdf
2025-10-07 11:56:14 | Guardando como: 20251007_115614_gmm_POL._NUEVA_2882500044427_CANO__2882500044427_CANO_HERNANDEZ_JOSE_LUIS_REC.pdf
2025-10-07 11:56:14 | Ruta completa: C:\laragon\www\analizer_files\data\20251007_115614_gmm_POL._NUEVA_2882500044427_CANO__2882500044427_CANO_HERNANDEZ_JOSE_LUIS_REC.pdf
2025-10-07 11:56:14 | ? PDF DESCARGADO EXITOSAMENTE: 20251007_115614_gmm_POL._NUEVA_2882500044427_CANO__2882500044427_CANO_HERNANDEZ_JOSE_LUIS_REC.pdf
2025-10-07 11:56:14 | Adjunto: PMM 2025.zip
2025-10-07 11:56:14 | ? Verificación PDF: PMM 2025.zip -> NO es PDF
2025-10-07 11:56:14 | RESUMEN: 2 PDFs encontrados, 2 descargados
2025-10-07 11:57:17 | ?? NUEVO CORREO DETECTADO - Iniciando procesamiento...
2025-10-07 11:57:17 | === PROCESANDO CORREO ENTRANTE ===
2025-10-07 11:57:17 | Asunto: RENOVACION POLIZA C2973243 CHARLES MTANOUS GALI
2025-10-07 11:57:17 | Remitente: Acevedo Couttolenc / Lucina Hernandez
2025-10-07 11:57:17 | ?? Detectada cuenta EXCHANGE, extrayendo email real...
2025-10-07 11:57:17 | ? Email REAL obtenido de Exchange: gmm5@ACEVEDOCOUTTOLENC.COM
2025-10-07 11:57:17 | Email remitente: gmm5@acevedocouttolenc.com
2025-10-07 11:57:17 | Dominio detectado: acevedocouttolenc.com
2025-10-07 11:57:17 | ?? Comparando dominio: acevedocouttolenc.com vs acevedocouttolenc.com
2025-10-07 11:57:17 | ? DOMINIO COINCIDE
2025-10-07 11:57:17 | ? CORREO ACEPTADO - Dominio coincide
2025-10-07 11:57:17 | Buscando adjuntos. Total: 12
2025-10-07 11:57:17 | Adjunto: PLUS.zip
2025-10-07 11:57:17 | ? Verificación PDF: PLUS.zip -> NO es PDF
2025-10-07 11:57:17 | Adjunto: C2973244 MTANOUS GALI CHARLES - ENDOSO 1.pdf
2025-10-07 11:57:17 | ? Verificación PDF: C2973244 MTANOUS GALI CHARLES - ENDOSO 1.pdf -> EXTENSIÓN VÁLIDA
2025-10-07 11:57:17 | ? PDF ENCONTRADO: C2973244 MTANOUS GALI CHARLES - ENDOSO 1.pdf
2025-10-07 11:57:17 | Guardando como: 20251007_115717_gmm5_RENOVACION_POLIZA_C2973243_CHA_C2973244_MTANOUS_GALI_CHARLES_-_ENDOSO_1.pdf
2025-10-07 11:57:17 | Ruta completa: C:\laragon\www\analizer_files\data\20251007_115717_gmm5_RENOVACION_POLIZA_C2973243_CHA_C2973244_MTANOUS_GALI_CHARLES_-_ENDOSO_1.pdf
2025-10-07 11:57:17 | ? PDF DESCARGADO EXITOSAMENTE: 20251007_115717_gmm5_RENOVACION_POLIZA_C2973243_CHA_C2973244_MTANOUS_GALI_CHARLES_-_ENDOSO_1.pdf
2025-10-07 11:57:17 | Adjunto: C2973244 MTANOUS GALI CHARLES - ENDOSO 2.pdf
2025-10-07 11:57:17 | ? Verificación PDF: C2973244 MTANOUS GALI CHARLES - ENDOSO 2.pdf -> EXTENSIÓN VÁLIDA
2025-10-07 11:57:17 | ? PDF ENCONTRADO: C2973244 MTANOUS GALI CHARLES - ENDOSO 2.pdf
2025-10-07 11:57:17 | Guardando como: 20251007_115717_gmm5_RENOVACION_POLIZA_C2973243_CHA_C2973244_MTANOUS_GALI_CHARLES_-_ENDOSO_2.pdf
2025-10-07 11:57:17 | Ruta completa: C:\laragon\www\analizer_files\data\20251007_115717_gmm5_RENOVACION_POLIZA_C2973243_CHA_C2973244_MTANOUS_GALI_CHARLES_-_ENDOSO_2.pdf
2025-10-07 11:57:17 | ? PDF DESCARGADO EXITOSAMENTE: 20251007_115717_gmm5_RENOVACION_POLIZA_C2973243_CHA_C2973244_MTANOUS_GALI_CHARLES_-_ENDOSO_2.pdf
2025-10-07 11:57:17 | Adjunto: C2973244 MTANOUS GALI CHARLES - ENDOSO 3.pdf
2025-10-07 11:57:17 | ? Verificación PDF: C2973244 MTANOUS GALI CHARLES - ENDOSO 3.pdf -> EXTENSIÓN VÁLIDA
2025-10-07 11:57:17 | ? PDF ENCONTRADO: C2973244 MTANOUS GALI CHARLES - ENDOSO 3.pdf
2025-10-07 11:57:17 | Guardando como: 20251007_115717_gmm5_RENOVACION_POLIZA_C2973243_CHA_C2973244_MTANOUS_GALI_CHARLES_-_ENDOSO_3.pdf
2025-10-07 11:57:17 | Ruta completa: C:\laragon\www\analizer_files\data\20251007_115717_gmm5_RENOVACION_POLIZA_C2973243_CHA_C2973244_MTANOUS_GALI_CHARLES_-_ENDOSO_3.pdf
2025-10-07 11:57:17 | ? PDF DESCARGADO EXITOSAMENTE: 20251007_115717_gmm5_RENOVACION_POLIZA_C2973243_CHA_C2973244_MTANOUS_GALI_CHARLES_-_ENDOSO_3.pdf
2025-10-07 11:57:17 | Adjunto: C2973244 MTANOUS GALI CHARLES - ENDOSO 4.pdf
2025-10-07 11:57:17 | ? Verificación PDF: C2973244 MTANOUS GALI CHARLES - ENDOSO 4.pdf -> EXTENSIÓN VÁLIDA
2025-10-07 11:57:17 | ? PDF ENCONTRADO: C2973244 MTANOUS GALI CHARLES - ENDOSO 4.pdf
2025-10-07 11:57:17 | Guardando como: 20251007_115717_gmm5_RENOVACION_POLIZA_C2973243_CHA_C2973244_MTANOUS_GALI_CHARLES_-_ENDOSO_4.pdf
2025-10-07 11:57:17 | Ruta completa: C:\laragon\www\analizer_files\data\20251007_115717_gmm5_RENOVACION_POLIZA_C2973243_CHA_C2973244_MTANOUS_GALI_CHARLES_-_ENDOSO_4.pdf
2025-10-07 11:57:17 | ? PDF DESCARGADO EXITOSAMENTE: 20251007_115717_gmm5_RENOVACION_POLIZA_C2973243_CHA_C2973244_MTANOUS_GALI_CHARLES_-_ENDOSO_4.pdf
2025-10-07 11:57:17 | Adjunto: C2973244 MTANOUS GALI CHARLES - ENDOSO 5.pdf
2025-10-07 11:57:17 | ? Verificación PDF: C2973244 MTANOUS GALI CHARLES - ENDOSO 5.pdf -> EXTENSIÓN VÁLIDA
2025-10-07 11:57:17 | ? PDF ENCONTRADO: C2973244 MTANOUS GALI CHARLES - ENDOSO 5.pdf
2025-10-07 11:57:17 | Guardando como: 20251007_115717_gmm5_RENOVACION_POLIZA_C2973243_CHA_C2973244_MTANOUS_GALI_CHARLES_-_ENDOSO_5.pdf
2025-10-07 11:57:17 | Ruta completa: C:\laragon\www\analizer_files\data\20251007_115717_gmm5_RENOVACION_POLIZA_C2973243_CHA_C2973244_MTANOUS_GALI_CHARLES_-_ENDOSO_5.pdf
2025-10-07 11:57:17 | ? PDF DESCARGADO EXITOSAMENTE: 20251007_115717_gmm5_RENOVACION_POLIZA_C2973243_CHA_C2973244_MTANOUS_GALI_CHARLES_-_ENDOSO_5.pdf
2025-10-07 11:57:17 | Adjunto: C2973244 MTANOUS GALI CHARLES - TARJETA.pdf
2025-10-07 11:57:17 | ? Verificación PDF: C2973244 MTANOUS GALI CHARLES - TARJETA.pdf -> EXTENSIÓN VÁLIDA
2025-10-07 11:57:17 | ? PDF ENCONTRADO: C2973244 MTANOUS GALI CHARLES - TARJETA.pdf
2025-10-07 11:57:17 | Guardando como: 20251007_115717_gmm5_RENOVACION_POLIZA_C2973243_CHA_C2973244_MTANOUS_GALI_CHARLES_-_TARJETA.pdf
2025-10-07 11:57:17 | Ruta completa: C:\laragon\www\analizer_files\data\20251007_115717_gmm5_RENOVACION_POLIZA_C2973243_CHA_C2973244_MTANOUS_GALI_CHARLES_-_TARJETA.pdf
2025-10-07 11:57:17 | ? PDF DESCARGADO EXITOSAMENTE: 20251007_115717_gmm5_RENOVACION_POLIZA_C2973243_CHA_C2973244_MTANOUS_GALI_CHARLES_-_TARJETA.pdf
2025-10-07 11:57:17 | Adjunto: C2973244 MTANOUS GALI CHARLES -COBERTURAS ADICIONALES.pdf
2025-10-07 11:57:17 | ? Verificación PDF: C2973244 MTANOUS GALI CHARLES -COBERTURAS ADICIONALES.pdf -> EXTENSIÓN VÁLIDA
2025-10-07 11:57:17 | ? PDF ENCONTRADO: C2973244 MTANOUS GALI CHARLES -COBERTURAS ADICIONALES.pdf
2025-10-07 11:57:17 | Guardando como: 20251007_115717_gmm5_RENOVACION_POLIZA_C2973243_CHA_C2973244_MTANOUS_GALI_CHARLES_-COBERTURAS_ADICIONALES.pdf
2025-10-07 11:57:17 | Ruta completa: C:\laragon\www\analizer_files\data\20251007_115717_gmm5_RENOVACION_POLIZA_C2973243_CHA_C2973244_MTANOUS_GALI_CHARLES_-COBERTURAS_ADICIONALES.pdf
2025-10-07 11:57:17 | ? PDF DESCARGADO EXITOSAMENTE: 20251007_115717_gmm5_RENOVACION_POLIZA_C2973243_CHA_C2973244_MTANOUS_GALI_CHARLES_-COBERTURAS_ADICIONALES.pdf
2025-10-07 11:57:17 | Adjunto: C2973244 MTANOUS GALI CHARLES.pdf
2025-10-07 11:57:17 | ? Verificación PDF: C2973244 MTANOUS GALI CHARLES.pdf -> EXTENSIÓN VÁLIDA
2025-10-07 11:57:18 | ? PDF ENCONTRADO: C2973244 MTANOUS GALI CHARLES.pdf
2025-10-07 11:57:18 | Guardando como: 20251007_115718_gmm5_RENOVACION_POLIZA_C2973243_CHA_C2973244_MTANOUS_GALI_CHARLES.pdf
2025-10-07 11:57:18 | Ruta completa: C:\laragon\www\analizer_files\data\20251007_115718_gmm5_RENOVACION_POLIZA_C2973243_CHA_C2973244_MTANOUS_GALI_CHARLES.pdf
2025-10-07 11:57:18 | ? PDF DESCARGADO EXITOSAMENTE: 20251007_115718_gmm5_RENOVACION_POLIZA_C2973243_CHA_C2973244_MTANOUS_GALI_CHARLES.pdf
2025-10-07 11:57:18 | Adjunto: RECIBO 1-12.pdf
2025-10-07 11:57:18 | ? Verificación PDF: RECIBO 1-12.pdf -> EXTENSIÓN VÁLIDA
2025-10-07 11:57:18 | ? PDF ENCONTRADO: RECIBO 1-12.pdf
2025-10-07 11:57:18 | Guardando como: 20251007_115718_gmm5_RENOVACION_POLIZA_C2973243_CHA_RECIBO_1-12.pdf
2025-10-07 11:57:18 | Ruta completa: C:\laragon\www\analizer_files\data\20251007_115718_gmm5_RENOVACION_POLIZA_C2973243_CHA_RECIBO_1-12.pdf
2025-10-07 11:57:18 | ? PDF DESCARGADO EXITOSAMENTE: 20251007_115718_gmm5_RENOVACION_POLIZA_C2973243_CHA_RECIBO_1-12.pdf
2025-10-07 11:57:18 | Adjunto: image003.jpg
2025-10-07 11:57:18 | ? Verificación PDF: image003.jpg -> NO es PDF
2025-10-07 11:57:18 | Adjunto: image004.png
2025-10-07 11:57:18 | ? Verificación PDF: image004.png -> NO es PDF
2025-10-07 11:57:18 | RESUMEN: 9 PDFs encontrados, 9 descargados
2025-10-07 12:00:49 | ?? NUEVO CORREO DETECTADO - Iniciando procesamiento...
2025-10-07 12:00:49 | === PROCESANDO CORREO ENTRANTE ===
2025-10-07 12:00:49 | Asunto: RENOVACION / POLIZA 418062196 / GABRIEL REYES HUERTA CARVAJAL
2025-10-07 12:00:49 | Remitente: Acevedo Couttolenc / Vianney Espinosa
2025-10-07 12:00:49 | ?? Detectada cuenta EXCHANGE, extrayendo email real...
2025-10-07 12:00:49 | ? Email REAL obtenido de Exchange: gmm1@ACEVEDOCOUTTOLENC.COM
2025-10-07 12:00:49 | Email remitente: gmm1@acevedocouttolenc.com
2025-10-07 12:00:49 | Dominio detectado: acevedocouttolenc.com
2025-10-07 12:00:49 | ?? Comparando dominio: acevedocouttolenc.com vs acevedocouttolenc.com
2025-10-07 12:00:49 | ? DOMINIO COINCIDE
2025-10-07 12:00:49 | ? CORREO ACEPTADO - Dominio coincide
2025-10-07 12:00:49 | Buscando adjuntos. Total: 11
2025-10-07 12:00:49 | Adjunto: 418062196 REYES HUERTA CARVAJAL GABRIEL.pdf
2025-10-07 12:00:49 | ? Verificación PDF: 418062196 REYES HUERTA CARVAJAL GABRIEL.pdf -> EXTENSIÓN VÁLIDA
2025-10-07 12:00:49 | ? PDF ENCONTRADO: 418062196 REYES HUERTA CARVAJAL GABRIEL.pdf
2025-10-07 12:00:49 | Guardando como: 20251007_120049_gmm1_RENOVACION___POLIZA_418062196__418062196_REYES_HUERTA_CARVAJAL_GABRIEL.pdf
2025-10-07 12:00:49 | Ruta completa: C:\laragon\www\analizer_files\data\20251007_120049_gmm1_RENOVACION___POLIZA_418062196__418062196_REYES_HUERTA_CARVAJAL_GABRIEL.pdf
2025-10-07 12:00:49 | ? PDF DESCARGADO EXITOSAMENTE: 20251007_120049_gmm1_RENOVACION___POLIZA_418062196__418062196_REYES_HUERTA_CARVAJAL_GABRIEL.pdf
2025-10-07 12:00:49 | Adjunto: 418062196 REYES HUERTA CARVAJAL GABRIEL - RECIBO.pdf
2025-10-07 12:00:49 | ? Verificación PDF: 418062196 REYES HUERTA CARVAJAL GABRIEL - RECIBO.pdf -> EXTENSIÓN VÁLIDA
2025-10-07 12:00:49 | ? PDF ENCONTRADO: 418062196 REYES HUERTA CARVAJAL GABRIEL - RECIBO.pdf
2025-10-07 12:00:49 | Guardando como: 20251007_120049_gmm1_RENOVACION___POLIZA_418062196__418062196_REYES_HUERTA_CARVAJAL_GABRIEL_-_RECIBO.pdf
2025-10-07 12:00:49 | Ruta completa: C:\laragon\www\analizer_files\data\20251007_120049_gmm1_RENOVACION___POLIZA_418062196__418062196_REYES_HUERTA_CARVAJAL_GABRIEL_-_RECIBO.pdf
2025-10-07 12:00:49 | ? PDF DESCARGADO EXITOSAMENTE: 20251007_120049_gmm1_RENOVACION___POLIZA_418062196__418062196_REYES_HUERTA_CARVAJAL_GABRIEL_-_RECIBO.pdf
2025-10-07 12:00:49 | Adjunto: 418062196 REYES HUERTA CARVAJAL GABRIEL - FACTURA.pdf
2025-10-07 12:00:49 | ? Verificación PDF: 418062196 REYES HUERTA CARVAJAL GABRIEL - FACTURA.pdf -> EXTENSIÓN VÁLIDA
2025-10-07 12:00:49 | ? PDF ENCONTRADO: 418062196 REYES HUERTA CARVAJAL GABRIEL - FACTURA.pdf
2025-10-07 12:00:49 | Guardando como: 20251007_120049_gmm1_RENOVACION___POLIZA_418062196__418062196_REYES_HUERTA_CARVAJAL_GABRIEL_-_FACTURA.pdf
2025-10-07 12:00:49 | Ruta completa: C:\laragon\www\analizer_files\data\20251007_120049_gmm1_RENOVACION___POLIZA_418062196__418062196_REYES_HUERTA_CARVAJAL_GABRIEL_-_FACTURA.pdf
2025-10-07 12:00:49 | ? PDF DESCARGADO EXITOSAMENTE: 20251007_120049_gmm1_RENOVACION___POLIZA_418062196__418062196_REYES_HUERTA_CARVAJAL_GABRIEL_-_FACTURA.pdf
2025-10-07 12:00:49 | Adjunto: image004.png
2025-10-07 12:00:49 | ? Verificación PDF: image004.png -> NO es PDF
2025-10-07 12:00:49 | Adjunto: image007.png
2025-10-07 12:00:49 | ? Verificación PDF: image007.png -> NO es PDF
2025-10-07 12:00:49 | Adjunto: PREMIUM-PLATINO-FLEXIBLES.zip
2025-10-07 12:00:49 | ? Verificación PDF: PREMIUM-PLATINO-FLEXIBLES.zip -> NO es PDF
2025-10-07 12:00:49 | Adjunto: 418062196 REYES HUERTA CARVAJAL GABRIEL - FACTURA.xml
2025-10-07 12:00:49 | ? Verificación PDF: 418062196 REYES HUERTA CARVAJAL GABRIEL - FACTURA.xml -> NO es PDF
2025-10-07 12:00:49 | Adjunto: image001.png
2025-10-07 12:00:49 | ? Verificación PDF: image001.png -> NO es PDF
2025-10-07 12:00:49 | Adjunto: image010.png
2025-10-07 12:00:49 | ? Verificación PDF: image010.png -> NO es PDF
2025-10-07 12:00:49 | Adjunto: image011.png
2025-10-07 12:00:49 | ? Verificación PDF: image011.png -> NO es PDF
2025-10-07 12:00:49 | Adjunto: image012.png
2025-10-07 12:00:49 | ? Verificación PDF: image012.png -> NO es PDF
2025-10-07 12:00:49 | RESUMEN: 3 PDFs encontrados, 3 descargados
2025-10-07 12:09:34 | ?? NUEVO CORREO DETECTADO - Iniciando procesamiento...
2025-10-07 12:09:34 | === PROCESANDO CORREO ENTRANTE ===
2025-10-07 12:09:34 | Asunto: RENOVACION / POLIZA 19092P07 / ERNESTO MARTINEZ HUERTA
2025-10-07 12:09:34 | Remitente: Acevedo Couttolenc / Vianney Espinosa
2025-10-07 12:09:34 | ?? Detectada cuenta EXCHANGE, extrayendo email real...
2025-10-07 12:09:34 | ? Email REAL obtenido de Exchange: gmm1@ACEVEDOCOUTTOLENC.COM
2025-10-07 12:09:34 | Email remitente: gmm1@acevedocouttolenc.com
2025-10-07 12:09:34 | Dominio detectado: acevedocouttolenc.com
2025-10-07 12:09:34 | ?? Comparando dominio: acevedocouttolenc.com vs acevedocouttolenc.com
2025-10-07 12:09:34 | ? DOMINIO COINCIDE
2025-10-07 12:09:34 | ? CORREO ACEPTADO - Dominio coincide
2025-10-07 12:09:34 | Buscando adjuntos. Total: 7
2025-10-07 12:09:34 | Adjunto: image002.png
2025-10-07 12:09:34 | ? Verificación PDF: image002.png -> NO es PDF
2025-10-07 12:09:34 | Adjunto: FLEX PLUS 2025.zip
2025-10-07 12:09:34 | ? Verificación PDF: FLEX PLUS 2025.zip -> NO es PDF
2025-10-07 12:09:34 | Adjunto: 19092P07 MARTINEZ HUERTA ERNESTO.pdf
2025-10-07 12:09:34 | ? Verificación PDF: 19092P07 MARTINEZ HUERTA ERNESTO.pdf -> EXTENSIÓN VÁLIDA
2025-10-07 12:09:34 | ? PDF ENCONTRADO: 19092P07 MARTINEZ HUERTA ERNESTO.pdf
2025-10-07 12:09:34 | Guardando como: 20251007_120934_gmm1_RENOVACION___POLIZA_19092P07___19092P07_MARTINEZ_HUERTA_ERNESTO.pdf
2025-10-07 12:09:34 | Ruta completa: C:\laragon\www\analizer_files\data\20251007_120934_gmm1_RENOVACION___POLIZA_19092P07___19092P07_MARTINEZ_HUERTA_ERNESTO.pdf
2025-10-07 12:09:34 | ? PDF DESCARGADO EXITOSAMENTE: 20251007_120934_gmm1_RENOVACION___POLIZA_19092P07___19092P07_MARTINEZ_HUERTA_ERNESTO.pdf
2025-10-07 12:09:34 | Adjunto: 19092P07 MARTINEZ HUERTA ERNESTO - ENDOSO 6MSI.pdf
2025-10-07 12:09:34 | ? Verificación PDF: 19092P07 MARTINEZ HUERTA ERNESTO - ENDOSO 6MSI.pdf -> EXTENSIÓN VÁLIDA
2025-10-07 12:09:34 | ? PDF ENCONTRADO: 19092P07 MARTINEZ HUERTA ERNESTO - ENDOSO 6MSI.pdf
2025-10-07 12:09:34 | Guardando como: 20251007_120934_gmm1_RENOVACION___POLIZA_19092P07___19092P07_MARTINEZ_HUERTA_ERNESTO_-_ENDOSO_6MSI.pdf
2025-10-07 12:09:34 | Ruta completa: C:\laragon\www\analizer_files\data\20251007_120934_gmm1_RENOVACION___POLIZA_19092P07___19092P07_MARTINEZ_HUERTA_ERNESTO_-_ENDOSO_6MSI.pdf
2025-10-07 12:09:34 | ? PDF DESCARGADO EXITOSAMENTE: 20251007_120934_gmm1_RENOVACION___POLIZA_19092P07___19092P07_MARTINEZ_HUERTA_ERNESTO_-_ENDOSO_6MSI.pdf
2025-10-07 12:09:34 | Adjunto: 19092P07 MARTINEZ HUERTA ERNESTO - TARJETA.pdf
2025-10-07 12:09:34 | ? Verificación PDF: 19092P07 MARTINEZ HUERTA ERNESTO - TARJETA.pdf -> EXTENSIÓN VÁLIDA
2025-10-07 12:09:34 | ? PDF ENCONTRADO: 19092P07 MARTINEZ HUERTA ERNESTO - TARJETA.pdf
2025-10-07 12:09:34 | Guardando como: 20251007_120934_gmm1_RENOVACION___POLIZA_19092P07___19092P07_MARTINEZ_HUERTA_ERNESTO_-_TARJETA.pdf
2025-10-07 12:09:34 | Ruta completa: C:\laragon\www\analizer_files\data\20251007_120934_gmm1_RENOVACION___POLIZA_19092P07___19092P07_MARTINEZ_HUERTA_ERNESTO_-_TARJETA.pdf
2025-10-07 12:09:34 | ? PDF DESCARGADO EXITOSAMENTE: 20251007_120934_gmm1_RENOVACION___POLIZA_19092P07___19092P07_MARTINEZ_HUERTA_ERNESTO_-_TARJETA.pdf
2025-10-07 12:09:34 | Adjunto: 19092P07 MARTINEZ HUERTA ERNESTO - RECIBO DE PRIMAS.pdf
2025-10-07 12:09:34 | ? Verificación PDF: 19092P07 MARTINEZ HUERTA ERNESTO - RECIBO DE PRIMAS.pdf -> EXTENSIÓN VÁLIDA
2025-10-07 12:09:34 | ? PDF ENCONTRADO: 19092P07 MARTINEZ HUERTA ERNESTO - RECIBO DE PRIMAS.pdf
2025-10-07 12:09:34 | Guardando como: 20251007_120934_gmm1_RENOVACION___POLIZA_19092P07___19092P07_MARTINEZ_HUERTA_ERNESTO_-_RECIBO_DE_PRIMAS.pdf
2025-10-07 12:09:34 | Ruta completa: C:\laragon\www\analizer_files\data\20251007_120934_gmm1_RENOVACION___POLIZA_19092P07___19092P07_MARTINEZ_HUERTA_ERNESTO_-_RECIBO_DE_PRIMAS.pdf
2025-10-07 12:09:34 | ? PDF DESCARGADO EXITOSAMENTE: 20251007_120934_gmm1_RENOVACION___POLIZA_19092P07___19092P07_MARTINEZ_HUERTA_ERNESTO_-_RECIBO_DE_PRIMAS.pdf
2025-10-07 12:09:34 | Adjunto: image001.png
2025-10-07 12:09:34 | ? Verificación PDF: image001.png -> NO es PDF
2025-10-07 12:09:34 | RESUMEN: 4 PDFs encontrados, 4 descargados
2025-10-07 12:10:24 | ?? NUEVO CORREO DETECTADO - Iniciando procesamiento...
2025-10-07 12:10:24 | === PROCESANDO CORREO ENTRANTE ===
2025-10-07 12:10:25 | Asunto: RENOVACION POLIZA 19429K07 GRUPO MONTMORELL, SA DE CV - GUILLERMO VENTOSA ALVAREZ
2025-10-07 12:10:25 | Remitente: Acevedo Couttolenc / Lucina Hernandez
2025-10-07 12:10:25 | ?? Detectada cuenta EXCHANGE, extrayendo email real...
2025-10-07 12:10:25 | ? Email REAL obtenido de Exchange: gmm5@ACEVEDOCOUTTOLENC.COM
2025-10-07 12:10:25 | Email remitente: gmm5@acevedocouttolenc.com
2025-10-07 12:10:25 | Dominio detectado: acevedocouttolenc.com
2025-10-07 12:10:25 | ?? Comparando dominio: acevedocouttolenc.com vs acevedocouttolenc.com
2025-10-07 12:10:25 | ? DOMINIO COINCIDE
2025-10-07 12:10:25 | ? CORREO ACEPTADO - Dominio coincide
2025-10-07 12:10:25 | Buscando adjuntos. Total: 6
2025-10-07 12:10:25 | Adjunto: 19429K07 GRUPO MONTMORELL - TARJETA.pdf
2025-10-07 12:10:25 | ? Verificación PDF: 19429K07 GRUPO MONTMORELL - TARJETA.pdf -> EXTENSIÓN VÁLIDA
2025-10-07 12:10:25 | ? PDF ENCONTRADO: 19429K07 GRUPO MONTMORELL - TARJETA.pdf
2025-10-07 12:10:25 | Guardando como: 20251007_121025_gmm5_RENOVACION_POLIZA_19429K07_GRU_19429K07_GRUPO_MONTMORELL_-_TARJETA.pdf
2025-10-07 12:10:25 | Ruta completa: C:\laragon\www\analizer_files\data\20251007_121025_gmm5_RENOVACION_POLIZA_19429K07_GRU_19429K07_GRUPO_MONTMORELL_-_TARJETA.pdf
2025-10-07 12:10:25 | ? PDF DESCARGADO EXITOSAMENTE: 20251007_121025_gmm5_RENOVACION_POLIZA_19429K07_GRU_19429K07_GRUPO_MONTMORELL_-_TARJETA.pdf
2025-10-07 12:10:25 | Adjunto: 19429K07 GRUPO MONTMORELL.pdf
2025-10-07 12:10:25 | ? Verificación PDF: 19429K07 GRUPO MONTMORELL.pdf -> EXTENSIÓN VÁLIDA
2025-10-07 12:10:25 | ? PDF ENCONTRADO: 19429K07 GRUPO MONTMORELL.pdf
2025-10-07 12:10:25 | Guardando como: 20251007_121025_gmm5_RENOVACION_POLIZA_19429K07_GRU_19429K07_GRUPO_MONTMORELL.pdf
2025-10-07 12:10:25 | Ruta completa: C:\laragon\www\analizer_files\data\20251007_121025_gmm5_RENOVACION_POLIZA_19429K07_GRU_19429K07_GRUPO_MONTMORELL.pdf
2025-10-07 12:10:25 | ? PDF DESCARGADO EXITOSAMENTE: 20251007_121025_gmm5_RENOVACION_POLIZA_19429K07_GRU_19429K07_GRUPO_MONTMORELL.pdf
2025-10-07 12:10:25 | Adjunto: RECIBO 1-1.pdf
2025-10-07 12:10:25 | ? Verificación PDF: RECIBO 1-1.pdf -> EXTENSIÓN VÁLIDA
2025-10-07 12:10:25 | ? PDF ENCONTRADO: RECIBO 1-1.pdf
2025-10-07 12:10:25 | Guardando como: 20251007_121025_gmm5_RENOVACION_POLIZA_19429K07_GRU_RECIBO_1-1.pdf
2025-10-07 12:10:25 | Ruta completa: C:\laragon\www\analizer_files\data\20251007_121025_gmm5_RENOVACION_POLIZA_19429K07_GRU_RECIBO_1-1.pdf
2025-10-07 12:10:25 | ? PDF DESCARGADO EXITOSAMENTE: 20251007_121025_gmm5_RENOVACION_POLIZA_19429K07_GRU_RECIBO_1-1.pdf
2025-10-07 12:10:25 | Adjunto: FLEX PLUS 2025.zip
2025-10-07 12:10:25 | ? Verificación PDF: FLEX PLUS 2025.zip -> NO es PDF
2025-10-07 12:10:25 | Adjunto: image001.png
2025-10-07 12:10:25 | ? Verificación PDF: image001.png -> NO es PDF
2025-10-07 12:10:25 | Adjunto: image002.jpg
2025-10-07 12:10:25 | ? Verificación PDF: image002.jpg -> NO es PDF
2025-10-07 12:10:25 | RESUMEN: 3 PDFs encontrados, 3 descargados
2025-10-07 12:11:22 | ?? NUEVO CORREO DETECTADO - Iniciando procesamiento...
2025-10-07 12:11:22 | === PROCESANDO CORREO ENTRANTE ===
2025-10-07 12:11:22 | Asunto: RV: 600050832 - 6	DIEGO SAINZ ACEVEDO	TIGUAN R-LINE SUV DSG MOD: 2018
2025-10-07 12:11:22 | Remitente: Acevedo Couttolenc / Abraham Pelcastre
2025-10-07 12:11:22 | ?? Detectada cuenta EXCHANGE, extrayendo email real...
2025-10-07 12:11:22 | ? Email REAL obtenido de Exchange: autos2@ACEVEDOCOUTTOLENC.COM
2025-10-07 12:11:22 | Email remitente: autos2@acevedocouttolenc.com
2025-10-07 12:11:22 | Dominio detectado: acevedocouttolenc.com
2025-10-07 12:11:22 | ?? Comparando dominio: acevedocouttolenc.com vs acevedocouttolenc.com
2025-10-07 12:11:22 | ? DOMINIO COINCIDE
2025-10-07 12:11:22 | ? CORREO ACEPTADO - Dominio coincide
2025-10-07 12:11:22 | Buscando adjuntos. Total: 3
2025-10-07 12:11:22 | Adjunto: image001.png
2025-10-07 12:11:22 | ? Verificación PDF: image001.png -> NO es PDF
2025-10-07 12:11:22 | Adjunto: image002.png
2025-10-07 12:11:22 | ? Verificación PDF: image002.png -> NO es PDF
2025-10-07 12:11:22 | Adjunto: image003.png
2025-10-07 12:11:22 | ? Verificación PDF: image003.png -> NO es PDF
2025-10-07 12:11:22 | RESUMEN: 0 PDFs encontrados, 0 descargados
2025-10-07 12:12:48 | ?? NUEVO CORREO DETECTADO - Iniciando procesamiento...
2025-10-07 12:12:48 | === PROCESANDO CORREO ENTRANTE ===
2025-10-07 12:12:48 | Asunto: RENOVACIÓN PÓLIZA DE VIDA INDIVIDUAL 525660916/ 357090174 DIAZ MARQUEZ ARTURO GENARO
2025-10-07 12:12:48 | Remitente: Acevedo Couttolenc / Frida Fernanda Villaseñor Tecuatl
2025-10-07 12:12:48 | ?? Detectada cuenta EXCHANGE, extrayendo email real...
2025-10-07 12:12:48 | ? Email REAL obtenido de Exchange: vida2@ACEVEDOCOUTTOLENC.COM
2025-10-07 12:12:48 | Email remitente: vida2@acevedocouttolenc.com
2025-10-07 12:12:48 | Dominio detectado: acevedocouttolenc.com
2025-10-07 12:12:48 | ?? Comparando dominio: acevedocouttolenc.com vs acevedocouttolenc.com
2025-10-07 12:12:48 | ? DOMINIO COINCIDE
2025-10-07 12:12:48 | ? CORREO ACEPTADO - Dominio coincide
2025-10-07 12:12:48 | Buscando adjuntos. Total: 3
2025-10-07 12:12:48 | Adjunto: 29102025 357090174 DIAZ MARQUEZ ARTURO.pdf
2025-10-07 12:12:48 | ? Verificación PDF: 29102025 357090174 DIAZ MARQUEZ ARTURO.pdf -> EXTENSIÓN VÁLIDA
2025-10-07 12:12:48 | ? PDF ENCONTRADO: 29102025 357090174 DIAZ MARQUEZ ARTURO.pdf
2025-10-07 12:12:48 | Guardando como: 20251007_121248_vida2_RENOVACI_N_P_LIZA_DE_VIDA_INDI_29102025_357090174_DIAZ_MARQUEZ_ARTURO.pdf
2025-10-07 12:12:48 | Ruta completa: C:\laragon\www\analizer_files\data\20251007_121248_vida2_RENOVACI_N_P_LIZA_DE_VIDA_INDI_29102025_357090174_DIAZ_MARQUEZ_ARTURO.pdf
2025-10-07 12:12:48 | ? PDF DESCARGADO EXITOSAMENTE: 20251007_121248_vida2_RENOVACI_N_P_LIZA_DE_VIDA_INDI_29102025_357090174_DIAZ_MARQUEZ_ARTURO.pdf
2025-10-07 12:12:48 | Adjunto: 25102025 525660916 DIAZ MARQUEZ ARTURO.pdf
2025-10-07 12:12:48 | ? Verificación PDF: 25102025 525660916 DIAZ MARQUEZ ARTURO.pdf -> EXTENSIÓN VÁLIDA
2025-10-07 12:12:48 | ? PDF ENCONTRADO: 25102025 525660916 DIAZ MARQUEZ ARTURO.pdf
2025-10-07 12:12:48 | Guardando como: 20251007_121248_vida2_RENOVACI_N_P_LIZA_DE_VIDA_INDI_25102025_525660916_DIAZ_MARQUEZ_ARTURO.pdf
2025-10-07 12:12:48 | Ruta completa: C:\laragon\www\analizer_files\data\20251007_121248_vida2_RENOVACI_N_P_LIZA_DE_VIDA_INDI_25102025_525660916_DIAZ_MARQUEZ_ARTURO.pdf
2025-10-07 12:12:48 | ? PDF DESCARGADO EXITOSAMENTE: 20251007_121248_vida2_RENOVACI_N_P_LIZA_DE_VIDA_INDI_25102025_525660916_DIAZ_MARQUEZ_ARTURO.pdf
2025-10-07 12:12:48 | Adjunto: image003.png
2025-10-07 12:12:48 | ? Verificación PDF: image003.png -> NO es PDF
2025-10-07 12:12:48 | RESUMEN: 2 PDFs encontrados, 2 descargados
2025-10-07 12:23:28 | ?? NUEVO CORREO DETECTADO - Iniciando procesamiento...
2025-10-07 12:23:28 | === PROCESANDO CORREO ENTRANTE ===
2025-10-07 12:23:28 | Asunto: RENOVACION / POLIZA 210525499 / ELIAS DAVID HANAN BERRA
2025-10-07 12:23:28 | Remitente: Acevedo Couttolenc / Vianney Espinosa
2025-10-07 12:23:28 | ?? Detectada cuenta EXCHANGE, extrayendo email real...
2025-10-07 12:23:28 | ? Email REAL obtenido de Exchange: gmm1@ACEVEDOCOUTTOLENC.COM
2025-10-07 12:23:28 | Email remitente: gmm1@acevedocouttolenc.com
2025-10-07 12:23:28 | Dominio detectado: acevedocouttolenc.com
2025-10-07 12:23:28 | ?? Comparando dominio: acevedocouttolenc.com vs acevedocouttolenc.com
2025-10-07 12:23:28 | ? DOMINIO COINCIDE
2025-10-07 12:23:28 | ? CORREO ACEPTADO - Dominio coincide
2025-10-07 12:23:28 | Buscando adjuntos. Total: 12
2025-10-07 12:23:28 | Adjunto: PREMIER.zip
2025-10-07 12:23:28 | ? Verificación PDF: PREMIER.zip -> NO es PDF
2025-10-07 12:23:28 | Adjunto: image001.png
2025-10-07 12:23:28 | ? Verificación PDF: image001.png -> NO es PDF
2025-10-07 12:23:28 | Adjunto: image002.png
2025-10-07 12:23:28 | ? Verificación PDF: image002.png -> NO es PDF
2025-10-07 12:23:28 | Adjunto: image003.png
2025-10-07 12:23:28 | ? Verificación PDF: image003.png -> NO es PDF
2025-10-07 12:23:28 | Adjunto: image004.png
2025-10-07 12:23:28 | ? Verificación PDF: image004.png -> NO es PDF
2025-10-07 12:23:28 | Adjunto: image005.png
2025-10-07 12:23:28 | ? Verificación PDF: image005.png -> NO es PDF
2025-10-07 12:23:28 | Adjunto: image006.png
2025-10-07 12:23:28 | ? Verificación PDF: image006.png -> NO es PDF
2025-10-07 12:23:28 | Adjunto: 210525499 HANAN BERRA ELIAS DAVID.pdf
2025-10-07 12:23:28 | ? Verificación PDF: 210525499 HANAN BERRA ELIAS DAVID.pdf -> EXTENSIÓN VÁLIDA
2025-10-07 12:23:28 | ? PDF ENCONTRADO: 210525499 HANAN BERRA ELIAS DAVID.pdf
2025-10-07 12:23:28 | Guardando como: 20251007_122328_gmm1_RENOVACION___POLIZA_210525499__210525499_HANAN_BERRA_ELIAS_DAVID.pdf
2025-10-07 12:23:28 | Ruta completa: C:\laragon\www\analizer_files\data\20251007_122328_gmm1_RENOVACION___POLIZA_210525499__210525499_HANAN_BERRA_ELIAS_DAVID.pdf
2025-10-07 12:23:28 | ? PDF DESCARGADO EXITOSAMENTE: 20251007_122328_gmm1_RENOVACION___POLIZA_210525499__210525499_HANAN_BERRA_ELIAS_DAVID.pdf
2025-10-07 12:23:28 | Adjunto: 210525499 HANAN BERRA ELIAS DAVID - RECIBO.pdf
2025-10-07 12:23:28 | ? Verificación PDF: 210525499 HANAN BERRA ELIAS DAVID - RECIBO.pdf -> EXTENSIÓN VÁLIDA
2025-10-07 12:23:28 | ? PDF ENCONTRADO: 210525499 HANAN BERRA ELIAS DAVID - RECIBO.pdf
2025-10-07 12:23:28 | Guardando como: 20251007_122328_gmm1_RENOVACION___POLIZA_210525499__210525499_HANAN_BERRA_ELIAS_DAVID_-_RECIBO.pdf
2025-10-07 12:23:28 | Ruta completa: C:\laragon\www\analizer_files\data\20251007_122328_gmm1_RENOVACION___POLIZA_210525499__210525499_HANAN_BERRA_ELIAS_DAVID_-_RECIBO.pdf
2025-10-07 12:23:28 | ? PDF DESCARGADO EXITOSAMENTE: 20251007_122328_gmm1_RENOVACION___POLIZA_210525499__210525499_HANAN_BERRA_ELIAS_DAVID_-_RECIBO.pdf
2025-10-07 12:23:28 | Adjunto: 210525499 HANAN BERRA ELIAS DAVID - NC.pdf
2025-10-07 12:23:28 | ? Verificación PDF: 210525499 HANAN BERRA ELIAS DAVID - NC.pdf -> EXTENSIÓN VÁLIDA
2025-10-07 12:23:28 | ? PDF ENCONTRADO: 210525499 HANAN BERRA ELIAS DAVID - NC.pdf
2025-10-07 12:23:28 | Guardando como: 20251007_122328_gmm1_RENOVACION___POLIZA_210525499__210525499_HANAN_BERRA_ELIAS_DAVID_-_NC.pdf
2025-10-07 12:23:28 | Ruta completa: C:\laragon\www\analizer_files\data\20251007_122328_gmm1_RENOVACION___POLIZA_210525499__210525499_HANAN_BERRA_ELIAS_DAVID_-_NC.pdf
2025-10-07 12:23:28 | ? PDF DESCARGADO EXITOSAMENTE: 20251007_122328_gmm1_RENOVACION___POLIZA_210525499__210525499_HANAN_BERRA_ELIAS_DAVID_-_NC.pdf
2025-10-07 12:23:28 | Adjunto: 210525499 HANAN BERRA ELIAS DAVID - ND.pdf
2025-10-07 12:23:28 | ? Verificación PDF: 210525499 HANAN BERRA ELIAS DAVID - ND.pdf -> EXTENSIÓN VÁLIDA
2025-10-07 12:23:28 | ? PDF ENCONTRADO: 210525499 HANAN BERRA ELIAS DAVID - ND.pdf
2025-10-07 12:23:28 | Guardando como: 20251007_122328_gmm1_RENOVACION___POLIZA_210525499__210525499_HANAN_BERRA_ELIAS_DAVID_-_ND.pdf
2025-10-07 12:23:28 | Ruta completa: C:\laragon\www\analizer_files\data\20251007_122328_gmm1_RENOVACION___POLIZA_210525499__210525499_HANAN_BERRA_ELIAS_DAVID_-_ND.pdf
2025-10-07 12:23:28 | ? PDF DESCARGADO EXITOSAMENTE: 20251007_122328_gmm1_RENOVACION___POLIZA_210525499__210525499_HANAN_BERRA_ELIAS_DAVID_-_ND.pdf
2025-10-07 12:23:28 | Adjunto: 210525499 HANAN BERRA ELIAS DAVID - FACTURA.pdf
2025-10-07 12:23:28 | ? Verificación PDF: 210525499 HANAN BERRA ELIAS DAVID - FACTURA.pdf -> EXTENSIÓN VÁLIDA
2025-10-07 12:23:28 | ? PDF ENCONTRADO: 210525499 HANAN BERRA ELIAS DAVID - FACTURA.pdf
2025-10-07 12:23:28 | Guardando como: 20251007_122328_gmm1_RENOVACION___POLIZA_210525499__210525499_HANAN_BERRA_ELIAS_DAVID_-_FACTURA.pdf
2025-10-07 12:23:28 | Ruta completa: C:\laragon\www\analizer_files\data\20251007_122328_gmm1_RENOVACION___POLIZA_210525499__210525499_HANAN_BERRA_ELIAS_DAVID_-_FACTURA.pdf
2025-10-07 12:23:29 | ? PDF DESCARGADO EXITOSAMENTE: 20251007_122328_gmm1_RENOVACION___POLIZA_210525499__210525499_HANAN_BERRA_ELIAS_DAVID_-_FACTURA.pdf
2025-10-07 12:23:29 | RESUMEN: 5 PDFs encontrados, 5 descargados
2025-10-07 12:25:11 | ?? NUEVO CORREO DETECTADO - Iniciando procesamiento...
2025-10-07 12:25:11 | === PROCESANDO CORREO ENTRANTE ===
2025-10-07 12:25:11 | Asunto: RENOVACION POLIZA (574761201) 693861080 ADRIANA MACIAS GOYA
2025-10-07 12:25:11 | Remitente: Acevedo Couttolenc / Lucina Hernandez
2025-10-07 12:25:11 | ?? Detectada cuenta EXCHANGE, extrayendo email real...
2025-10-07 12:25:11 | ? Email REAL obtenido de Exchange: gmm5@ACEVEDOCOUTTOLENC.COM
2025-10-07 12:25:11 | Email remitente: gmm5@acevedocouttolenc.com
2025-10-07 12:25:11 | Dominio detectado: acevedocouttolenc.com
2025-10-07 12:25:11 | ?? Comparando dominio: acevedocouttolenc.com vs acevedocouttolenc.com
2025-10-07 12:25:11 | ? DOMINIO COINCIDE
2025-10-07 12:25:11 | ? CORREO ACEPTADO - Dominio coincide
2025-10-07 12:25:11 | Buscando adjuntos. Total: 11
2025-10-07 12:25:11 | Adjunto: VERSATIL.zip
2025-10-07 12:25:11 | ? Verificación PDF: VERSATIL.zip -> NO es PDF
2025-10-07 12:25:11 | Adjunto: 693861080 MACIAS GOYA ADRIANA.pdf
2025-10-07 12:25:11 | ? Verificación PDF: 693861080 MACIAS GOYA ADRIANA.pdf -> EXTENSIÓN VÁLIDA
2025-10-07 12:25:11 | ? PDF ENCONTRADO: 693861080 MACIAS GOYA ADRIANA.pdf
2025-10-07 12:25:11 | Guardando como: 20251007_122511_gmm5_RENOVACION_POLIZA__574761201___693861080_MACIAS_GOYA_ADRIANA.pdf
2025-10-07 12:25:11 | Ruta completa: C:\laragon\www\analizer_files\data\20251007_122511_gmm5_RENOVACION_POLIZA__574761201___693861080_MACIAS_GOYA_ADRIANA.pdf
2025-10-07 12:25:11 | ? PDF DESCARGADO EXITOSAMENTE: 20251007_122511_gmm5_RENOVACION_POLIZA__574761201___693861080_MACIAS_GOYA_ADRIANA.pdf
2025-10-07 12:25:11 | Adjunto: 693861080 MACIAS GOYA ADRIANA -RECIBO.pdf
2025-10-07 12:25:11 | ? Verificación PDF: 693861080 MACIAS GOYA ADRIANA -RECIBO.pdf -> EXTENSIÓN VÁLIDA
2025-10-07 12:25:11 | ? PDF ENCONTRADO: 693861080 MACIAS GOYA ADRIANA -RECIBO.pdf
2025-10-07 12:25:11 | Guardando como: 20251007_122511_gmm5_RENOVACION_POLIZA__574761201___693861080_MACIAS_GOYA_ADRIANA_-RECIBO.pdf
2025-10-07 12:25:11 | Ruta completa: C:\laragon\www\analizer_files\data\20251007_122511_gmm5_RENOVACION_POLIZA__574761201___693861080_MACIAS_GOYA_ADRIANA_-RECIBO.pdf
2025-10-07 12:25:11 | ? PDF DESCARGADO EXITOSAMENTE: 20251007_122511_gmm5_RENOVACION_POLIZA__574761201___693861080_MACIAS_GOYA_ADRIANA_-RECIBO.pdf
2025-10-07 12:25:11 | Adjunto: 693861080 MACIAS GOYA ADRIANA -FACTURA.pdf
2025-10-07 12:25:11 | ? Verificación PDF: 693861080 MACIAS GOYA ADRIANA -FACTURA.pdf -> EXTENSIÓN VÁLIDA
2025-10-07 12:25:11 | ? PDF ENCONTRADO: 693861080 MACIAS GOYA ADRIANA -FACTURA.pdf
2025-10-07 12:25:11 | Guardando como: 20251007_122511_gmm5_RENOVACION_POLIZA__574761201___693861080_MACIAS_GOYA_ADRIANA_-FACTURA.pdf
2025-10-07 12:25:11 | Ruta completa: C:\laragon\www\analizer_files\data\20251007_122511_gmm5_RENOVACION_POLIZA__574761201___693861080_MACIAS_GOYA_ADRIANA_-FACTURA.pdf
2025-10-07 12:25:11 | ? PDF DESCARGADO EXITOSAMENTE: 20251007_122511_gmm5_RENOVACION_POLIZA__574761201___693861080_MACIAS_GOYA_ADRIANA_-FACTURA.pdf
2025-10-07 12:25:11 | Adjunto: 693861080.xml
2025-10-07 12:25:11 | ? Verificación PDF: 693861080.xml -> NO es PDF
2025-10-07 12:25:11 | Adjunto: image001.png
2025-10-07 12:25:11 | ? Verificación PDF: image001.png -> NO es PDF
2025-10-07 12:25:11 | Adjunto: image002.png
2025-10-07 12:25:11 | ? Verificación PDF: image002.png -> NO es PDF
2025-10-07 12:25:11 | Adjunto: image003.png
2025-10-07 12:25:11 | ? Verificación PDF: image003.png -> NO es PDF
2025-10-07 12:25:11 | Adjunto: image004.png
2025-10-07 12:25:11 | ? Verificación PDF: image004.png -> NO es PDF
2025-10-07 12:25:11 | Adjunto: image005.png
2025-10-07 12:25:11 | ? Verificación PDF: image005.png -> NO es PDF
2025-10-07 12:25:11 | Adjunto: image006.jpg
2025-10-07 12:25:11 | ? Verificación PDF: image006.jpg -> NO es PDF
2025-10-07 12:25:11 | RESUMEN: 3 PDFs encontrados, 3 descargados
2025-10-07 12:33:14 | ?? NUEVO CORREO DETECTADO - Iniciando procesamiento...
2025-10-07 12:33:14 | === PROCESANDO CORREO ENTRANTE ===
2025-10-07 12:33:14 | Asunto: RE: RECORDATORIO DE COOPERACIÓN – CONVIVIO FIESTAS PATRIAS
2025-10-07 12:33:14 | Remitente: Acevedo Couttolenc / Liseth Marena Vázquez Hernández
2025-10-07 12:33:14 | ?? Detectada cuenta EXCHANGE, extrayendo email real...
2025-10-07 12:33:14 | ? Email REAL obtenido de Exchange: recursoshumanos@ACEVEDOCOUTTOLENC.COM
2025-10-07 12:33:14 | Email remitente: recursoshumanos@acevedocouttolenc.com
2025-10-07 12:33:14 | Dominio detectado: acevedocouttolenc.com
2025-10-07 12:33:14 | ?? Comparando dominio: acevedocouttolenc.com vs acevedocouttolenc.com
2025-10-07 12:33:14 | ? DOMINIO COINCIDE
2025-10-07 12:33:14 | ? CORREO ACEPTADO - Dominio coincide
2025-10-07 12:33:14 | Buscando adjuntos. Total: 2
2025-10-07 12:33:14 | Adjunto: image004.png
2025-10-07 12:33:14 | ? Verificación PDF: image004.png -> NO es PDF
2025-10-07 12:33:14 | Adjunto: image002.png
2025-10-07 12:33:14 | ? Verificación PDF: image002.png -> NO es PDF
2025-10-07 12:33:14 | RESUMEN: 0 PDFs encontrados, 0 descargados
2025-10-07 12:41:00 | ?? NUEVO CORREO DETECTADO - Iniciando procesamiento...
2025-10-07 12:41:00 | === PROCESANDO CORREO ENTRANTE ===
2025-10-07 12:41:00 | Asunto: RENOVACION / POLIZA 831627 / MARTHA EUGENIA CARVAJAL SPECIA
2025-10-07 12:41:00 | Remitente: Acevedo Couttolenc / Vianney Espinosa
2025-10-07 12:41:00 | ?? Detectada cuenta EXCHANGE, extrayendo email real...
2025-10-07 12:41:00 | ? Email REAL obtenido de Exchange: gmm1@ACEVEDOCOUTTOLENC.COM
2025-10-07 12:41:00 | Email remitente: gmm1@acevedocouttolenc.com
2025-10-07 12:41:00 | Dominio detectado: acevedocouttolenc.com
2025-10-07 12:41:00 | ?? Comparando dominio: acevedocouttolenc.com vs acevedocouttolenc.com
2025-10-07 12:41:00 | ? DOMINIO COINCIDE
2025-10-07 12:41:00 | ? CORREO ACEPTADO - Dominio coincide
2025-10-07 12:41:00 | Buscando adjuntos. Total: 5
2025-10-07 12:41:00 | Adjunto: BUPA NACIONAL PLUS 2025.zip
2025-10-07 12:41:00 | ? Verificación PDF: BUPA NACIONAL PLUS 2025.zip -> NO es PDF
2025-10-07 12:41:00 | Adjunto: 831627 CARVAJAL SPECIA MARTHA EUGENIA.pdf
2025-10-07 12:41:00 | ? Verificación PDF: 831627 CARVAJAL SPECIA MARTHA EUGENIA.pdf -> EXTENSIÓN VÁLIDA
2025-10-07 12:41:00 | ? PDF ENCONTRADO: 831627 CARVAJAL SPECIA MARTHA EUGENIA.pdf
2025-10-07 12:41:00 | Guardando como: 20251007_124100_gmm1_RENOVACION___POLIZA_831627___M_831627_CARVAJAL_SPECIA_MARTHA_EUGENIA.pdf
2025-10-07 12:41:00 | Ruta completa: C:\laragon\www\analizer_files\data\20251007_124100_gmm1_RENOVACION___POLIZA_831627___M_831627_CARVAJAL_SPECIA_MARTHA_EUGENIA.pdf
2025-10-07 12:41:00 | ? PDF DESCARGADO EXITOSAMENTE: 20251007_124100_gmm1_RENOVACION___POLIZA_831627___M_831627_CARVAJAL_SPECIA_MARTHA_EUGENIA.pdf
2025-10-07 12:41:00 | Adjunto: 831627 CARVAJAL SPECIA MARTHA EUGENIA - RECIBO.pdf
2025-10-07 12:41:00 | ? Verificación PDF: 831627 CARVAJAL SPECIA MARTHA EUGENIA - RECIBO.pdf -> EXTENSIÓN VÁLIDA
2025-10-07 12:41:00 | ? PDF ENCONTRADO: 831627 CARVAJAL SPECIA MARTHA EUGENIA - RECIBO.pdf
2025-10-07 12:41:00 | Guardando como: 20251007_124100_gmm1_RENOVACION___POLIZA_831627___M_831627_CARVAJAL_SPECIA_MARTHA_EUGENIA_-_RECIBO.pdf
2025-10-07 12:41:00 | Ruta completa: C:\laragon\www\analizer_files\data\20251007_124100_gmm1_RENOVACION___POLIZA_831627___M_831627_CARVAJAL_SPECIA_MARTHA_EUGENIA_-_RECIBO.pdf
2025-10-07 12:41:00 | ? PDF DESCARGADO EXITOSAMENTE: 20251007_124100_gmm1_RENOVACION___POLIZA_831627___M_831627_CARVAJAL_SPECIA_MARTHA_EUGENIA_-_RECIBO.pdf
2025-10-07 12:41:00 | Adjunto: image001.png
2025-10-07 12:41:00 | ? Verificación PDF: image001.png -> NO es PDF
2025-10-07 12:41:00 | Adjunto: image004.png
2025-10-07 12:41:00 | ? Verificación PDF: image004.png -> NO es PDF
2025-10-07 12:41:00 | RESUMEN: 2 PDFs encontrados, 2 descargados
2025-10-07 12:56:24 | ?? NUEVO CORREO DETECTADO - Iniciando procesamiento...
2025-10-07 12:56:24 | === PROCESANDO CORREO ENTRANTE ===
2025-10-07 12:56:24 | Asunto: RENOVACIÓN PÓLIZA DE VIDA INDIVIDUAL FLEXI-8347097 ACEVEDO COUTTOLENC ALEJANDRO
2025-10-07 12:56:24 | Remitente: Acevedo Couttolenc / Frida Fernanda Villaseñor Tecuatl
2025-10-07 12:56:24 | ?? Detectada cuenta EXCHANGE, extrayendo email real...
2025-10-07 12:56:24 | ? Email REAL obtenido de Exchange: vida2@ACEVEDOCOUTTOLENC.COM
2025-10-07 12:56:24 | Email remitente: vida2@acevedocouttolenc.com
2025-10-07 12:56:24 | Dominio detectado: acevedocouttolenc.com
2025-10-07 12:56:24 | ?? Comparando dominio: acevedocouttolenc.com vs acevedocouttolenc.com
2025-10-07 12:56:24 | ? DOMINIO COINCIDE
2025-10-07 12:56:24 | ? CORREO ACEPTADO - Dominio coincide
2025-10-07 12:56:24 | Buscando adjuntos. Total: 2
2025-10-07 12:56:24 | Adjunto: 19102025 FLEXI-8347097 ACEVEDO COUTTOLENC ALEJANDRO.pdf
2025-10-07 12:56:24 | ? Verificación PDF: 19102025 FLEXI-8347097 ACEVEDO COUTTOLENC ALEJANDRO.pdf -> EXTENSIÓN VÁLIDA
2025-10-07 12:56:24 | ? PDF ENCONTRADO: 19102025 FLEXI-8347097 ACEVEDO COUTTOLENC ALEJANDRO.pdf
2025-10-07 12:56:24 | Guardando como: 20251007_125624_vida2_RENOVACI_N_P_LIZA_DE_VIDA_INDI_19102025_FLEXI-8347097_ACEVEDO_COUTTOLENC_ALEJANDRO.pdf
2025-10-07 12:56:24 | Ruta completa: C:\laragon\www\analizer_files\data\20251007_125624_vida2_RENOVACI_N_P_LIZA_DE_VIDA_INDI_19102025_FLEXI-8347097_ACEVEDO_COUTTOLENC_ALEJANDRO.pdf
2025-10-07 12:56:24 | ? PDF DESCARGADO EXITOSAMENTE: 20251007_125624_vida2_RENOVACI_N_P_LIZA_DE_VIDA_INDI_19102025_FLEXI-8347097_ACEVEDO_COUTTOLENC_ALEJANDRO.pdf
2025-10-07 12:56:24 | Adjunto: image002.png
2025-10-07 12:56:24 | ? Verificación PDF: image002.png -> NO es PDF
2025-10-07 12:56:24 | RESUMEN: 1 PDFs encontrados, 1 descargados
2025-10-07 13:06:46 | ?? NUEVO CORREO DETECTADO - Iniciando procesamiento...
2025-10-07 13:06:46 | === PROCESANDO CORREO ENTRANTE ===
2025-10-07 13:06:46 | Asunto: 940429944 // GUTIERREZ EMMELHAINZ PABLO JOSE // AUDI A3 DYNAMIC TFSI MOD 2023
2025-10-07 13:06:46 | Remitente: Acevedo Couttolenc / Diana Carrillo
2025-10-07 13:06:46 | ?? Detectada cuenta EXCHANGE, extrayendo email real...
2025-10-07 13:06:46 | ? Email REAL obtenido de Exchange: autos1@ACEVEDOCOUTTOLENC.COM
2025-10-07 13:06:46 | Email remitente: autos1@acevedocouttolenc.com
2025-10-07 13:06:46 | Dominio detectado: acevedocouttolenc.com
2025-10-07 13:06:46 | ?? Comparando dominio: acevedocouttolenc.com vs acevedocouttolenc.com
2025-10-07 13:06:46 | ? DOMINIO COINCIDE
2025-10-07 13:06:46 | ? CORREO ACEPTADO - Dominio coincide
2025-10-07 13:06:46 | Buscando adjuntos. Total: 6
2025-10-07 13:06:46 | Adjunto: image003.png
2025-10-07 13:06:46 | ? Verificación PDF: image003.png -> NO es PDF
2025-10-07 13:06:46 | Adjunto: REPORTE QUALITAS.pdf
2025-10-07 13:06:46 | ? Verificación PDF: REPORTE QUALITAS.pdf -> EXTENSIÓN VÁLIDA
2025-10-07 13:06:46 | ? PDF ENCONTRADO: REPORTE QUALITAS.pdf
2025-10-07 13:06:46 | Guardando como: 20251007_130646_autos1_940429944___GUTIERREZ_EMMELHAI_REPORTE_QUALITAS.pdf
2025-10-07 13:06:46 | Ruta completa: C:\laragon\www\analizer_files\data\20251007_130646_autos1_940429944___GUTIERREZ_EMMELHAI_REPORTE_QUALITAS.pdf
2025-10-07 13:06:47 | ? PDF DESCARGADO EXITOSAMENTE: 20251007_130646_autos1_940429944___GUTIERREZ_EMMELHAI_REPORTE_QUALITAS.pdf
2025-10-07 13:06:47 | Adjunto: 940429944 (1).pdf
2025-10-07 13:06:47 | ? Verificación PDF: 940429944 (1).pdf -> EXTENSIÓN VÁLIDA
2025-10-07 13:06:47 | ? PDF ENCONTRADO: 940429944 (1).pdf
2025-10-07 13:06:47 | Guardando como: 20251007_130647_autos1_940429944___GUTIERREZ_EMMELHAI_940429944__1.pdf
2025-10-07 13:06:47 | Ruta completa: C:\laragon\www\analizer_files\data\20251007_130647_autos1_940429944___GUTIERREZ_EMMELHAI_940429944__1.pdf
2025-10-07 13:06:47 | ? PDF DESCARGADO EXITOSAMENTE: 20251007_130647_autos1_940429944___GUTIERREZ_EMMELHAI_940429944__1.pdf
2025-10-07 13:06:47 | Adjunto: 940429944 (2).pdf
2025-10-07 13:06:47 | ? Verificación PDF: 940429944 (2).pdf -> EXTENSIÓN VÁLIDA
2025-10-07 13:06:47 | ? PDF ENCONTRADO: 940429944 (2).pdf
2025-10-07 13:06:47 | Guardando como: 20251007_130647_autos1_940429944___GUTIERREZ_EMMELHAI_940429944__2.pdf
2025-10-07 13:06:47 | Ruta completa: C:\laragon\www\analizer_files\data\20251007_130647_autos1_940429944___GUTIERREZ_EMMELHAI_940429944__2.pdf
2025-10-07 13:06:47 | ? PDF DESCARGADO EXITOSAMENTE: 20251007_130647_autos1_940429944___GUTIERREZ_EMMELHAI_940429944__2.pdf
2025-10-07 13:06:47 | Adjunto: CG AUTOS.pdf
2025-10-07 13:06:47 | ? Verificación PDF: CG AUTOS.pdf -> EXTENSIÓN VÁLIDA
2025-10-07 13:06:47 | ? PDF ENCONTRADO: CG AUTOS.pdf
2025-10-07 13:06:47 | Guardando como: 20251007_130647_autos1_940429944___GUTIERREZ_EMMELHAI_CG_AUTOS.pdf
2025-10-07 13:06:47 | Ruta completa: C:\laragon\www\analizer_files\data\20251007_130647_autos1_940429944___GUTIERREZ_EMMELHAI_CG_AUTOS.pdf
2025-10-07 13:06:48 | ? PDF DESCARGADO EXITOSAMENTE: 20251007_130647_autos1_940429944___GUTIERREZ_EMMELHAI_CG_AUTOS.pdf
2025-10-07 13:06:48 | Adjunto: image004.png
2025-10-07 13:06:48 | ? Verificación PDF: image004.png -> NO es PDF
2025-10-07 13:06:48 | RESUMEN: 4 PDFs encontrados, 4 descargados
2025-10-07 13:18:25 | ?? NUEVO CORREO DETECTADO - Iniciando procesamiento...
2025-10-07 13:18:25 | === PROCESANDO CORREO ENTRANTE ===
2025-10-07 13:18:25 | Asunto: RENOVACION DE GASTOS MEDICOS 1011366 JOSE MARIA FUENTES MATEOS-ISABEL FUENTES VILLALBA POL. (ANT) 574097812
2025-10-07 13:18:25 | Remitente: Acevedo Couttolenc / Rocio Romano
2025-10-07 13:18:25 | ?? Detectada cuenta EXCHANGE, extrayendo email real...
2025-10-07 13:18:25 | ? Email REAL obtenido de Exchange: gmm3@ACEVEDOCOUTTOLENC.COM
2025-10-07 13:18:25 | Email remitente: gmm3@acevedocouttolenc.com
2025-10-07 13:18:25 | Dominio detectado: acevedocouttolenc.com
2025-10-07 13:18:25 | ?? Comparando dominio: acevedocouttolenc.com vs acevedocouttolenc.com
2025-10-07 13:18:25 | ? DOMINIO COINCIDE
2025-10-07 13:18:25 | ? CORREO ACEPTADO - Dominio coincide
2025-10-07 13:18:25 | Buscando adjuntos. Total: 4
2025-10-07 13:18:25 | Adjunto: 1011366 FUENTES VILLALBA ISABEL BN.pdf
2025-10-07 13:18:25 | ? Verificación PDF: 1011366 FUENTES VILLALBA ISABEL BN.pdf -> EXTENSIÓN VÁLIDA
2025-10-07 13:18:25 | ? PDF ENCONTRADO: 1011366 FUENTES VILLALBA ISABEL BN.pdf
2025-10-07 13:18:25 | Guardando como: 20251007_131825_gmm3_RENOVACION_DE_GASTOS_MEDICOS_1_1011366_FUENTES_VILLALBA_ISABEL_BN.pdf
2025-10-07 13:18:25 | Ruta completa: C:\laragon\www\analizer_files\data\20251007_131825_gmm3_RENOVACION_DE_GASTOS_MEDICOS_1_1011366_FUENTES_VILLALBA_ISABEL_BN.pdf
2025-10-07 13:18:25 | ? PDF DESCARGADO EXITOSAMENTE: 20251007_131825_gmm3_RENOVACION_DE_GASTOS_MEDICOS_1_1011366_FUENTES_VILLALBA_ISABEL_BN.pdf
2025-10-07 13:18:25 | Adjunto: 1011366 FUENTES VILLALBA ISABEL BN_RECIBO.pdf
2025-10-07 13:18:25 | ? Verificación PDF: 1011366 FUENTES VILLALBA ISABEL BN_RECIBO.pdf -> EXTENSIÓN VÁLIDA
2025-10-07 13:18:25 | ? PDF ENCONTRADO: 1011366 FUENTES VILLALBA ISABEL BN_RECIBO.pdf
2025-10-07 13:18:25 | Guardando como: 20251007_131825_gmm3_RENOVACION_DE_GASTOS_MEDICOS_1_1011366_FUENTES_VILLALBA_ISABEL_BN_RECIBO.pdf
2025-10-07 13:18:25 | Ruta completa: C:\laragon\www\analizer_files\data\20251007_131825_gmm3_RENOVACION_DE_GASTOS_MEDICOS_1_1011366_FUENTES_VILLALBA_ISABEL_BN_RECIBO.pdf
2025-10-07 13:18:25 | ? PDF DESCARGADO EXITOSAMENTE: 20251007_131825_gmm3_RENOVACION_DE_GASTOS_MEDICOS_1_1011366_FUENTES_VILLALBA_ISABEL_BN_RECIBO.pdf
2025-10-07 13:18:25 | Adjunto: BUPA NACIONAL PLUS 2025.zip
2025-10-07 13:18:25 | ? Verificación PDF: BUPA NACIONAL PLUS 2025.zip -> NO es PDF
2025-10-07 13:18:25 | Adjunto: image002.jpg
2025-10-07 13:18:25 | ? Verificación PDF: image002.jpg -> NO es PDF
2025-10-07 13:18:25 | RESUMEN: 2 PDFs encontrados, 2 descargados
2025-10-07 13:24:40 | ?? NUEVO CORREO DETECTADO - Iniciando procesamiento...
2025-10-07 13:24:40 | === PROCESANDO CORREO ENTRANTE ===
2025-10-07 13:24:40 | Asunto: RENOVACIÓN PÓLIZA DE VIDA INDIVIDUAL V-8135241 VIGIL ESCALERA PELLON CARLOS
2025-10-07 13:24:40 | Remitente: Acevedo Couttolenc / Frida Fernanda Villaseñor Tecuatl
2025-10-07 13:24:40 | ?? Detectada cuenta EXCHANGE, extrayendo email real...
2025-10-07 13:24:40 | ? Email REAL obtenido de Exchange: vida2@ACEVEDOCOUTTOLENC.COM
2025-10-07 13:24:40 | Email remitente: vida2@acevedocouttolenc.com
2025-10-07 13:24:40 | Dominio detectado: acevedocouttolenc.com
2025-10-07 13:24:40 | ?? Comparando dominio: acevedocouttolenc.com vs acevedocouttolenc.com
2025-10-07 13:24:40 | ? DOMINIO COINCIDE
2025-10-07 13:24:40 | ? CORREO ACEPTADO - Dominio coincide
2025-10-07 13:24:40 | Buscando adjuntos. Total: 2
2025-10-07 13:24:40 | Adjunto: 19102025 V-8135241 VIGIL ESCALERA PELLON CARLOS.pdf
2025-10-07 13:24:40 | ? Verificación PDF: 19102025 V-8135241 VIGIL ESCALERA PELLON CARLOS.pdf -> EXTENSIÓN VÁLIDA
2025-10-07 13:24:40 | ? PDF ENCONTRADO: 19102025 V-8135241 VIGIL ESCALERA PELLON CARLOS.pdf
2025-10-07 13:24:40 | Guardando como: 20251007_132440_vida2_RENOVACI_N_P_LIZA_DE_VIDA_INDI_19102025_V-8135241_VIGIL_ESCALERA_PELLON_CARLOS.pdf
2025-10-07 13:24:40 | Ruta completa: C:\laragon\www\analizer_files\data\20251007_132440_vida2_RENOVACI_N_P_LIZA_DE_VIDA_INDI_19102025_V-8135241_VIGIL_ESCALERA_PELLON_CARLOS.pdf
2025-10-07 13:24:40 | ? PDF DESCARGADO EXITOSAMENTE: 20251007_132440_vida2_RENOVACI_N_P_LIZA_DE_VIDA_INDI_19102025_V-8135241_VIGIL_ESCALERA_PELLON_CARLOS.pdf
2025-10-07 13:24:40 | Adjunto: image003.png
2025-10-07 13:24:40 | ? Verificación PDF: image003.png -> NO es PDF
2025-10-07 13:24:40 | RESUMEN: 1 PDFs encontrados, 1 descargados
2025-10-07 13:29:50 | ?? NUEVO CORREO DETECTADO - Iniciando procesamiento...
2025-10-07 13:29:50 | === PROCESANDO CORREO ENTRANTE ===
2025-10-07 13:29:50 | Asunto: RENOVACION POLIZAS 94276474, 94289428 Y 94279924 GERMAN GUTIERREZ OLLIVIER
2025-10-07 13:29:50 | Remitente: Acevedo Couttolenc / Lucina Hernandez
2025-10-07 13:29:50 | ?? Detectada cuenta EXCHANGE, extrayendo email real...
2025-10-07 13:29:50 | ? Email REAL obtenido de Exchange: gmm5@ACEVEDOCOUTTOLENC.COM
2025-10-07 13:29:50 | Email remitente: gmm5@acevedocouttolenc.com
2025-10-07 13:29:50 | Dominio detectado: acevedocouttolenc.com
2025-10-07 13:29:50 | ?? Comparando dominio: acevedocouttolenc.com vs acevedocouttolenc.com
2025-10-07 13:29:50 | ? DOMINIO COINCIDE
2025-10-07 13:29:50 | ? CORREO ACEPTADO - Dominio coincide
2025-10-07 13:29:50 | Buscando adjuntos. Total: 23
2025-10-07 13:29:50 | Adjunto: 94289428 GUTIERREZ OLLIVIER GERMAN -GUTIERREZ MORAYTA GABRIEL -FACTURA.pdf
2025-10-07 13:29:50 | ? Verificación PDF: 94289428 GUTIERREZ OLLIVIER GERMAN -GUTIERREZ MORAYTA GABRIEL -FACTURA.pdf -> EXTENSIÓN VÁLIDA
2025-10-07 13:29:50 | ? PDF ENCONTRADO: 94289428 GUTIERREZ OLLIVIER GERMAN -GUTIERREZ MORAYTA GABRIEL -FACTURA.pdf
2025-10-07 13:29:50 | Guardando como: 20251007_132950_gmm5_RENOVACION_POLIZAS_94276474__9_94289428_GUTIERREZ_OLLIVIER_GERMAN_-GUTIERREZ_MORAYTA_GABRIEL_-FACTURA.pdf
2025-10-07 13:29:50 | Ruta completa: C:\laragon\www\analizer_files\data\20251007_132950_gmm5_RENOVACION_POLIZAS_94276474__9_94289428_GUTIERREZ_OLLIVIER_GERMAN_-GUTIERREZ_MORAYTA_GABRIEL_-FACTURA.pdf
2025-10-07 13:29:50 | ? PDF DESCARGADO EXITOSAMENTE: 20251007_132950_gmm5_RENOVACION_POLIZAS_94276474__9_94289428_GUTIERREZ_OLLIVIER_GERMAN_-GUTIERREZ_MORAYTA_GABRIEL_-FACTURA.pdf
2025-10-07 13:29:50 | Adjunto: 94289428 GUTIERREZ OLLIVIER GERMAN -GUTIERREZ MORAYTA GABRIEL -RECIBO.pdf
2025-10-07 13:29:50 | ? Verificación PDF: 94289428 GUTIERREZ OLLIVIER GERMAN -GUTIERREZ MORAYTA GABRIEL -RECIBO.pdf -> EXTENSIÓN VÁLIDA
2025-10-07 13:29:50 | ? PDF ENCONTRADO: 94289428 GUTIERREZ OLLIVIER GERMAN -GUTIERREZ MORAYTA GABRIEL -RECIBO.pdf
2025-10-07 13:29:50 | Guardando como: 20251007_132950_gmm5_RENOVACION_POLIZAS_94276474__9_94289428_GUTIERREZ_OLLIVIER_GERMAN_-GUTIERREZ_MORAYTA_GABRIEL_-RECIBO.pdf
2025-10-07 13:29:50 | Ruta completa: C:\laragon\www\analizer_files\data\20251007_132950_gmm5_RENOVACION_POLIZAS_94276474__9_94289428_GUTIERREZ_OLLIVIER_GERMAN_-GUTIERREZ_MORAYTA_GABRIEL_-RECIBO.pdf
2025-10-07 13:29:50 | ? PDF DESCARGADO EXITOSAMENTE: 20251007_132950_gmm5_RENOVACION_POLIZAS_94276474__9_94289428_GUTIERREZ_OLLIVIER_GERMAN_-GUTIERREZ_MORAYTA_GABRIEL_-RECIBO.pdf
2025-10-07 13:29:50 | Adjunto: 94289428 GUTIERREZ OLLIVIER GERMAN -GUTIERREZ MORAYTA GABRIEL.pdf
2025-10-07 13:29:50 | ? Verificación PDF: 94289428 GUTIERREZ OLLIVIER GERMAN -GUTIERREZ MORAYTA GABRIEL.pdf -> EXTENSIÓN VÁLIDA
2025-10-07 13:29:50 | ? PDF ENCONTRADO: 94289428 GUTIERREZ OLLIVIER GERMAN -GUTIERREZ MORAYTA GABRIEL.pdf
2025-10-07 13:29:50 | Guardando como: 20251007_132950_gmm5_RENOVACION_POLIZAS_94276474__9_94289428_GUTIERREZ_OLLIVIER_GERMAN_-GUTIERREZ_MORAYTA_GABRIEL.pdf
2025-10-07 13:29:50 | Ruta completa: C:\laragon\www\analizer_files\data\20251007_132950_gmm5_RENOVACION_POLIZAS_94276474__9_94289428_GUTIERREZ_OLLIVIER_GERMAN_-GUTIERREZ_MORAYTA_GABRIEL.pdf
2025-10-07 13:29:50 | ? PDF DESCARGADO EXITOSAMENTE: 20251007_132950_gmm5_RENOVACION_POLIZAS_94276474__9_94289428_GUTIERREZ_OLLIVIER_GERMAN_-GUTIERREZ_MORAYTA_GABRIEL.pdf
2025-10-07 13:29:50 | Adjunto: 94279924 GUTIERREZ OLLIVIER GERMAN -OLLIVIER THEUS MARIE FRANCE -FACTURA.pdf
2025-10-07 13:29:50 | ? Verificación PDF: 94279924 GUTIERREZ OLLIVIER GERMAN -OLLIVIER THEUS MARIE FRANCE -FACTURA.pdf -> EXTENSIÓN VÁLIDA
2025-10-07 13:29:50 | ? PDF ENCONTRADO: 94279924 GUTIERREZ OLLIVIER GERMAN -OLLIVIER THEUS MARIE FRANCE -FACTURA.pdf
2025-10-07 13:29:50 | Guardando como: 20251007_132950_gmm5_RENOVACION_POLIZAS_94276474__9_94279924_GUTIERREZ_OLLIVIER_GERMAN_-OLLIVIER_THEUS_MARIE_FRANCE_-FACTURA.pdf
2025-10-07 13:29:50 | Ruta completa: C:\laragon\www\analizer_files\data\20251007_132950_gmm5_RENOVACION_POLIZAS_94276474__9_94279924_GUTIERREZ_OLLIVIER_GERMAN_-OLLIVIER_THEUS_MARIE_FRANCE_-FACTURA.pdf
2025-10-07 13:29:50 | ? PDF DESCARGADO EXITOSAMENTE: 20251007_132950_gmm5_RENOVACION_POLIZAS_94276474__9_94279924_GUTIERREZ_OLLIVIER_GERMAN_-OLLIVIER_THEUS_MARIE_FRANCE_-FACTURA.pdf
2025-10-07 13:29:50 | Adjunto: 94279924 GUTIERREZ OLLIVIER GERMAN -OLLIVIER THEUS MARIE FRANCE -NOTA DE CREDITO FISCAL.pdf
2025-10-07 13:29:50 | ? Verificación PDF: 94279924 GUTIERREZ OLLIVIER GERMAN -OLLIVIER THEUS MARIE FRANCE -NOTA DE CREDITO FISCAL.pdf -> EXTENSIÓN VÁLIDA
2025-10-07 13:29:50 | ? PDF ENCONTRADO: 94279924 GUTIERREZ OLLIVIER GERMAN -OLLIVIER THEUS MARIE FRANCE -NOTA DE CREDITO FISCAL.pdf
2025-10-07 13:29:50 | Guardando como: 20251007_132950_gmm5_RENOVACION_POLIZAS_94276474__9_94279924_GUTIERREZ_OLLIVIER_GERMAN_-OLLIVIER_THEUS_MARIE_FRANCE_-NOTA_DE_CREDITO_FISCAL.pdf
2025-10-07 13:29:50 | Ruta completa: C:\laragon\www\analizer_files\data\20251007_132950_gmm5_RENOVACION_POLIZAS_94276474__9_94279924_GUTIERREZ_OLLIVIER_GERMAN_-OLLIVIER_THEUS_MARIE_FRANCE_-NOTA_DE_CREDITO_FISCAL.pdf
2025-10-07 13:29:50 | ? PDF DESCARGADO EXITOSAMENTE: 20251007_132950_gmm5_RENOVACION_POLIZAS_94276474__9_94279924_GUTIERREZ_OLLIVIER_GERMAN_-OLLIVIER_THEUS_MARIE_FRANCE_-NOTA_DE_CREDITO_FISCAL.pdf
2025-10-07 13:29:50 | Adjunto: 94279924 GUTIERREZ OLLIVIER GERMAN -OLLIVIER THEUS MARIE FRANCE -RECIBO.pdf
2025-10-07 13:29:50 | ? Verificación PDF: 94279924 GUTIERREZ OLLIVIER GERMAN -OLLIVIER THEUS MARIE FRANCE -RECIBO.pdf -> EXTENSIÓN VÁLIDA
2025-10-07 13:29:50 | ? PDF ENCONTRADO: 94279924 GUTIERREZ OLLIVIER GERMAN -OLLIVIER THEUS MARIE FRANCE -RECIBO.pdf
2025-10-07 13:29:50 | Guardando como: 20251007_132950_gmm5_RENOVACION_POLIZAS_94276474__9_94279924_GUTIERREZ_OLLIVIER_GERMAN_-OLLIVIER_THEUS_MARIE_FRANCE_-RECIBO.pdf
2025-10-07 13:29:50 | Ruta completa: C:\laragon\www\analizer_files\data\20251007_132950_gmm5_RENOVACION_POLIZAS_94276474__9_94279924_GUTIERREZ_OLLIVIER_GERMAN_-OLLIVIER_THEUS_MARIE_FRANCE_-RECIBO.pdf
2025-10-07 13:29:50 | ? PDF DESCARGADO EXITOSAMENTE: 20251007_132950_gmm5_RENOVACION_POLIZAS_94276474__9_94279924_GUTIERREZ_OLLIVIER_GERMAN_-OLLIVIER_THEUS_MARIE_FRANCE_-RECIBO.pdf
2025-10-07 13:29:50 | Adjunto: 94279924 GUTIERREZ OLLIVIER GERMAN -OLLIVIER THEUS MARIE FRANCE.pdf
2025-10-07 13:29:50 | ? Verificación PDF: 94279924 GUTIERREZ OLLIVIER GERMAN -OLLIVIER THEUS MARIE FRANCE.pdf -> EXTENSIÓN VÁLIDA
2025-10-07 13:29:50 | ? PDF ENCONTRADO: 94279924 GUTIERREZ OLLIVIER GERMAN -OLLIVIER THEUS MARIE FRANCE.pdf
2025-10-07 13:29:50 | Guardando como: 20251007_132950_gmm5_RENOVACION_POLIZAS_94276474__9_94279924_GUTIERREZ_OLLIVIER_GERMAN_-OLLIVIER_THEUS_MARIE_FRANCE.pdf
2025-10-07 13:29:50 | Ruta completa: C:\laragon\www\analizer_files\data\20251007_132950_gmm5_RENOVACION_POLIZAS_94276474__9_94279924_GUTIERREZ_OLLIVIER_GERMAN_-OLLIVIER_THEUS_MARIE_FRANCE.pdf
2025-10-07 13:29:51 | ? PDF DESCARGADO EXITOSAMENTE: 20251007_132950_gmm5_RENOVACION_POLIZAS_94276474__9_94279924_GUTIERREZ_OLLIVIER_GERMAN_-OLLIVIER_THEUS_MARIE_FRANCE.pdf
2025-10-07 13:29:51 | Adjunto: 94276474 GUTIERREZ OLLIVIER GERMAN - MORAYTA RUIZ MARGARITA  -FACTURA.pdf
2025-10-07 13:29:51 | ? Verificación PDF: 94276474 GUTIERREZ OLLIVIER GERMAN - MORAYTA RUIZ MARGARITA  -FACTURA.pdf -> EXTENSIÓN VÁLIDA
2025-10-07 13:29:51 | ? PDF ENCONTRADO: 94276474 GUTIERREZ OLLIVIER GERMAN - MORAYTA RUIZ MARGARITA  -FACTURA.pdf
2025-10-07 13:29:51 | Guardando como: 20251007_132951_gmm5_RENOVACION_POLIZAS_94276474__9_94276474_GUTIERREZ_OLLIVIER_GERMAN_-_MORAYTA_RUIZ_MARGARITA__-FACTURA.pdf
2025-10-07 13:29:51 | Ruta completa: C:\laragon\www\analizer_files\data\20251007_132951_gmm5_RENOVACION_POLIZAS_94276474__9_94276474_GUTIERREZ_OLLIVIER_GERMAN_-_MORAYTA_RUIZ_MARGARITA__-FACTURA.pdf
2025-10-07 13:29:51 | ? PDF DESCARGADO EXITOSAMENTE: 20251007_132951_gmm5_RENOVACION_POLIZAS_94276474__9_94276474_GUTIERREZ_OLLIVIER_GERMAN_-_MORAYTA_RUIZ_MARGARITA__-FACTURA.pdf
2025-10-07 13:29:51 | Adjunto: 94276474 GUTIERREZ OLLIVIER GERMAN - MORAYTA RUIZ MARGARITA  -NOTA DE CREDITO FISCAL.pdf
2025-10-07 13:29:51 | ? Verificación PDF: 94276474 GUTIERREZ OLLIVIER GERMAN - MORAYTA RUIZ MARGARITA  -NOTA DE CREDITO FISCAL.pdf -> EXTENSIÓN VÁLIDA
2025-10-07 13:29:51 | ? PDF ENCONTRADO: 94276474 GUTIERREZ OLLIVIER GERMAN - MORAYTA RUIZ MARGARITA  -NOTA DE CREDITO FISCAL.pdf
2025-10-07 13:29:51 | Guardando como: 20251007_132951_gmm5_RENOVACION_POLIZAS_94276474__9_94276474_GUTIERREZ_OLLIVIER_GERMAN_-_MORAYTA_RUIZ_MARGARITA__-NOTA_DE_CREDITO_FISCAL.pdf
2025-10-07 13:29:51 | Ruta completa: C:\laragon\www\analizer_files\data\20251007_132951_gmm5_RENOVACION_POLIZAS_94276474__9_94276474_GUTIERREZ_OLLIVIER_GERMAN_-_MORAYTA_RUIZ_MARGARITA__-NOTA_DE_CREDITO_FISCAL.pdf
2025-10-07 13:29:51 | ? PDF DESCARGADO EXITOSAMENTE: 20251007_132951_gmm5_RENOVACION_POLIZAS_94276474__9_94276474_GUTIERREZ_OLLIVIER_GERMAN_-_MORAYTA_RUIZ_MARGARITA__-NOTA_DE_CREDITO_FISCAL.pdf
2025-10-07 13:29:51 | Adjunto: 94276474 GUTIERREZ OLLIVIER GERMAN - MORAYTA RUIZ MARGARITA  -RECIBO.pdf
2025-10-07 13:29:51 | ? Verificación PDF: 94276474 GUTIERREZ OLLIVIER GERMAN - MORAYTA RUIZ MARGARITA  -RECIBO.pdf -> EXTENSIÓN VÁLIDA
2025-10-07 13:29:51 | ? PDF ENCONTRADO: 94276474 GUTIERREZ OLLIVIER GERMAN - MORAYTA RUIZ MARGARITA  -RECIBO.pdf
2025-10-07 13:29:51 | Guardando como: 20251007_132951_gmm5_RENOVACION_POLIZAS_94276474__9_94276474_GUTIERREZ_OLLIVIER_GERMAN_-_MORAYTA_RUIZ_MARGARITA__-RECIBO.pdf
2025-10-07 13:29:51 | Ruta completa: C:\laragon\www\analizer_files\data\20251007_132951_gmm5_RENOVACION_POLIZAS_94276474__9_94276474_GUTIERREZ_OLLIVIER_GERMAN_-_MORAYTA_RUIZ_MARGARITA__-RECIBO.pdf
2025-10-07 13:29:51 | ? PDF DESCARGADO EXITOSAMENTE: 20251007_132951_gmm5_RENOVACION_POLIZAS_94276474__9_94276474_GUTIERREZ_OLLIVIER_GERMAN_-_MORAYTA_RUIZ_MARGARITA__-RECIBO.pdf
2025-10-07 13:29:51 | Adjunto: 94276474 GUTIERREZ OLLIVIER GERMAN - MORAYTA RUIZ MARGARITA.pdf
2025-10-07 13:29:51 | ? Verificación PDF: 94276474 GUTIERREZ OLLIVIER GERMAN - MORAYTA RUIZ MARGARITA.pdf -> EXTENSIÓN VÁLIDA
2025-10-07 13:29:51 | ? PDF ENCONTRADO: 94276474 GUTIERREZ OLLIVIER GERMAN - MORAYTA RUIZ MARGARITA.pdf
2025-10-07 13:29:51 | Guardando como: 20251007_132951_gmm5_RENOVACION_POLIZAS_94276474__9_94276474_GUTIERREZ_OLLIVIER_GERMAN_-_MORAYTA_RUIZ_MARGARITA.pdf
2025-10-07 13:29:51 | Ruta completa: C:\laragon\www\analizer_files\data\20251007_132951_gmm5_RENOVACION_POLIZAS_94276474__9_94276474_GUTIERREZ_OLLIVIER_GERMAN_-_MORAYTA_RUIZ_MARGARITA.pdf
2025-10-07 13:29:51 | ? PDF DESCARGADO EXITOSAMENTE: 20251007_132951_gmm5_RENOVACION_POLIZAS_94276474__9_94276474_GUTIERREZ_OLLIVIER_GERMAN_-_MORAYTA_RUIZ_MARGARITA.pdf
2025-10-07 13:29:51 | Adjunto: 94289428.xml
2025-10-07 13:29:51 | ? Verificación PDF: 94289428.xml -> NO es PDF
2025-10-07 13:29:51 | Adjunto: 94279924.xml
2025-10-07 13:29:51 | ? Verificación PDF: 94279924.xml -> NO es PDF
2025-10-07 13:29:51 | Adjunto: 94279924 NC.xml
2025-10-07 13:29:51 | ? Verificación PDF: 94279924 NC.xml -> NO es PDF
2025-10-07 13:29:51 | Adjunto: 94276474.xml
2025-10-07 13:29:51 | ? Verificación PDF: 94276474.xml -> NO es PDF
2025-10-07 13:29:51 | Adjunto: 94276474 NC.xml
2025-10-07 13:29:51 | ? Verificación PDF: 94276474 NC.xml -> NO es PDF
2025-10-07 13:29:51 | Adjunto: PREMIER.zip
2025-10-07 13:29:51 | ? Verificación PDF: PREMIER.zip -> NO es PDF
2025-10-07 13:29:51 | Adjunto: image003.png
2025-10-07 13:29:51 | ? Verificación PDF: image003.png -> NO es PDF
2025-10-07 13:29:51 | Adjunto: image004.png
2025-10-07 13:29:51 | ? Verificación PDF: image004.png -> NO es PDF
2025-10-07 13:29:51 | Adjunto: image005.png
2025-10-07 13:29:51 | ? Verificación PDF: image005.png -> NO es PDF
2025-10-07 13:29:51 | Adjunto: image006.png
2025-10-07 13:29:51 | ? Verificación PDF: image006.png -> NO es PDF
2025-10-07 13:29:51 | Adjunto: image008.jpg
2025-10-07 13:29:51 | ? Verificación PDF: image008.jpg -> NO es PDF
2025-10-07 13:29:51 | Adjunto: image002.png
2025-10-07 13:29:51 | ? Verificación PDF: image002.png -> NO es PDF
2025-10-07 13:29:51 | RESUMEN: 11 PDFs encontrados, 11 descargados
2025-10-07 13:35:31 | ?? NUEVO CORREO DETECTADO - Iniciando procesamiento...
2025-10-07 13:35:31 | === PROCESANDO CORREO ENTRANTE ===
2025-10-07 13:35:31 | Asunto: 83289 // MERINO BUENFIL JOSE ADOLFO // NISSAN V-DRIVE TM AC AUDIO 1.6L MOD 2024
2025-10-07 13:35:31 | Remitente: Acevedo Couttolenc / Diana Carrillo
2025-10-07 13:35:31 | ?? Detectada cuenta EXCHANGE, extrayendo email real...
2025-10-07 13:35:31 | ? Email REAL obtenido de Exchange: autos1@ACEVEDOCOUTTOLENC.COM
2025-10-07 13:35:31 | Email remitente: autos1@acevedocouttolenc.com
2025-10-07 13:35:31 | Dominio detectado: acevedocouttolenc.com
2025-10-07 13:35:31 | ?? Comparando dominio: acevedocouttolenc.com vs acevedocouttolenc.com
2025-10-07 13:35:31 | ? DOMINIO COINCIDE
2025-10-07 13:35:31 | ? CORREO ACEPTADO - Dominio coincide
2025-10-07 13:35:31 | Buscando adjuntos. Total: 7
2025-10-07 13:35:31 | Adjunto: image003.png
2025-10-07 13:35:31 | ? Verificación PDF: image003.png -> NO es PDF
2025-10-07 13:35:31 | Adjunto: REPORTE SURA.pdf
2025-10-07 13:35:31 | ? Verificación PDF: REPORTE SURA.pdf -> EXTENSIÓN VÁLIDA
2025-10-07 13:35:31 | ? PDF ENCONTRADO: REPORTE SURA.pdf
2025-10-07 13:35:31 | Guardando como: 20251007_133531_autos1_83289___MERINO_BUENFIL_JOSE_AD_REPORTE_SURA.pdf
2025-10-07 13:35:31 | Ruta completa: C:\laragon\www\analizer_files\data\20251007_133531_autos1_83289___MERINO_BUENFIL_JOSE_AD_REPORTE_SURA.pdf
2025-10-07 13:35:31 | ? PDF DESCARGADO EXITOSAMENTE: 20251007_133531_autos1_83289___MERINO_BUENFIL_JOSE_AD_REPORTE_SURA.pdf
2025-10-07 13:35:31 | Adjunto: ENDOSO ROBO PARCIAL SURA.pdf
2025-10-07 13:35:31 | ? Verificación PDF: ENDOSO ROBO PARCIAL SURA.pdf -> EXTENSIÓN VÁLIDA
2025-10-07 13:35:31 | ? PDF ENCONTRADO: ENDOSO ROBO PARCIAL SURA.pdf
2025-10-07 13:35:31 | Guardando como: 20251007_133531_autos1_83289___MERINO_BUENFIL_JOSE_AD_ENDOSO_ROBO_PARCIAL_SURA.pdf
2025-10-07 13:35:31 | Ruta completa: C:\laragon\www\analizer_files\data\20251007_133531_autos1_83289___MERINO_BUENFIL_JOSE_AD_ENDOSO_ROBO_PARCIAL_SURA.pdf
2025-10-07 13:35:31 | ? PDF DESCARGADO EXITOSAMENTE: 20251007_133531_autos1_83289___MERINO_BUENFIL_JOSE_AD_ENDOSO_ROBO_PARCIAL_SURA.pdf
2025-10-07 13:35:31 | Adjunto: COND GENERALES AUTO.zip
2025-10-07 13:35:31 | ? Verificación PDF: COND GENERALES AUTO.zip -> NO es PDF
2025-10-07 13:35:31 | Adjunto: 83289 (2).pdf
2025-10-07 13:35:31 | ? Verificación PDF: 83289 (2).pdf -> EXTENSIÓN VÁLIDA
2025-10-07 13:35:31 | ? PDF ENCONTRADO: 83289 (2).pdf
2025-10-07 13:35:31 | Guardando como: 20251007_133531_autos1_83289___MERINO_BUENFIL_JOSE_AD_83289__2.pdf
2025-10-07 13:35:31 | Ruta completa: C:\laragon\www\analizer_files\data\20251007_133531_autos1_83289___MERINO_BUENFIL_JOSE_AD_83289__2.pdf
2025-10-07 13:35:31 | ? PDF DESCARGADO EXITOSAMENTE: 20251007_133531_autos1_83289___MERINO_BUENFIL_JOSE_AD_83289__2.pdf
2025-10-07 13:35:31 | Adjunto: 83289 (1).pdf
2025-10-07 13:35:31 | ? Verificación PDF: 83289 (1).pdf -> EXTENSIÓN VÁLIDA
2025-10-07 13:35:31 | ? PDF ENCONTRADO: 83289 (1).pdf
2025-10-07 13:35:31 | Guardando como: 20251007_133531_autos1_83289___MERINO_BUENFIL_JOSE_AD_83289__1.pdf
2025-10-07 13:35:31 | Ruta completa: C:\laragon\www\analizer_files\data\20251007_133531_autos1_83289___MERINO_BUENFIL_JOSE_AD_83289__1.pdf
2025-10-07 13:35:31 | ? PDF DESCARGADO EXITOSAMENTE: 20251007_133531_autos1_83289___MERINO_BUENFIL_JOSE_AD_83289__1.pdf
2025-10-07 13:35:31 | Adjunto: image004.png
2025-10-07 13:35:31 | ? Verificación PDF: image004.png -> NO es PDF
2025-10-07 13:35:31 | RESUMEN: 4 PDFs encontrados, 4 descargados
2025-10-07 13:35:31 | ?? NUEVO CORREO DETECTADO - Iniciando procesamiento...
2025-10-07 13:35:31 | === PROCESANDO CORREO ENTRANTE ===
2025-10-07 13:35:31 | Asunto: RENOVACION POLIZAS 94276474, 94289428 Y 94279924 GERMAN GUTIERREZ OLLIVIER
2025-10-07 13:35:31 | Remitente: Acevedo Couttolenc / Lucina Hernandez
2025-10-07 13:35:31 | ?? Detectada cuenta EXCHANGE, extrayendo email real...
2025-10-07 13:35:31 | ? Email REAL obtenido de Exchange: gmm5@ACEVEDOCOUTTOLENC.COM
2025-10-07 13:35:31 | Email remitente: gmm5@acevedocouttolenc.com
2025-10-07 13:35:31 | Dominio detectado: acevedocouttolenc.com
2025-10-07 13:35:31 | ?? Comparando dominio: acevedocouttolenc.com vs acevedocouttolenc.com
2025-10-07 13:35:31 | ? DOMINIO COINCIDE
2025-10-07 13:35:31 | ? CORREO ACEPTADO - Dominio coincide
2025-10-07 13:35:31 | Buscando adjuntos. Total: 23
2025-10-07 13:35:31 | Adjunto: 94289428 GUTIERREZ OLLIVIER GERMAN -GUTIERREZ MORAYTA GABRIEL -FACTURA.pdf
2025-10-07 13:35:31 | ? Verificación PDF: 94289428 GUTIERREZ OLLIVIER GERMAN -GUTIERREZ MORAYTA GABRIEL -FACTURA.pdf -> EXTENSIÓN VÁLIDA
2025-10-07 13:35:31 | ? PDF ENCONTRADO: 94289428 GUTIERREZ OLLIVIER GERMAN -GUTIERREZ MORAYTA GABRIEL -FACTURA.pdf
2025-10-07 13:35:31 | Guardando como: 20251007_133531_gmm5_RENOVACION_POLIZAS_94276474__9_94289428_GUTIERREZ_OLLIVIER_GERMAN_-GUTIERREZ_MORAYTA_GABRIEL_-FACTURA.pdf
2025-10-07 13:35:31 | Ruta completa: C:\laragon\www\analizer_files\data\20251007_133531_gmm5_RENOVACION_POLIZAS_94276474__9_94289428_GUTIERREZ_OLLIVIER_GERMAN_-GUTIERREZ_MORAYTA_GABRIEL_-FACTURA.pdf
2025-10-07 13:35:32 | ? PDF DESCARGADO EXITOSAMENTE: 20251007_133531_gmm5_RENOVACION_POLIZAS_94276474__9_94289428_GUTIERREZ_OLLIVIER_GERMAN_-GUTIERREZ_MORAYTA_GABRIEL_-FACTURA.pdf
2025-10-07 13:35:32 | Adjunto: 94289428 GUTIERREZ OLLIVIER GERMAN -GUTIERREZ MORAYTA GABRIEL -RECIBO.pdf
2025-10-07 13:35:32 | ? Verificación PDF: 94289428 GUTIERREZ OLLIVIER GERMAN -GUTIERREZ MORAYTA GABRIEL -RECIBO.pdf -> EXTENSIÓN VÁLIDA
2025-10-07 13:35:32 | ? PDF ENCONTRADO: 94289428 GUTIERREZ OLLIVIER GERMAN -GUTIERREZ MORAYTA GABRIEL -RECIBO.pdf
2025-10-07 13:35:32 | Guardando como: 20251007_133532_gmm5_RENOVACION_POLIZAS_94276474__9_94289428_GUTIERREZ_OLLIVIER_GERMAN_-GUTIERREZ_MORAYTA_GABRIEL_-RECIBO.pdf
2025-10-07 13:35:32 | Ruta completa: C:\laragon\www\analizer_files\data\20251007_133532_gmm5_RENOVACION_POLIZAS_94276474__9_94289428_GUTIERREZ_OLLIVIER_GERMAN_-GUTIERREZ_MORAYTA_GABRIEL_-RECIBO.pdf
2025-10-07 13:35:32 | ? PDF DESCARGADO EXITOSAMENTE: 20251007_133532_gmm5_RENOVACION_POLIZAS_94276474__9_94289428_GUTIERREZ_OLLIVIER_GERMAN_-GUTIERREZ_MORAYTA_GABRIEL_-RECIBO.pdf
2025-10-07 13:35:32 | Adjunto: 94289428 GUTIERREZ OLLIVIER GERMAN -GUTIERREZ MORAYTA GABRIEL.pdf
2025-10-07 13:35:32 | ? Verificación PDF: 94289428 GUTIERREZ OLLIVIER GERMAN -GUTIERREZ MORAYTA GABRIEL.pdf -> EXTENSIÓN VÁLIDA
2025-10-07 13:35:32 | ? PDF ENCONTRADO: 94289428 GUTIERREZ OLLIVIER GERMAN -GUTIERREZ MORAYTA GABRIEL.pdf
2025-10-07 13:35:32 | Guardando como: 20251007_133532_gmm5_RENOVACION_POLIZAS_94276474__9_94289428_GUTIERREZ_OLLIVIER_GERMAN_-GUTIERREZ_MORAYTA_GABRIEL.pdf
2025-10-07 13:35:32 | Ruta completa: C:\laragon\www\analizer_files\data\20251007_133532_gmm5_RENOVACION_POLIZAS_94276474__9_94289428_GUTIERREZ_OLLIVIER_GERMAN_-GUTIERREZ_MORAYTA_GABRIEL.pdf
2025-10-07 13:35:32 | ? PDF DESCARGADO EXITOSAMENTE: 20251007_133532_gmm5_RENOVACION_POLIZAS_94276474__9_94289428_GUTIERREZ_OLLIVIER_GERMAN_-GUTIERREZ_MORAYTA_GABRIEL.pdf
2025-10-07 13:35:32 | Adjunto: 94279924 GUTIERREZ OLLIVIER GERMAN -OLLIVIER THEUS MARIE FRANCE -FACTURA.pdf
2025-10-07 13:35:32 | ? Verificación PDF: 94279924 GUTIERREZ OLLIVIER GERMAN -OLLIVIER THEUS MARIE FRANCE -FACTURA.pdf -> EXTENSIÓN VÁLIDA
2025-10-07 13:35:32 | ? PDF ENCONTRADO: 94279924 GUTIERREZ OLLIVIER GERMAN -OLLIVIER THEUS MARIE FRANCE -FACTURA.pdf
2025-10-07 13:35:32 | Guardando como: 20251007_133532_gmm5_RENOVACION_POLIZAS_94276474__9_94279924_GUTIERREZ_OLLIVIER_GERMAN_-OLLIVIER_THEUS_MARIE_FRANCE_-FACTURA.pdf
2025-10-07 13:35:32 | Ruta completa: C:\laragon\www\analizer_files\data\20251007_133532_gmm5_RENOVACION_POLIZAS_94276474__9_94279924_GUTIERREZ_OLLIVIER_GERMAN_-OLLIVIER_THEUS_MARIE_FRANCE_-FACTURA.pdf
2025-10-07 13:35:32 | ? PDF DESCARGADO EXITOSAMENTE: 20251007_133532_gmm5_RENOVACION_POLIZAS_94276474__9_94279924_GUTIERREZ_OLLIVIER_GERMAN_-OLLIVIER_THEUS_MARIE_FRANCE_-FACTURA.pdf
2025-10-07 13:35:32 | Adjunto: 94279924 GUTIERREZ OLLIVIER GERMAN -OLLIVIER THEUS MARIE FRANCE -NOTA DE CREDITO FISCAL.pdf
2025-10-07 13:35:32 | ? Verificación PDF: 94279924 GUTIERREZ OLLIVIER GERMAN -OLLIVIER THEUS MARIE FRANCE -NOTA DE CREDITO FISCAL.pdf -> EXTENSIÓN VÁLIDA
2025-10-07 13:35:32 | ? PDF ENCONTRADO: 94279924 GUTIERREZ OLLIVIER GERMAN -OLLIVIER THEUS MARIE FRANCE -NOTA DE CREDITO FISCAL.pdf
2025-10-07 13:35:32 | Guardando como: 20251007_133532_gmm5_RENOVACION_POLIZAS_94276474__9_94279924_GUTIERREZ_OLLIVIER_GERMAN_-OLLIVIER_THEUS_MARIE_FRANCE_-NOTA_DE_CREDITO_FISCAL.pdf
2025-10-07 13:35:32 | Ruta completa: C:\laragon\www\analizer_files\data\20251007_133532_gmm5_RENOVACION_POLIZAS_94276474__9_94279924_GUTIERREZ_OLLIVIER_GERMAN_-OLLIVIER_THEUS_MARIE_FRANCE_-NOTA_DE_CREDITO_FISCAL.pdf
2025-10-07 13:35:32 | ? PDF DESCARGADO EXITOSAMENTE: 20251007_133532_gmm5_RENOVACION_POLIZAS_94276474__9_94279924_GUTIERREZ_OLLIVIER_GERMAN_-OLLIVIER_THEUS_MARIE_FRANCE_-NOTA_DE_CREDITO_FISCAL.pdf
2025-10-07 13:35:32 | Adjunto: 94279924 GUTIERREZ OLLIVIER GERMAN -OLLIVIER THEUS MARIE FRANCE -RECIBO.pdf
2025-10-07 13:35:32 | ? Verificación PDF: 94279924 GUTIERREZ OLLIVIER GERMAN -OLLIVIER THEUS MARIE FRANCE -RECIBO.pdf -> EXTENSIÓN VÁLIDA
2025-10-07 13:35:32 | ? PDF ENCONTRADO: 94279924 GUTIERREZ OLLIVIER GERMAN -OLLIVIER THEUS MARIE FRANCE -RECIBO.pdf
2025-10-07 13:35:32 | Guardando como: 20251007_133532_gmm5_RENOVACION_POLIZAS_94276474__9_94279924_GUTIERREZ_OLLIVIER_GERMAN_-OLLIVIER_THEUS_MARIE_FRANCE_-RECIBO.pdf
2025-10-07 13:35:32 | Ruta completa: C:\laragon\www\analizer_files\data\20251007_133532_gmm5_RENOVACION_POLIZAS_94276474__9_94279924_GUTIERREZ_OLLIVIER_GERMAN_-OLLIVIER_THEUS_MARIE_FRANCE_-RECIBO.pdf
2025-10-07 13:35:32 | ? PDF DESCARGADO EXITOSAMENTE: 20251007_133532_gmm5_RENOVACION_POLIZAS_94276474__9_94279924_GUTIERREZ_OLLIVIER_GERMAN_-OLLIVIER_THEUS_MARIE_FRANCE_-RECIBO.pdf
2025-10-07 13:35:32 | Adjunto: 94279924 GUTIERREZ OLLIVIER GERMAN -OLLIVIER THEUS MARIE FRANCE.pdf
2025-10-07 13:35:32 | ? Verificación PDF: 94279924 GUTIERREZ OLLIVIER GERMAN -OLLIVIER THEUS MARIE FRANCE.pdf -> EXTENSIÓN VÁLIDA
2025-10-07 13:35:32 | ? PDF ENCONTRADO: 94279924 GUTIERREZ OLLIVIER GERMAN -OLLIVIER THEUS MARIE FRANCE.pdf
2025-10-07 13:35:32 | Guardando como: 20251007_133532_gmm5_RENOVACION_POLIZAS_94276474__9_94279924_GUTIERREZ_OLLIVIER_GERMAN_-OLLIVIER_THEUS_MARIE_FRANCE.pdf
2025-10-07 13:35:32 | Ruta completa: C:\laragon\www\analizer_files\data\20251007_133532_gmm5_RENOVACION_POLIZAS_94276474__9_94279924_GUTIERREZ_OLLIVIER_GERMAN_-OLLIVIER_THEUS_MARIE_FRANCE.pdf
2025-10-07 13:35:32 | ? PDF DESCARGADO EXITOSAMENTE: 20251007_133532_gmm5_RENOVACION_POLIZAS_94276474__9_94279924_GUTIERREZ_OLLIVIER_GERMAN_-OLLIVIER_THEUS_MARIE_FRANCE.pdf
2025-10-07 13:35:32 | Adjunto: 94276474 GUTIERREZ OLLIVIER GERMAN - MORAYTA RUIZ MARGARITA  -FACTURA.pdf
2025-10-07 13:35:32 | ? Verificación PDF: 94276474 GUTIERREZ OLLIVIER GERMAN - MORAYTA RUIZ MARGARITA  -FACTURA.pdf -> EXTENSIÓN VÁLIDA
2025-10-07 13:35:32 | ? PDF ENCONTRADO: 94276474 GUTIERREZ OLLIVIER GERMAN - MORAYTA RUIZ MARGARITA  -FACTURA.pdf
2025-10-07 13:35:32 | Guardando como: 20251007_133532_gmm5_RENOVACION_POLIZAS_94276474__9_94276474_GUTIERREZ_OLLIVIER_GERMAN_-_MORAYTA_RUIZ_MARGARITA__-FACTURA.pdf
2025-10-07 13:35:32 | Ruta completa: C:\laragon\www\analizer_files\data\20251007_133532_gmm5_RENOVACION_POLIZAS_94276474__9_94276474_GUTIERREZ_OLLIVIER_GERMAN_-_MORAYTA_RUIZ_MARGARITA__-FACTURA.pdf
2025-10-07 13:35:32 | ? PDF DESCARGADO EXITOSAMENTE: 20251007_133532_gmm5_RENOVACION_POLIZAS_94276474__9_94276474_GUTIERREZ_OLLIVIER_GERMAN_-_MORAYTA_RUIZ_MARGARITA__-FACTURA.pdf
2025-10-07 13:35:32 | Adjunto: 94276474 GUTIERREZ OLLIVIER GERMAN - MORAYTA RUIZ MARGARITA  -NOTA DE CREDITO FISCAL.pdf
2025-10-07 13:35:32 | ? Verificación PDF: 94276474 GUTIERREZ OLLIVIER GERMAN - MORAYTA RUIZ MARGARITA  -NOTA DE CREDITO FISCAL.pdf -> EXTENSIÓN VÁLIDA
2025-10-07 13:35:32 | ? PDF ENCONTRADO: 94276474 GUTIERREZ OLLIVIER GERMAN - MORAYTA RUIZ MARGARITA  -NOTA DE CREDITO FISCAL.pdf
2025-10-07 13:35:32 | Guardando como: 20251007_133532_gmm5_RENOVACION_POLIZAS_94276474__9_94276474_GUTIERREZ_OLLIVIER_GERMAN_-_MORAYTA_RUIZ_MARGARITA__-NOTA_DE_CREDITO_FISCAL.pdf
2025-10-07 13:35:32 | Ruta completa: C:\laragon\www\analizer_files\data\20251007_133532_gmm5_RENOVACION_POLIZAS_94276474__9_94276474_GUTIERREZ_OLLIVIER_GERMAN_-_MORAYTA_RUIZ_MARGARITA__-NOTA_DE_CREDITO_FISCAL.pdf
2025-10-07 13:35:32 | ? PDF DESCARGADO EXITOSAMENTE: 20251007_133532_gmm5_RENOVACION_POLIZAS_94276474__9_94276474_GUTIERREZ_OLLIVIER_GERMAN_-_MORAYTA_RUIZ_MARGARITA__-NOTA_DE_CREDITO_FISCAL.pdf
2025-10-07 13:35:33 | Adjunto: 94276474 GUTIERREZ OLLIVIER GERMAN - MORAYTA RUIZ MARGARITA  -RECIBO.pdf
2025-10-07 13:35:33 | ? Verificación PDF: 94276474 GUTIERREZ OLLIVIER GERMAN - MORAYTA RUIZ MARGARITA  -RECIBO.pdf -> EXTENSIÓN VÁLIDA
2025-10-07 13:35:33 | ? PDF ENCONTRADO: 94276474 GUTIERREZ OLLIVIER GERMAN - MORAYTA RUIZ MARGARITA  -RECIBO.pdf
2025-10-07 13:35:33 | Guardando como: 20251007_133533_gmm5_RENOVACION_POLIZAS_94276474__9_94276474_GUTIERREZ_OLLIVIER_GERMAN_-_MORAYTA_RUIZ_MARGARITA__-RECIBO.pdf
2025-10-07 13:35:33 | Ruta completa: C:\laragon\www\analizer_files\data\20251007_133533_gmm5_RENOVACION_POLIZAS_94276474__9_94276474_GUTIERREZ_OLLIVIER_GERMAN_-_MORAYTA_RUIZ_MARGARITA__-RECIBO.pdf
2025-10-07 13:35:33 | ? PDF DESCARGADO EXITOSAMENTE: 20251007_133533_gmm5_RENOVACION_POLIZAS_94276474__9_94276474_GUTIERREZ_OLLIVIER_GERMAN_-_MORAYTA_RUIZ_MARGARITA__-RECIBO.pdf
2025-10-07 13:35:33 | Adjunto: 94276474 GUTIERREZ OLLIVIER GERMAN - MORAYTA RUIZ MARGARITA.pdf
2025-10-07 13:35:33 | ? Verificación PDF: 94276474 GUTIERREZ OLLIVIER GERMAN - MORAYTA RUIZ MARGARITA.pdf -> EXTENSIÓN VÁLIDA
2025-10-07 13:35:33 | ? PDF ENCONTRADO: 94276474 GUTIERREZ OLLIVIER GERMAN - MORAYTA RUIZ MARGARITA.pdf
2025-10-07 13:35:33 | Guardando como: 20251007_133533_gmm5_RENOVACION_POLIZAS_94276474__9_94276474_GUTIERREZ_OLLIVIER_GERMAN_-_MORAYTA_RUIZ_MARGARITA.pdf
2025-10-07 13:35:33 | Ruta completa: C:\laragon\www\analizer_files\data\20251007_133533_gmm5_RENOVACION_POLIZAS_94276474__9_94276474_GUTIERREZ_OLLIVIER_GERMAN_-_MORAYTA_RUIZ_MARGARITA.pdf
2025-10-07 13:35:33 | ? PDF DESCARGADO EXITOSAMENTE: 20251007_133533_gmm5_RENOVACION_POLIZAS_94276474__9_94276474_GUTIERREZ_OLLIVIER_GERMAN_-_MORAYTA_RUIZ_MARGARITA.pdf
2025-10-07 13:35:33 | Adjunto: 94289428.xml
2025-10-07 13:35:33 | ? Verificación PDF: 94289428.xml -> NO es PDF
2025-10-07 13:35:33 | Adjunto: 94279924.xml
2025-10-07 13:35:33 | ? Verificación PDF: 94279924.xml -> NO es PDF
2025-10-07 13:35:33 | Adjunto: 94279924 NC.xml
2025-10-07 13:35:33 | ? Verificación PDF: 94279924 NC.xml -> NO es PDF
2025-10-07 13:35:33 | Adjunto: 94276474.xml
2025-10-07 13:35:33 | ? Verificación PDF: 94276474.xml -> NO es PDF
2025-10-07 13:35:33 | Adjunto: 94276474 NC.xml
2025-10-07 13:35:33 | ? Verificación PDF: 94276474 NC.xml -> NO es PDF
2025-10-07 13:35:33 | Adjunto: PREMIER.zip
2025-10-07 13:35:33 | ? Verificación PDF: PREMIER.zip -> NO es PDF
2025-10-07 13:35:33 | Adjunto: image003.png
2025-10-07 13:35:33 | ? Verificación PDF: image003.png -> NO es PDF
2025-10-07 13:35:33 | Adjunto: image004.png
2025-10-07 13:35:33 | ? Verificación PDF: image004.png -> NO es PDF
2025-10-07 13:35:33 | Adjunto: image005.png
2025-10-07 13:35:33 | ? Verificación PDF: image005.png -> NO es PDF
2025-10-07 13:35:33 | Adjunto: image006.png
2025-10-07 13:35:33 | ? Verificación PDF: image006.png -> NO es PDF
2025-10-07 13:35:33 | Adjunto: image008.jpg
2025-10-07 13:35:33 | ? Verificación PDF: image008.jpg -> NO es PDF
2025-10-07 13:35:33 | Adjunto: image002.png
2025-10-07 13:35:33 | ? Verificación PDF: image002.png -> NO es PDF
2025-10-07 13:35:33 | RESUMEN: 11 PDFs encontrados, 11 descargados
2025-10-07 13:35:33 | ?? NUEVO CORREO DETECTADO - Iniciando procesamiento...
2025-10-07 13:35:33 | === PROCESANDO CORREO ENTRANTE ===
2025-10-07 13:35:33 | Asunto: RENOVACION / POLIZA 397139438 / SOFIA QUIROZ NAUDE
2025-10-07 13:35:33 | Remitente: Acevedo Couttolenc / Vianney Espinosa
2025-10-07 13:35:33 | ?? Detectada cuenta EXCHANGE, extrayendo email real...
2025-10-07 13:35:33 | ? Email REAL obtenido de Exchange: gmm1@ACEVEDOCOUTTOLENC.COM
2025-10-07 13:35:33 | Email remitente: gmm1@acevedocouttolenc.com
2025-10-07 13:35:33 | Dominio detectado: acevedocouttolenc.com
2025-10-07 13:35:33 | ?? Comparando dominio: acevedocouttolenc.com vs acevedocouttolenc.com
2025-10-07 13:35:33 | ? DOMINIO COINCIDE
2025-10-07 13:35:33 | ? CORREO ACEPTADO - Dominio coincide
2025-10-07 13:35:33 | Buscando adjuntos. Total: 11
2025-10-07 13:35:33 | Adjunto: 297139438 QUIROZ NAUDE SOFIA.pdf
2025-10-07 13:35:33 | ? Verificación PDF: 297139438 QUIROZ NAUDE SOFIA.pdf -> EXTENSIÓN VÁLIDA
2025-10-07 13:35:33 | ? PDF ENCONTRADO: 297139438 QUIROZ NAUDE SOFIA.pdf
2025-10-07 13:35:33 | Guardando como: 20251007_133533_gmm1_RENOVACION___POLIZA_397139438__297139438_QUIROZ_NAUDE_SOFIA.pdf
2025-10-07 13:35:33 | Ruta completa: C:\laragon\www\analizer_files\data\20251007_133533_gmm1_RENOVACION___POLIZA_397139438__297139438_QUIROZ_NAUDE_SOFIA.pdf
2025-10-07 13:35:33 | ? PDF DESCARGADO EXITOSAMENTE: 20251007_133533_gmm1_RENOVACION___POLIZA_397139438__297139438_QUIROZ_NAUDE_SOFIA.pdf
2025-10-07 13:35:33 | Adjunto: 297139438 QUIROZ NAUDE SOFIA - RECIBO.pdf
2025-10-07 13:35:33 | ? Verificación PDF: 297139438 QUIROZ NAUDE SOFIA - RECIBO.pdf -> EXTENSIÓN VÁLIDA
2025-10-07 13:35:33 | ? PDF ENCONTRADO: 297139438 QUIROZ NAUDE SOFIA - RECIBO.pdf
2025-10-07 13:35:33 | Guardando como: 20251007_133533_gmm1_RENOVACION___POLIZA_397139438__297139438_QUIROZ_NAUDE_SOFIA_-_RECIBO.pdf
2025-10-07 13:35:33 | Ruta completa: C:\laragon\www\analizer_files\data\20251007_133533_gmm1_RENOVACION___POLIZA_397139438__297139438_QUIROZ_NAUDE_SOFIA_-_RECIBO.pdf
2025-10-07 13:35:33 | ? PDF DESCARGADO EXITOSAMENTE: 20251007_133533_gmm1_RENOVACION___POLIZA_397139438__297139438_QUIROZ_NAUDE_SOFIA_-_RECIBO.pdf
2025-10-07 13:35:33 | Adjunto: 297139438 QUIROZ NAUDE SOFIA - FACTURA.pdf
2025-10-07 13:35:33 | ? Verificación PDF: 297139438 QUIROZ NAUDE SOFIA - FACTURA.pdf -> EXTENSIÓN VÁLIDA
2025-10-07 13:35:33 | ? PDF ENCONTRADO: 297139438 QUIROZ NAUDE SOFIA - FACTURA.pdf
2025-10-07 13:35:33 | Guardando como: 20251007_133533_gmm1_RENOVACION___POLIZA_397139438__297139438_QUIROZ_NAUDE_SOFIA_-_FACTURA.pdf
2025-10-07 13:35:33 | Ruta completa: C:\laragon\www\analizer_files\data\20251007_133533_gmm1_RENOVACION___POLIZA_397139438__297139438_QUIROZ_NAUDE_SOFIA_-_FACTURA.pdf
2025-10-07 13:35:33 | ? PDF DESCARGADO EXITOSAMENTE: 20251007_133533_gmm1_RENOVACION___POLIZA_397139438__297139438_QUIROZ_NAUDE_SOFIA_-_FACTURA.pdf
2025-10-07 13:35:33 | Adjunto: 297139438 QUIROZ NAUDE SOFIA - FACTURA.xml
2025-10-07 13:35:33 | ? Verificación PDF: 297139438 QUIROZ NAUDE SOFIA - FACTURA.xml -> NO es PDF
2025-10-07 13:35:33 | Adjunto: PREMIUM-PLATINO-FLEXIBLES.zip
2025-10-07 13:35:33 | ? Verificación PDF: PREMIUM-PLATINO-FLEXIBLES.zip -> NO es PDF
2025-10-07 13:35:33 | Adjunto: image004.png
2025-10-07 13:35:33 | ? Verificación PDF: image004.png -> NO es PDF
2025-10-07 13:35:33 | Adjunto: image007.png
2025-10-07 13:35:33 | ? Verificación PDF: image007.png -> NO es PDF
2025-10-07 13:35:33 | Adjunto: image001.png
2025-10-07 13:35:33 | ? Verificación PDF: image001.png -> NO es PDF
2025-10-07 13:35:33 | Adjunto: image003.png
2025-10-07 13:35:33 | ? Verificación PDF: image003.png -> NO es PDF
2025-10-07 13:35:33 | Adjunto: image006.png
2025-10-07 13:35:33 | ? Verificación PDF: image006.png -> NO es PDF
2025-10-07 13:35:33 | Adjunto: image009.png
2025-10-07 13:35:33 | ? Verificación PDF: image009.png -> NO es PDF
2025-10-07 13:35:33 | RESUMEN: 3 PDFs encontrados, 3 descargados
2025-10-07 13:58:46 | ?? NUEVO CORREO DETECTADO - Iniciando procesamiento...
2025-10-07 13:58:46 | === PROCESANDO CORREO ENTRANTE ===
2025-10-07 13:58:46 | Asunto: EMISION POLIZA 26457015 (ANTERIOR 20002502) INSTITUTO CULTURAL DE ORIENTE S.C.
2025-10-07 13:58:46 | Remitente: Acevedo Couttolenc / Adriana Benitez Garcia
2025-10-07 13:58:46 | ?? Detectada cuenta EXCHANGE, extrayendo email real...
2025-10-07 13:58:46 | ? Email REAL obtenido de Exchange: gmm2@ACEVEDOCOUTTOLENC.COM
2025-10-07 13:58:46 | Email remitente: gmm2@acevedocouttolenc.com
2025-10-07 13:58:46 | Dominio detectado: acevedocouttolenc.com
2025-10-07 13:58:46 | ?? Comparando dominio: acevedocouttolenc.com vs acevedocouttolenc.com
2025-10-07 13:58:46 | ? DOMINIO COINCIDE
2025-10-07 13:58:46 | ? CORREO ACEPTADO - Dominio coincide
2025-10-07 13:58:46 | Buscando adjuntos. Total: 14
2025-10-07 13:58:46 | Adjunto: image001.png
2025-10-07 13:58:46 | ? Verificación PDF: image001.png -> NO es PDF
2025-10-07 13:58:46 | Adjunto: image002.jpg
2025-10-07 13:58:46 | ? Verificación PDF: image002.jpg -> NO es PDF
2025-10-07 13:58:46 | Adjunto: 26457015_Caratula_AZ89_1.pdf
2025-10-07 13:58:46 | ? Verificación PDF: 26457015_Caratula_AZ89_1.pdf -> EXTENSIÓN VÁLIDA
2025-10-07 13:58:46 | ? PDF ENCONTRADO: 26457015_Caratula_AZ89_1.pdf
2025-10-07 13:58:46 | Guardando como: 20251007_135846_gmm2_EMISION_POLIZA_26457015__ANTER_26457015_Caratula_AZ89_1.pdf
2025-10-07 13:58:46 | Ruta completa: C:\laragon\www\analizer_files\data\20251007_135846_gmm2_EMISION_POLIZA_26457015__ANTER_26457015_Caratula_AZ89_1.pdf
2025-10-07 13:58:46 | ? PDF DESCARGADO EXITOSAMENTE: 20251007_135846_gmm2_EMISION_POLIZA_26457015__ANTER_26457015_Caratula_AZ89_1.pdf
2025-10-07 13:58:46 | Adjunto: 26457015_Aviso_de_Cobro_RE02_7.pdf
2025-10-07 13:58:46 | ? Verificación PDF: 26457015_Aviso_de_Cobro_RE02_7.pdf -> EXTENSIÓN VÁLIDA
2025-10-07 13:58:46 | ? PDF ENCONTRADO: 26457015_Aviso_de_Cobro_RE02_7.pdf
2025-10-07 13:58:46 | Guardando como: 20251007_135846_gmm2_EMISION_POLIZA_26457015__ANTER_26457015_Aviso_de_Cobro_RE02_7.pdf
2025-10-07 13:58:46 | Ruta completa: C:\laragon\www\analizer_files\data\20251007_135846_gmm2_EMISION_POLIZA_26457015__ANTER_26457015_Aviso_de_Cobro_RE02_7.pdf
2025-10-07 13:58:46 | ? PDF DESCARGADO EXITOSAMENTE: 20251007_135846_gmm2_EMISION_POLIZA_26457015__ANTER_26457015_Aviso_de_Cobro_RE02_7.pdf
2025-10-07 13:58:46 | Adjunto: 26457015_Listado_GM07_12.pdf
2025-10-07 13:58:46 | ? Verificación PDF: 26457015_Listado_GM07_12.pdf -> EXTENSIÓN VÁLIDA
2025-10-07 13:58:46 | ? PDF ENCONTRADO: 26457015_Listado_GM07_12.pdf
2025-10-07 13:58:46 | Guardando como: 20251007_135846_gmm2_EMISION_POLIZA_26457015__ANTER_26457015_Listado_GM07_12.pdf
2025-10-07 13:58:46 | Ruta completa: C:\laragon\www\analizer_files\data\20251007_135846_gmm2_EMISION_POLIZA_26457015__ANTER_26457015_Listado_GM07_12.pdf
2025-10-07 13:58:46 | ? PDF DESCARGADO EXITOSAMENTE: 20251007_135846_gmm2_EMISION_POLIZA_26457015__ANTER_26457015_Listado_GM07_12.pdf
2025-10-07 13:58:46 | Adjunto: 26457015_Endoso_26-3-170811_GM11_13.pdf
2025-10-07 13:58:46 | ? Verificación PDF: 26457015_Endoso_26-3-170811_GM11_13.pdf -> EXTENSIÓN VÁLIDA
2025-10-07 13:58:46 | ? PDF ENCONTRADO: 26457015_Endoso_26-3-170811_GM11_13.pdf
2025-10-07 13:58:46 | Guardando como: 20251007_135846_gmm2_EMISION_POLIZA_26457015__ANTER_26457015_Endoso_26-3-170811_GM11_13.pdf
2025-10-07 13:58:46 | Ruta completa: C:\laragon\www\analizer_files\data\20251007_135846_gmm2_EMISION_POLIZA_26457015__ANTER_26457015_Endoso_26-3-170811_GM11_13.pdf
2025-10-07 13:58:46 | ? PDF DESCARGADO EXITOSAMENTE: 20251007_135846_gmm2_EMISION_POLIZA_26457015__ANTER_26457015_Endoso_26-3-170811_GM11_13.pdf
2025-10-07 13:58:46 | Adjunto: 26457015_Endoso_000000001_GM11_13.pdf
2025-10-07 13:58:46 | ? Verificación PDF: 26457015_Endoso_000000001_GM11_13.pdf -> EXTENSIÓN VÁLIDA
2025-10-07 13:58:46 | ? PDF ENCONTRADO: 26457015_Endoso_000000001_GM11_13.pdf
2025-10-07 13:58:46 | Guardando como: 20251007_135846_gmm2_EMISION_POLIZA_26457015__ANTER_26457015_Endoso_000000001_GM11_13.pdf
2025-10-07 13:58:46 | Ruta completa: C:\laragon\www\analizer_files\data\20251007_135846_gmm2_EMISION_POLIZA_26457015__ANTER_26457015_Endoso_000000001_GM11_13.pdf
2025-10-07 13:58:46 | ? PDF DESCARGADO EXITOSAMENTE: 20251007_135846_gmm2_EMISION_POLIZA_26457015__ANTER_26457015_Endoso_000000001_GM11_13.pdf
2025-10-07 13:58:46 | Adjunto: 26457015_Endoso_000000002_GM11_13.pdf
2025-10-07 13:58:46 | ? Verificación PDF: 26457015_Endoso_000000002_GM11_13.pdf -> EXTENSIÓN VÁLIDA
2025-10-07 13:58:46 | ? PDF ENCONTRADO: 26457015_Endoso_000000002_GM11_13.pdf
2025-10-07 13:58:46 | Guardando como: 20251007_135846_gmm2_EMISION_POLIZA_26457015__ANTER_26457015_Endoso_000000002_GM11_13.pdf
2025-10-07 13:58:46 | Ruta completa: C:\laragon\www\analizer_files\data\20251007_135846_gmm2_EMISION_POLIZA_26457015__ANTER_26457015_Endoso_000000002_GM11_13.pdf
2025-10-07 13:58:46 | ? PDF DESCARGADO EXITOSAMENTE: 20251007_135846_gmm2_EMISION_POLIZA_26457015__ANTER_26457015_Endoso_000000002_GM11_13.pdf
2025-10-07 13:58:46 | Adjunto: 26457015_Endoso_000000003_GM11_13.pdf
2025-10-07 13:58:46 | ? Verificación PDF: 26457015_Endoso_000000003_GM11_13.pdf -> EXTENSIÓN VÁLIDA
2025-10-07 13:58:46 | ? PDF ENCONTRADO: 26457015_Endoso_000000003_GM11_13.pdf
2025-10-07 13:58:46 | Guardando como: 20251007_135846_gmm2_EMISION_POLIZA_26457015__ANTER_26457015_Endoso_000000003_GM11_13.pdf
2025-10-07 13:58:46 | Ruta completa: C:\laragon\www\analizer_files\data\20251007_135846_gmm2_EMISION_POLIZA_26457015__ANTER_26457015_Endoso_000000003_GM11_13.pdf
2025-10-07 13:58:46 | ? PDF DESCARGADO EXITOSAMENTE: 20251007_135846_gmm2_EMISION_POLIZA_26457015__ANTER_26457015_Endoso_000000003_GM11_13.pdf
2025-10-07 13:58:46 | Adjunto: 26457015_Endoso_000000004_GM11_13.pdf
2025-10-07 13:58:46 | ? Verificación PDF: 26457015_Endoso_000000004_GM11_13.pdf -> EXTENSIÓN VÁLIDA
2025-10-07 13:58:46 | ? PDF ENCONTRADO: 26457015_Endoso_000000004_GM11_13.pdf
2025-10-07 13:58:47 | Guardando como: 20251007_135846_gmm2_EMISION_POLIZA_26457015__ANTER_26457015_Endoso_000000004_GM11_13.pdf
2025-10-07 13:58:47 | Ruta completa: C:\laragon\www\analizer_files\data\20251007_135846_gmm2_EMISION_POLIZA_26457015__ANTER_26457015_Endoso_000000004_GM11_13.pdf
2025-10-07 13:58:47 | ? PDF DESCARGADO EXITOSAMENTE: 20251007_135846_gmm2_EMISION_POLIZA_26457015__ANTER_26457015_Endoso_000000004_GM11_13.pdf
2025-10-07 13:58:47 | Adjunto: 26457015_Endoso_000000005_GM11_13.pdf
2025-10-07 13:58:47 | ? Verificación PDF: 26457015_Endoso_000000005_GM11_13.pdf -> EXTENSIÓN VÁLIDA
2025-10-07 13:58:47 | ? PDF ENCONTRADO: 26457015_Endoso_000000005_GM11_13.pdf
2025-10-07 13:58:47 | Guardando como: 20251007_135847_gmm2_EMISION_POLIZA_26457015__ANTER_26457015_Endoso_000000005_GM11_13.pdf
2025-10-07 13:58:47 | Ruta completa: C:\laragon\www\analizer_files\data\20251007_135847_gmm2_EMISION_POLIZA_26457015__ANTER_26457015_Endoso_000000005_GM11_13.pdf
2025-10-07 13:58:47 | ? PDF DESCARGADO EXITOSAMENTE: 20251007_135847_gmm2_EMISION_POLIZA_26457015__ANTER_26457015_Endoso_000000005_GM11_13.pdf
2025-10-07 13:58:47 | Adjunto: 26457015_Endoso_000000006_GM11_13.pdf
2025-10-07 13:58:47 | ? Verificación PDF: 26457015_Endoso_000000006_GM11_13.pdf -> EXTENSIÓN VÁLIDA
2025-10-07 13:58:47 | ? PDF ENCONTRADO: 26457015_Endoso_000000006_GM11_13.pdf
2025-10-07 13:58:47 | Guardando como: 20251007_135847_gmm2_EMISION_POLIZA_26457015__ANTER_26457015_Endoso_000000006_GM11_13.pdf
2025-10-07 13:58:47 | Ruta completa: C:\laragon\www\analizer_files\data\20251007_135847_gmm2_EMISION_POLIZA_26457015__ANTER_26457015_Endoso_000000006_GM11_13.pdf
2025-10-07 13:58:47 | ? PDF DESCARGADO EXITOSAMENTE: 20251007_135847_gmm2_EMISION_POLIZA_26457015__ANTER_26457015_Endoso_000000006_GM11_13.pdf
2025-10-07 13:58:47 | Adjunto: 26457015_Solicitud_de_Cobro_RE01_10.pdf
2025-10-07 13:58:47 | ? Verificación PDF: 26457015_Solicitud_de_Cobro_RE01_10.pdf -> EXTENSIÓN VÁLIDA
2025-10-07 13:58:47 | ? PDF ENCONTRADO: 26457015_Solicitud_de_Cobro_RE01_10.pdf
2025-10-07 13:58:47 | Guardando como: 20251007_135847_gmm2_EMISION_POLIZA_26457015__ANTER_26457015_Solicitud_de_Cobro_RE01_10.pdf
2025-10-07 13:58:47 | Ruta completa: C:\laragon\www\analizer_files\data\20251007_135847_gmm2_EMISION_POLIZA_26457015__ANTER_26457015_Solicitud_de_Cobro_RE01_10.pdf
2025-10-07 13:58:47 | ? PDF DESCARGADO EXITOSAMENTE: 20251007_135847_gmm2_EMISION_POLIZA_26457015__ANTER_26457015_Solicitud_de_Cobro_RE01_10.pdf
2025-10-07 13:58:47 | Adjunto: Condiciones Generales.pdf
2025-10-07 13:58:47 | ? Verificación PDF: Condiciones Generales.pdf -> EXTENSIÓN VÁLIDA
2025-10-07 13:58:47 | ? PDF ENCONTRADO: Condiciones Generales.pdf
2025-10-07 13:58:47 | Guardando como: 20251007_135847_gmm2_EMISION_POLIZA_26457015__ANTER_Condiciones_Generales.pdf
2025-10-07 13:58:47 | Ruta completa: C:\laragon\www\analizer_files\data\20251007_135847_gmm2_EMISION_POLIZA_26457015__ANTER_Condiciones_Generales.pdf
2025-10-07 13:58:47 | ? PDF DESCARGADO EXITOSAMENTE: 20251007_135847_gmm2_EMISION_POLIZA_26457015__ANTER_Condiciones_Generales.pdf
2025-10-07 13:58:47 | RESUMEN: 12 PDFs encontrados, 12 descargados
2025-10-07 15:13:07 | ?? NUEVO CORREO DETECTADO - Iniciando procesamiento...
2025-10-07 15:13:07 | === PROCESANDO CORREO ENTRANTE ===
2025-10-07 15:13:07 | Asunto: 112031385 // PABLO GEBARA EDUARDO // VW BEETLE 3P L5 2.5 LTS 5 OCUP AUT MOD 2012
2025-10-07 15:13:07 | Remitente: Acevedo Couttolenc / Diana Carrillo
2025-10-07 15:13:07 | ?? Detectada cuenta EXCHANGE, extrayendo email real...
2025-10-07 15:13:07 | ? Email REAL obtenido de Exchange: autos1@ACEVEDOCOUTTOLENC.COM
2025-10-07 15:13:08 | Email remitente: autos1@acevedocouttolenc.com
2025-10-07 15:13:08 | Dominio detectado: acevedocouttolenc.com
2025-10-07 15:13:08 | ?? Comparando dominio: acevedocouttolenc.com vs acevedocouttolenc.com
2025-10-07 15:13:08 | ? DOMINIO COINCIDE
2025-10-07 15:13:08 | ? CORREO ACEPTADO - Dominio coincide
2025-10-07 15:13:08 | Buscando adjuntos. Total: 7
2025-10-07 15:13:08 | Adjunto: image001.png
2025-10-07 15:13:08 | ? Verificación PDF: image001.png -> NO es PDF
2025-10-07 15:13:08 | Adjunto: image002.png
2025-10-07 15:13:08 | ? Verificación PDF: image002.png -> NO es PDF
2025-10-07 15:13:08 | Adjunto: guia-del--asegurado.pdf
2025-10-07 15:13:08 | ? Verificación PDF: guia-del--asegurado.pdf -> EXTENSIÓN VÁLIDA
2025-10-07 15:13:08 | ? PDF ENCONTRADO: guia-del--asegurado.pdf
2025-10-07 15:13:08 | Guardando como: 20251007_151308_autos1_112031385___PABLO_GEBARA_EDUAR_guia-del--asegurado.pdf
2025-10-07 15:13:08 | Ruta completa: C:\laragon\www\analizer_files\data\20251007_151308_autos1_112031385___PABLO_GEBARA_EDUAR_guia-del--asegurado.pdf
2025-10-07 15:13:08 | ? PDF DESCARGADO EXITOSAMENTE: 20251007_151308_autos1_112031385___PABLO_GEBARA_EDUAR_guia-del--asegurado.pdf
2025-10-07 15:13:08 | Adjunto: 112031385_Poliza.pdf
2025-10-07 15:13:08 | ? Verificación PDF: 112031385_Poliza.pdf -> EXTENSIÓN VÁLIDA
2025-10-07 15:13:08 | ? PDF ENCONTRADO: 112031385_Poliza.pdf
2025-10-07 15:13:08 | Guardando como: 20251007_151308_autos1_112031385___PABLO_GEBARA_EDUAR_112031385_Poliza.pdf
2025-10-07 15:13:08 | Ruta completa: C:\laragon\www\analizer_files\data\20251007_151308_autos1_112031385___PABLO_GEBARA_EDUAR_112031385_Poliza.pdf
2025-10-07 15:13:08 | ? PDF DESCARGADO EXITOSAMENTE: 20251007_151308_autos1_112031385___PABLO_GEBARA_EDUAR_112031385_Poliza.pdf
2025-10-07 15:13:08 | Adjunto: 112031385_Recibos.pdf
2025-10-07 15:13:08 | ? Verificación PDF: 112031385_Recibos.pdf -> EXTENSIÓN VÁLIDA
2025-10-07 15:13:08 | ? PDF ENCONTRADO: 112031385_Recibos.pdf
2025-10-07 15:13:08 | Guardando como: 20251007_151308_autos1_112031385___PABLO_GEBARA_EDUAR_112031385_Recibos.pdf
2025-10-07 15:13:08 | Ruta completa: C:\laragon\www\analizer_files\data\20251007_151308_autos1_112031385___PABLO_GEBARA_EDUAR_112031385_Recibos.pdf
2025-10-07 15:13:08 | ? PDF DESCARGADO EXITOSAMENTE: 20251007_151308_autos1_112031385___PABLO_GEBARA_EDUAR_112031385_Recibos.pdf
2025-10-07 15:13:08 | Adjunto: Condiciones_Generales.pdf
2025-10-07 15:13:08 | ? Verificación PDF: Condiciones_Generales.pdf -> EXTENSIÓN VÁLIDA
2025-10-07 15:13:08 | ? PDF ENCONTRADO: Condiciones_Generales.pdf
2025-10-07 15:13:08 | Guardando como: 20251007_151308_autos1_112031385___PABLO_GEBARA_EDUAR_Condiciones_Generales.pdf
2025-10-07 15:13:08 | Ruta completa: C:\laragon\www\analizer_files\data\20251007_151308_autos1_112031385___PABLO_GEBARA_EDUAR_Condiciones_Generales.pdf
2025-10-07 15:13:10 | ? PDF DESCARGADO EXITOSAMENTE: 20251007_151308_autos1_112031385___PABLO_GEBARA_EDUAR_Condiciones_Generales.pdf
2025-10-07 15:13:10 | Adjunto: cuponera_zurich.pdf
2025-10-07 15:13:10 | ? Verificación PDF: cuponera_zurich.pdf -> EXTENSIÓN VÁLIDA
2025-10-07 15:13:10 | ? PDF ENCONTRADO: cuponera_zurich.pdf
2025-10-07 15:13:10 | Guardando como: 20251007_151310_autos1_112031385___PABLO_GEBARA_EDUAR_cuponera_zurich.pdf
2025-10-07 15:13:10 | Ruta completa: C:\laragon\www\analizer_files\data\20251007_151310_autos1_112031385___PABLO_GEBARA_EDUAR_cuponera_zurich.pdf
2025-10-07 15:13:10 | ? PDF DESCARGADO EXITOSAMENTE: 20251007_151310_autos1_112031385___PABLO_GEBARA_EDUAR_cuponera_zurich.pdf
2025-10-07 15:13:10 | RESUMEN: 5 PDFs encontrados, 5 descargados
2025-10-07 15:24:40 | ?? NUEVO CORREO DETECTADO - Iniciando procesamiento...
2025-10-07 15:24:40 | === PROCESANDO CORREO ENTRANTE ===
2025-10-07 15:24:40 | Asunto: RENOVACIÓN PÓLIZA DE VIDA INDIVIDUAL FLEXI-8347351 CARRILES BRETON MARIA TERESA
2025-10-07 15:24:40 | Remitente: Acevedo Couttolenc / Frida Fernanda Villaseñor Tecuatl
2025-10-07 15:24:40 | ?? Detectada cuenta EXCHANGE, extrayendo email real...
2025-10-07 15:24:40 | ? Email REAL obtenido de Exchange: vida2@ACEVEDOCOUTTOLENC.COM
2025-10-07 15:24:40 | Email remitente: vida2@acevedocouttolenc.com
2025-10-07 15:24:40 | Dominio detectado: acevedocouttolenc.com
2025-10-07 15:24:40 | ?? Comparando dominio: acevedocouttolenc.com vs acevedocouttolenc.com
2025-10-07 15:24:40 | ? DOMINIO COINCIDE
2025-10-07 15:24:40 | ? CORREO ACEPTADO - Dominio coincide
2025-10-07 15:24:40 | Buscando adjuntos. Total: 2
2025-10-07 15:24:40 | Adjunto: 22102025 FLEXI-8347351 CARRILES BRETON MARIA TERESA.pdf
2025-10-07 15:24:40 | ? Verificación PDF: 22102025 FLEXI-8347351 CARRILES BRETON MARIA TERESA.pdf -> EXTENSIÓN VÁLIDA
2025-10-07 15:24:40 | ? PDF ENCONTRADO: 22102025 FLEXI-8347351 CARRILES BRETON MARIA TERESA.pdf
2025-10-07 15:24:40 | Guardando como: 20251007_152440_vida2_RENOVACI_N_P_LIZA_DE_VIDA_INDI_22102025_FLEXI-8347351_CARRILES_BRETON_MARIA_TERESA.pdf
2025-10-07 15:24:40 | Ruta completa: C:\laragon\www\analizer_files\data\20251007_152440_vida2_RENOVACI_N_P_LIZA_DE_VIDA_INDI_22102025_FLEXI-8347351_CARRILES_BRETON_MARIA_TERESA.pdf
2025-10-07 15:24:40 | ? PDF DESCARGADO EXITOSAMENTE: 20251007_152440_vida2_RENOVACI_N_P_LIZA_DE_VIDA_INDI_22102025_FLEXI-8347351_CARRILES_BRETON_MARIA_TERESA.pdf
2025-10-07 15:24:40 | Adjunto: image002.png
2025-10-07 15:24:40 | ? Verificación PDF: image002.png -> NO es PDF
2025-10-07 15:24:40 | RESUMEN: 1 PDFs encontrados, 1 descargados
2025-10-07 16:00:35 | ?? NUEVO CORREO DETECTADO - Iniciando procesamiento...
2025-10-07 16:00:35 | === PROCESANDO CORREO ENTRANTE ===
2025-10-07 16:00:35 | Asunto: 83284 // FARMADROGUERIA MEDINA // FORD EXPLORER ST MOD 2023
2025-10-07 16:00:35 | Remitente: Acevedo Couttolenc / Diana Carrillo
2025-10-07 16:00:35 | ?? Detectada cuenta EXCHANGE, extrayendo email real...
2025-10-07 16:00:35 | ? Email REAL obtenido de Exchange: autos1@ACEVEDOCOUTTOLENC.COM
2025-10-07 16:00:35 | Email remitente: autos1@acevedocouttolenc.com
2025-10-07 16:00:35 | Dominio detectado: acevedocouttolenc.com
2025-10-07 16:00:35 | ?? Comparando dominio: acevedocouttolenc.com vs acevedocouttolenc.com
2025-10-07 16:00:35 | ? DOMINIO COINCIDE
2025-10-07 16:00:35 | ? CORREO ACEPTADO - Dominio coincide
2025-10-07 16:00:35 | Buscando adjuntos. Total: 7
2025-10-07 16:00:35 | Adjunto: REPORTE SURA.pdf
2025-10-07 16:00:35 | ? Verificación PDF: REPORTE SURA.pdf -> EXTENSIÓN VÁLIDA
2025-10-07 16:00:35 | ? PDF ENCONTRADO: REPORTE SURA.pdf
2025-10-07 16:00:35 | Guardando como: 20251007_160035_autos1_83284___FARMADROGUERIA_MEDINA__REPORTE_SURA.pdf
2025-10-07 16:00:35 | Ruta completa: C:\laragon\www\analizer_files\data\20251007_160035_autos1_83284___FARMADROGUERIA_MEDINA__REPORTE_SURA.pdf
2025-10-07 16:00:35 | ? PDF DESCARGADO EXITOSAMENTE: 20251007_160035_autos1_83284___FARMADROGUERIA_MEDINA__REPORTE_SURA.pdf
2025-10-07 16:00:35 | Adjunto: ENDOSO ROBO PARCIAL SURA.pdf
2025-10-07 16:00:35 | ? Verificación PDF: ENDOSO ROBO PARCIAL SURA.pdf -> EXTENSIÓN VÁLIDA
2025-10-07 16:00:35 | ? PDF ENCONTRADO: ENDOSO ROBO PARCIAL SURA.pdf
2025-10-07 16:00:35 | Guardando como: 20251007_160035_autos1_83284___FARMADROGUERIA_MEDINA__ENDOSO_ROBO_PARCIAL_SURA.pdf
2025-10-07 16:00:35 | Ruta completa: C:\laragon\www\analizer_files\data\20251007_160035_autos1_83284___FARMADROGUERIA_MEDINA__ENDOSO_ROBO_PARCIAL_SURA.pdf
2025-10-07 16:00:35 | ? PDF DESCARGADO EXITOSAMENTE: 20251007_160035_autos1_83284___FARMADROGUERIA_MEDINA__ENDOSO_ROBO_PARCIAL_SURA.pdf
2025-10-07 16:00:35 | Adjunto: COND GENERALES AUTO.zip
2025-10-07 16:00:35 | ? Verificación PDF: COND GENERALES AUTO.zip -> NO es PDF
2025-10-07 16:00:35 | Adjunto: image003.png
2025-10-07 16:00:35 | ? Verificación PDF: image003.png -> NO es PDF
2025-10-07 16:00:35 | Adjunto: 83284 (1).pdf
2025-10-07 16:00:35 | ? Verificación PDF: 83284 (1).pdf -> EXTENSIÓN VÁLIDA
2025-10-07 16:00:35 | ? PDF ENCONTRADO: 83284 (1).pdf
2025-10-07 16:00:35 | Guardando como: 20251007_160035_autos1_83284___FARMADROGUERIA_MEDINA__83284__1.pdf
2025-10-07 16:00:35 | Ruta completa: C:\laragon\www\analizer_files\data\20251007_160035_autos1_83284___FARMADROGUERIA_MEDINA__83284__1.pdf
2025-10-07 16:00:35 | ? PDF DESCARGADO EXITOSAMENTE: 20251007_160035_autos1_83284___FARMADROGUERIA_MEDINA__83284__1.pdf
2025-10-07 16:00:35 | Adjunto: 83284 (2).pdf
2025-10-07 16:00:35 | ? Verificación PDF: 83284 (2).pdf -> EXTENSIÓN VÁLIDA
2025-10-07 16:00:35 | ? PDF ENCONTRADO: 83284 (2).pdf
2025-10-07 16:00:35 | Guardando como: 20251007_160035_autos1_83284___FARMADROGUERIA_MEDINA__83284__2.pdf
2025-10-07 16:00:35 | Ruta completa: C:\laragon\www\analizer_files\data\20251007_160035_autos1_83284___FARMADROGUERIA_MEDINA__83284__2.pdf
2025-10-07 16:00:35 | ? PDF DESCARGADO EXITOSAMENTE: 20251007_160035_autos1_83284___FARMADROGUERIA_MEDINA__83284__2.pdf
2025-10-07 16:00:35 | Adjunto: image004.png
2025-10-07 16:00:35 | ? Verificación PDF: image004.png -> NO es PDF
2025-10-07 16:00:35 | RESUMEN: 4 PDFs encontrados, 4 descargados
2025-10-07 16:34:12 | ?? NUEVO CORREO DETECTADO - Iniciando procesamiento...
2025-10-07 16:34:12 | === PROCESANDO CORREO ENTRANTE ===
2025-10-07 16:34:12 | Asunto: PRODUCCION 07102025
2025-10-07 16:34:12 | Remitente: Acevedo Couttolenc / Georgina Hernandez
2025-10-07 16:34:12 | ?? Detectada cuenta EXCHANGE, extrayendo email real...
2025-10-07 16:34:12 | ? Email REAL obtenido de Exchange: sistemas1@ACEVEDOCOUTTOLENC.COM
2025-10-07 16:34:12 | Email remitente: sistemas1@acevedocouttolenc.com
2025-10-07 16:34:12 | Dominio detectado: acevedocouttolenc.com
2025-10-07 16:34:12 | ?? Comparando dominio: acevedocouttolenc.com vs acevedocouttolenc.com
2025-10-07 16:34:12 | ? DOMINIO COINCIDE
2025-10-07 16:34:12 | ? CORREO ACEPTADO - Dominio coincide
2025-10-07 16:34:12 | Buscando adjuntos. Total: 1
2025-10-07 16:34:12 | Adjunto: image001.png
2025-10-07 16:34:12 | ? Verificación PDF: image001.png -> NO es PDF
2025-10-07 16:34:12 | RESUMEN: 0 PDFs encontrados, 0 descargados
2025-10-07 16:37:07 | ?? NUEVO CORREO DETECTADO - Iniciando procesamiento...
2025-10-07 16:37:07 | === PROCESANDO CORREO ENTRANTE ===
2025-10-07 16:37:07 | Asunto: RENOVACIÓN PÓLIZA DE VIDA INDIVIDUAL META-8429669 FURLONG QUIROZ INGRID
2025-10-07 16:37:07 | Remitente: Acevedo Couttolenc / Frida Fernanda Villaseñor Tecuatl
2025-10-07 16:37:07 | ?? Detectada cuenta EXCHANGE, extrayendo email real...
2025-10-07 16:37:07 | ? Email REAL obtenido de Exchange: vida2@ACEVEDOCOUTTOLENC.COM
2025-10-07 16:37:07 | Email remitente: vida2@acevedocouttolenc.com
2025-10-07 16:37:07 | Dominio detectado: acevedocouttolenc.com
2025-10-07 16:37:07 | ?? Comparando dominio: acevedocouttolenc.com vs acevedocouttolenc.com
2025-10-07 16:37:07 | ? DOMINIO COINCIDE
2025-10-07 16:37:07 | ? CORREO ACEPTADO - Dominio coincide
2025-10-07 16:37:07 | Buscando adjuntos. Total: 2
2025-10-07 16:37:07 | Adjunto: 27102025 META-8429669 FURLONG QUIROZ INGRID.pdf
2025-10-07 16:37:07 | ? Verificación PDF: 27102025 META-8429669 FURLONG QUIROZ INGRID.pdf -> EXTENSIÓN VÁLIDA
2025-10-07 16:37:07 | ? PDF ENCONTRADO: 27102025 META-8429669 FURLONG QUIROZ INGRID.pdf
2025-10-07 16:37:07 | Guardando como: 20251007_163707_vida2_RENOVACI_N_P_LIZA_DE_VIDA_INDI_27102025_META-8429669_FURLONG_QUIROZ_INGRID.pdf
2025-10-07 16:37:07 | Ruta completa: C:\laragon\www\analizer_files\data\20251007_163707_vida2_RENOVACI_N_P_LIZA_DE_VIDA_INDI_27102025_META-8429669_FURLONG_QUIROZ_INGRID.pdf
2025-10-07 16:37:07 | ? PDF DESCARGADO EXITOSAMENTE: 20251007_163707_vida2_RENOVACI_N_P_LIZA_DE_VIDA_INDI_27102025_META-8429669_FURLONG_QUIROZ_INGRID.pdf
2025-10-07 16:37:07 | Adjunto: image003.png
2025-10-07 16:37:07 | ? Verificación PDF: image003.png -> NO es PDF
2025-10-07 16:37:07 | RESUMEN: 1 PDFs encontrados, 1 descargados
2025-10-07 17:07:06 | ?? NUEVO CORREO DETECTADO - Iniciando procesamiento...
2025-10-07 17:07:06 | === PROCESANDO CORREO ENTRANTE ===
2025-10-07 17:07:06 | Asunto: RENOVACION DE GASTOS MEDICOS 574570545 BEATRIZ AURORA DE LA BARCENA BALMACEDA 
2025-10-07 17:07:06 | Remitente: Acevedo Couttolenc / Rocio Romano
2025-10-07 17:07:06 | ?? Detectada cuenta EXCHANGE, extrayendo email real...
2025-10-07 17:07:06 | ? Email REAL obtenido de Exchange: gmm3@ACEVEDOCOUTTOLENC.COM
2025-10-07 17:07:06 | Email remitente: gmm3@acevedocouttolenc.com
2025-10-07 17:07:06 | Dominio detectado: acevedocouttolenc.com
2025-10-07 17:07:06 | ?? Comparando dominio: acevedocouttolenc.com vs acevedocouttolenc.com
2025-10-07 17:07:06 | ? DOMINIO COINCIDE
2025-10-07 17:07:06 | ? CORREO ACEPTADO - Dominio coincide
2025-10-07 17:07:06 | Buscando adjuntos. Total: 12
2025-10-07 17:07:06 | Adjunto: image003.png
2025-10-07 17:07:06 | ? Verificación PDF: image003.png -> NO es PDF
2025-10-07 17:07:06 | Adjunto: image006.png
2025-10-07 17:07:06 | ? Verificación PDF: image006.png -> NO es PDF
2025-10-07 17:07:06 | Adjunto: 574570545 DE LA BARCENA BALMACEDA BEATRIZ AURORA.pdf
2025-10-07 17:07:06 | ? Verificación PDF: 574570545 DE LA BARCENA BALMACEDA BEATRIZ AURORA.pdf -> EXTENSIÓN VÁLIDA
2025-10-07 17:07:06 | ? PDF ENCONTRADO: 574570545 DE LA BARCENA BALMACEDA BEATRIZ AURORA.pdf
2025-10-07 17:07:06 | Guardando como: 20251007_170706_gmm3_RENOVACION_DE_GASTOS_MEDICOS_5_574570545_DE_LA_BARCENA_BALMACEDA_BEATRIZ_AURORA.pdf
2025-10-07 17:07:06 | Ruta completa: C:\laragon\www\analizer_files\data\20251007_170706_gmm3_RENOVACION_DE_GASTOS_MEDICOS_5_574570545_DE_LA_BARCENA_BALMACEDA_BEATRIZ_AURORA.pdf
2025-10-07 17:07:06 | ? PDF DESCARGADO EXITOSAMENTE: 20251007_170706_gmm3_RENOVACION_DE_GASTOS_MEDICOS_5_574570545_DE_LA_BARCENA_BALMACEDA_BEATRIZ_AURORA.pdf
2025-10-07 17:07:06 | Adjunto: 574570545 DE LA BARCENA BALMACEDA BEATRIZ AURORA_RECIBO.pdf
2025-10-07 17:07:06 | ? Verificación PDF: 574570545 DE LA BARCENA BALMACEDA BEATRIZ AURORA_RECIBO.pdf -> EXTENSIÓN VÁLIDA
2025-10-07 17:07:06 | ? PDF ENCONTRADO: 574570545 DE LA BARCENA BALMACEDA BEATRIZ AURORA_RECIBO.pdf
2025-10-07 17:07:06 | Guardando como: 20251007_170706_gmm3_RENOVACION_DE_GASTOS_MEDICOS_5_574570545_DE_LA_BARCENA_BALMACEDA_BEATRIZ_AURORA_RECIBO.pdf
2025-10-07 17:07:06 | Ruta completa: C:\laragon\www\analizer_files\data\20251007_170706_gmm3_RENOVACION_DE_GASTOS_MEDICOS_5_574570545_DE_LA_BARCENA_BALMACEDA_BEATRIZ_AURORA_RECIBO.pdf
2025-10-07 17:07:06 | ? PDF DESCARGADO EXITOSAMENTE: 20251007_170706_gmm3_RENOVACION_DE_GASTOS_MEDICOS_5_574570545_DE_LA_BARCENA_BALMACEDA_BEATRIZ_AURORA_RECIBO.pdf
2025-10-07 17:07:06 | Adjunto: 574570545 DE LA BARCENA BALMACEDA BEATRIZ AURORA_NOTA DE CREDITO.pdf
2025-10-07 17:07:06 | ? Verificación PDF: 574570545 DE LA BARCENA BALMACEDA BEATRIZ AURORA_NOTA DE CREDITO.pdf -> EXTENSIÓN VÁLIDA
2025-10-07 17:07:06 | ? PDF ENCONTRADO: 574570545 DE LA BARCENA BALMACEDA BEATRIZ AURORA_NOTA DE CREDITO.pdf
2025-10-07 17:07:06 | Guardando como: 20251007_170706_gmm3_RENOVACION_DE_GASTOS_MEDICOS_5_574570545_DE_LA_BARCENA_BALMACEDA_BEATRIZ_AURORA_NOTA_DE_CREDITO.pdf
2025-10-07 17:07:06 | Ruta completa: C:\laragon\www\analizer_files\data\20251007_170706_gmm3_RENOVACION_DE_GASTOS_MEDICOS_5_574570545_DE_LA_BARCENA_BALMACEDA_BEATRIZ_AURORA_NOTA_DE_CREDITO.pdf
2025-10-07 17:07:06 | ? PDF DESCARGADO EXITOSAMENTE: 20251007_170706_gmm3_RENOVACION_DE_GASTOS_MEDICOS_5_574570545_DE_LA_BARCENA_BALMACEDA_BEATRIZ_AURORA_NOTA_DE_CREDITO.pdf
2025-10-07 17:07:06 | Adjunto: 574570545 DE LA BARCENA BALMACEDA BEATRIZ AURORA_NOTA DE CREDITO.xml
2025-10-07 17:07:06 | ? Verificación PDF: 574570545 DE LA BARCENA BALMACEDA BEATRIZ AURORA_NOTA DE CREDITO.xml -> NO es PDF
2025-10-07 17:07:06 | Adjunto: 574570545 DE LA BARCENA BALMACEDA BEATRIZ AURORA_FACTURA.pdf
2025-10-07 17:07:06 | ? Verificación PDF: 574570545 DE LA BARCENA BALMACEDA BEATRIZ AURORA_FACTURA.pdf -> EXTENSIÓN VÁLIDA
2025-10-07 17:07:06 | ? PDF ENCONTRADO: 574570545 DE LA BARCENA BALMACEDA BEATRIZ AURORA_FACTURA.pdf
2025-10-07 17:07:06 | Guardando como: 20251007_170706_gmm3_RENOVACION_DE_GASTOS_MEDICOS_5_574570545_DE_LA_BARCENA_BALMACEDA_BEATRIZ_AURORA_FACTURA.pdf
2025-10-07 17:07:06 | Ruta completa: C:\laragon\www\analizer_files\data\20251007_170706_gmm3_RENOVACION_DE_GASTOS_MEDICOS_5_574570545_DE_LA_BARCENA_BALMACEDA_BEATRIZ_AURORA_FACTURA.pdf
2025-10-07 17:07:06 | ? PDF DESCARGADO EXITOSAMENTE: 20251007_170706_gmm3_RENOVACION_DE_GASTOS_MEDICOS_5_574570545_DE_LA_BARCENA_BALMACEDA_BEATRIZ_AURORA_FACTURA.pdf
2025-10-07 17:07:06 | Adjunto: 574570545 DE LA BARCENA BALMACEDA BEATRIZ AURORA_FACTURA.xml
2025-10-07 17:07:06 | ? Verificación PDF: 574570545 DE LA BARCENA BALMACEDA BEATRIZ AURORA_FACTURA.xml -> NO es PDF
2025-10-07 17:07:06 | Adjunto: VERSATIL.zip
2025-10-07 17:07:06 | ? Verificación PDF: VERSATIL.zip -> NO es PDF
2025-10-07 17:07:06 | Adjunto: image002.png
2025-10-07 17:07:06 | ? Verificación PDF: image002.png -> NO es PDF
2025-10-07 17:07:06 | Adjunto: image005.png
2025-10-07 17:07:06 | ? Verificación PDF: image005.png -> NO es PDF
2025-10-07 17:07:06 | Adjunto: image008.jpg
2025-10-07 17:07:06 | ? Verificación PDF: image008.jpg -> NO es PDF
2025-10-07 17:07:06 | RESUMEN: 4 PDFs encontrados, 4 descargados
2025-10-07 17:41:32 | ?? NUEVO CORREO DETECTADO - Iniciando procesamiento...
2025-10-07 17:41:32 | === PROCESANDO CORREO ENTRANTE ===
2025-10-07 17:41:32 | Asunto: RENOVACION POLIZA 477557318 RODRIGO GUTIERREZ VIGIL ESCALERA
2025-10-07 17:41:32 | Remitente: Acevedo Couttolenc / Lucina Hernandez
2025-10-07 17:41:32 | ?? Detectada cuenta EXCHANGE, extrayendo email real...
2025-10-07 17:41:32 | ? Email REAL obtenido de Exchange: gmm5@ACEVEDOCOUTTOLENC.COM
2025-10-07 17:41:32 | Email remitente: gmm5@acevedocouttolenc.com
2025-10-07 17:41:32 | Dominio detectado: acevedocouttolenc.com
2025-10-07 17:41:32 | ?? Comparando dominio: acevedocouttolenc.com vs acevedocouttolenc.com
2025-10-07 17:41:32 | ? DOMINIO COINCIDE
2025-10-07 17:41:32 | ? CORREO ACEPTADO - Dominio coincide
2025-10-07 17:41:32 | Buscando adjuntos. Total: 11
2025-10-07 17:41:32 | Adjunto: 477557318.xml
2025-10-07 17:41:32 | ? Verificación PDF: 477557318.xml -> NO es PDF
2025-10-07 17:41:32 | Adjunto: PREMIER.zip
2025-10-07 17:41:32 | ? Verificación PDF: PREMIER.zip -> NO es PDF
2025-10-07 17:41:32 | Adjunto: 477557318 GUTIERREZ VIGIL ESCALERA RODRIGO.pdf
2025-10-07 17:41:32 | ? Verificación PDF: 477557318 GUTIERREZ VIGIL ESCALERA RODRIGO.pdf -> EXTENSIÓN VÁLIDA
2025-10-07 17:41:32 | ? PDF ENCONTRADO: 477557318 GUTIERREZ VIGIL ESCALERA RODRIGO.pdf
2025-10-07 17:41:32 | Guardando como: 20251007_174132_gmm5_RENOVACION_POLIZA_477557318_RO_477557318_GUTIERREZ_VIGIL_ESCALERA_RODRIGO.pdf
2025-10-07 17:41:32 | Ruta completa: C:\laragon\www\analizer_files\data\20251007_174132_gmm5_RENOVACION_POLIZA_477557318_RO_477557318_GUTIERREZ_VIGIL_ESCALERA_RODRIGO.pdf
2025-10-07 17:41:32 | ? PDF DESCARGADO EXITOSAMENTE: 20251007_174132_gmm5_RENOVACION_POLIZA_477557318_RO_477557318_GUTIERREZ_VIGIL_ESCALERA_RODRIGO.pdf
2025-10-07 17:41:32 | Adjunto: 477557318 GUTIERREZ VIGIL ESCALERA RODRIGO -RECIBO.pdf
2025-10-07 17:41:32 | ? Verificación PDF: 477557318 GUTIERREZ VIGIL ESCALERA RODRIGO -RECIBO.pdf -> EXTENSIÓN VÁLIDA
2025-10-07 17:41:32 | ? PDF ENCONTRADO: 477557318 GUTIERREZ VIGIL ESCALERA RODRIGO -RECIBO.pdf
2025-10-07 17:41:32 | Guardando como: 20251007_174132_gmm5_RENOVACION_POLIZA_477557318_RO_477557318_GUTIERREZ_VIGIL_ESCALERA_RODRIGO_-RECIBO.pdf
2025-10-07 17:41:32 | Ruta completa: C:\laragon\www\analizer_files\data\20251007_174132_gmm5_RENOVACION_POLIZA_477557318_RO_477557318_GUTIERREZ_VIGIL_ESCALERA_RODRIGO_-RECIBO.pdf
2025-10-07 17:41:32 | ? PDF DESCARGADO EXITOSAMENTE: 20251007_174132_gmm5_RENOVACION_POLIZA_477557318_RO_477557318_GUTIERREZ_VIGIL_ESCALERA_RODRIGO_-RECIBO.pdf
2025-10-07 17:41:32 | Adjunto: 477557318 GUTIERREZ VIGIL ESCALERA RODRIGO -FACTURA.pdf
2025-10-07 17:41:32 | ? Verificación PDF: 477557318 GUTIERREZ VIGIL ESCALERA RODRIGO -FACTURA.pdf -> EXTENSIÓN VÁLIDA
2025-10-07 17:41:32 | ? PDF ENCONTRADO: 477557318 GUTIERREZ VIGIL ESCALERA RODRIGO -FACTURA.pdf
2025-10-07 17:41:32 | Guardando como: 20251007_174132_gmm5_RENOVACION_POLIZA_477557318_RO_477557318_GUTIERREZ_VIGIL_ESCALERA_RODRIGO_-FACTURA.pdf
2025-10-07 17:41:32 | Ruta completa: C:\laragon\www\analizer_files\data\20251007_174132_gmm5_RENOVACION_POLIZA_477557318_RO_477557318_GUTIERREZ_VIGIL_ESCALERA_RODRIGO_-FACTURA.pdf
2025-10-07 17:41:32 | ? PDF DESCARGADO EXITOSAMENTE: 20251007_174132_gmm5_RENOVACION_POLIZA_477557318_RO_477557318_GUTIERREZ_VIGIL_ESCALERA_RODRIGO_-FACTURA.pdf
2025-10-07 17:41:32 | Adjunto: image001.png
2025-10-07 17:41:32 | ? Verificación PDF: image001.png -> NO es PDF
2025-10-07 17:41:32 | Adjunto: image002.png
2025-10-07 17:41:32 | ? Verificación PDF: image002.png -> NO es PDF
2025-10-07 17:41:32 | Adjunto: image003.png
2025-10-07 17:41:32 | ? Verificación PDF: image003.png -> NO es PDF
2025-10-07 17:41:32 | Adjunto: image004.png
2025-10-07 17:41:32 | ? Verificación PDF: image004.png -> NO es PDF
2025-10-07 17:41:32 | Adjunto: image005.png
2025-10-07 17:41:32 | ? Verificación PDF: image005.png -> NO es PDF
2025-10-07 17:41:32 | Adjunto: image006.jpg
2025-10-07 17:41:32 | ? Verificación PDF: image006.jpg -> NO es PDF
2025-10-07 17:41:32 | RESUMEN: 3 PDFs encontrados, 3 descargados
2025-10-07 17:54:34 | ?? NUEVO CORREO DETECTADO - Iniciando procesamiento...
2025-10-07 17:54:34 | === PROCESANDO CORREO ENTRANTE ===
2025-10-07 17:54:34 | Asunto: RENOVACION POLIZA 932598 SOFIA RUIZ DE LA CONCHA
2025-10-07 17:54:34 | Remitente: Acevedo Couttolenc / Lucina Hernandez
2025-10-07 17:54:34 | ?? Detectada cuenta EXCHANGE, extrayendo email real...
2025-10-07 17:54:34 | ? Email REAL obtenido de Exchange: gmm5@ACEVEDOCOUTTOLENC.COM
2025-10-07 17:54:34 | Email remitente: gmm5@acevedocouttolenc.com
2025-10-07 17:54:34 | Dominio detectado: acevedocouttolenc.com
2025-10-07 17:54:34 | ?? Comparando dominio: acevedocouttolenc.com vs acevedocouttolenc.com
2025-10-07 17:54:34 | ? DOMINIO COINCIDE
2025-10-07 17:54:34 | ? CORREO ACEPTADO - Dominio coincide
2025-10-07 17:54:34 | Buscando adjuntos. Total: 5
2025-10-07 17:54:34 | Adjunto: BUPA NACIONAL PLUS 2025.zip
2025-10-07 17:54:34 | ? Verificación PDF: BUPA NACIONAL PLUS 2025.zip -> NO es PDF
2025-10-07 17:54:34 | Adjunto: 932598 RUIZ DE LA CONCHA SOFIA.pdf
2025-10-07 17:54:34 | ? Verificación PDF: 932598 RUIZ DE LA CONCHA SOFIA.pdf -> EXTENSIÓN VÁLIDA
2025-10-07 17:54:34 | ? PDF ENCONTRADO: 932598 RUIZ DE LA CONCHA SOFIA.pdf
2025-10-07 17:54:34 | Guardando como: 20251007_175434_gmm5_RENOVACION_POLIZA_932598_SOFIA_932598_RUIZ_DE_LA_CONCHA_SOFIA.pdf
2025-10-07 17:54:34 | Ruta completa: C:\laragon\www\analizer_files\data\20251007_175434_gmm5_RENOVACION_POLIZA_932598_SOFIA_932598_RUIZ_DE_LA_CONCHA_SOFIA.pdf
2025-10-07 17:54:34 | ? PDF DESCARGADO EXITOSAMENTE: 20251007_175434_gmm5_RENOVACION_POLIZA_932598_SOFIA_932598_RUIZ_DE_LA_CONCHA_SOFIA.pdf
2025-10-07 17:54:34 | Adjunto: 932598 RUIZ DE LA CONCHA SOFIA -RECIBO.pdf
2025-10-07 17:54:34 | ? Verificación PDF: 932598 RUIZ DE LA CONCHA SOFIA -RECIBO.pdf -> EXTENSIÓN VÁLIDA
2025-10-07 17:54:34 | ? PDF ENCONTRADO: 932598 RUIZ DE LA CONCHA SOFIA -RECIBO.pdf
2025-10-07 17:54:34 | Guardando como: 20251007_175434_gmm5_RENOVACION_POLIZA_932598_SOFIA_932598_RUIZ_DE_LA_CONCHA_SOFIA_-RECIBO.pdf
2025-10-07 17:54:34 | Ruta completa: C:\laragon\www\analizer_files\data\20251007_175434_gmm5_RENOVACION_POLIZA_932598_SOFIA_932598_RUIZ_DE_LA_CONCHA_SOFIA_-RECIBO.pdf
2025-10-07 17:54:34 | ? PDF DESCARGADO EXITOSAMENTE: 20251007_175434_gmm5_RENOVACION_POLIZA_932598_SOFIA_932598_RUIZ_DE_LA_CONCHA_SOFIA_-RECIBO.pdf
2025-10-07 17:54:34 | Adjunto: image001.png
2025-10-07 17:54:34 | ? Verificación PDF: image001.png -> NO es PDF
2025-10-07 17:54:34 | Adjunto: image002.jpg
2025-10-07 17:54:34 | ? Verificación PDF: image002.jpg -> NO es PDF
2025-10-07 17:54:34 | RESUMEN: 2 PDFs encontrados, 2 descargados
2025-10-07 18:10:47 | ?? NUEVO CORREO DETECTADO - Iniciando procesamiento...
2025-10-07 18:10:47 | === PROCESANDO CORREO ENTRANTE ===
2025-10-07 18:10:47 | Asunto: SOLICITUD DE RENOVACION PÓLIZA VIDA GARCIA SANCHEZ PIEDAD IFANIA 8371997
2025-10-07 18:10:47 | Remitente: Acevedo Couttolenc / Zaid Cuauhtemoc Trueba Bayardo
2025-10-07 18:10:47 | ?? Detectada cuenta EXCHANGE, extrayendo email real...
2025-10-07 18:10:47 | ? Email REAL obtenido de Exchange: vida1@ACEVEDOCOUTTOLENC.COM
2025-10-07 18:10:47 | Email remitente: vida1@acevedocouttolenc.com
2025-10-07 18:10:47 | Dominio detectado: acevedocouttolenc.com
2025-10-07 18:10:47 | ?? Comparando dominio: acevedocouttolenc.com vs acevedocouttolenc.com
2025-10-07 18:10:47 | ? DOMINIO COINCIDE
2025-10-07 18:10:47 | ? CORREO ACEPTADO - Dominio coincide
2025-10-07 18:10:47 | Buscando adjuntos. Total: 3
2025-10-07 18:10:47 | Adjunto: image001.jpg
2025-10-07 18:10:47 | ? Verificación PDF: image001.jpg -> NO es PDF
2025-10-07 18:10:47 | Adjunto: image002.png
2025-10-07 18:10:47 | ? Verificación PDF: image002.png -> NO es PDF
2025-10-07 18:10:47 | Adjunto: AVISO_GASP820708QM5_11631180_0008371997_.pdf
2025-10-07 18:10:47 | ? Verificación PDF: AVISO_GASP820708QM5_11631180_0008371997_.pdf -> EXTENSIÓN VÁLIDA
2025-10-07 18:10:47 | ? PDF ENCONTRADO: AVISO_GASP820708QM5_11631180_0008371997_.pdf
2025-10-07 18:10:47 | Guardando como: 20251007_181047_vida1_SOLICITUD_DE_RENOVACION_P_LIZA_AVISO_GASP820708QM5_11631180_0008371997.pdf
2025-10-07 18:10:47 | Ruta completa: C:\laragon\www\analizer_files\data\20251007_181047_vida1_SOLICITUD_DE_RENOVACION_P_LIZA_AVISO_GASP820708QM5_11631180_0008371997.pdf
2025-10-07 18:10:47 | ? PDF DESCARGADO EXITOSAMENTE: 20251007_181047_vida1_SOLICITUD_DE_RENOVACION_P_LIZA_AVISO_GASP820708QM5_11631180_0008371997.pdf
2025-10-07 18:10:47 | RESUMEN: 1 PDFs encontrados, 1 descargados
2025-10-07 18:16:40 | ?? NUEVO CORREO DETECTADO - Iniciando procesamiento...
2025-10-07 18:16:40 | === PROCESANDO CORREO ENTRANTE ===
2025-10-07 18:16:40 | Asunto: FLOTILLA ATRIA HOGAR
2025-10-07 18:16:40 | Remitente: Acevedo Couttolenc / Abraham Pelcastre
2025-10-07 18:16:40 | ?? Detectada cuenta EXCHANGE, extrayendo email real...
2025-10-07 18:16:40 | ? Email REAL obtenido de Exchange: autos2@ACEVEDOCOUTTOLENC.COM
2025-10-07 18:16:40 | Email remitente: autos2@acevedocouttolenc.com
2025-10-07 18:16:40 | Dominio detectado: acevedocouttolenc.com
2025-10-07 18:16:40 | ?? Comparando dominio: acevedocouttolenc.com vs acevedocouttolenc.com
2025-10-07 18:16:40 | ? DOMINIO COINCIDE
2025-10-07 18:16:40 | ? CORREO ACEPTADO - Dominio coincide
2025-10-07 18:16:40 | Buscando adjuntos. Total: 15
2025-10-07 18:16:40 | Adjunto: POLIZA 19489 S10 MAX CHASIS CABINA 4X2 STD.pdf
2025-10-07 18:16:40 | ? Verificación PDF: POLIZA 19489 S10 MAX CHASIS CABINA 4X2 STD.pdf -> EXTENSIÓN VÁLIDA
2025-10-07 18:16:40 | ? PDF ENCONTRADO: POLIZA 19489 S10 MAX CHASIS CABINA 4X2 STD.pdf
2025-10-07 18:16:40 | Guardando como: 20251007_181640_autos2_FLOTILLA_ATRIA_HOGAR_POLIZA_19489_S10_MAX_CHASIS_CABINA_4X2_STD.pdf
2025-10-07 18:16:40 | Ruta completa: C:\laragon\www\analizer_files\data\20251007_181640_autos2_FLOTILLA_ATRIA_HOGAR_POLIZA_19489_S10_MAX_CHASIS_CABINA_4X2_STD.pdf
2025-10-07 18:16:40 | ? PDF DESCARGADO EXITOSAMENTE: 20251007_181640_autos2_FLOTILLA_ATRIA_HOGAR_POLIZA_19489_S10_MAX_CHASIS_CABINA_4X2_STD.pdf
2025-10-07 18:16:40 | Adjunto: RECBIO 19489 S10 MAX CHASIS CABINA 4X2 STD.pdf
2025-10-07 18:16:40 | ? Verificación PDF: RECBIO 19489 S10 MAX CHASIS CABINA 4X2 STD.pdf -> EXTENSIÓN VÁLIDA
2025-10-07 18:16:40 | ? PDF ENCONTRADO: RECBIO 19489 S10 MAX CHASIS CABINA 4X2 STD.pdf
2025-10-07 18:16:40 | Guardando como: 20251007_181640_autos2_FLOTILLA_ATRIA_HOGAR_RECBIO_19489_S10_MAX_CHASIS_CABINA_4X2_STD.pdf
2025-10-07 18:16:40 | Ruta completa: C:\laragon\www\analizer_files\data\20251007_181640_autos2_FLOTILLA_ATRIA_HOGAR_RECBIO_19489_S10_MAX_CHASIS_CABINA_4X2_STD.pdf
2025-10-07 18:16:40 | ? PDF DESCARGADO EXITOSAMENTE: 20251007_181640_autos2_FLOTILLA_ATRIA_HOGAR_RECBIO_19489_S10_MAX_CHASIS_CABINA_4X2_STD.pdf
2025-10-07 18:16:40 | Adjunto: POLIZA 100019300 RAM 700 SLT REG CAB.pdf
2025-10-07 18:16:40 | ? Verificación PDF: POLIZA 100019300 RAM 700 SLT REG CAB.pdf -> EXTENSIÓN VÁLIDA
2025-10-07 18:16:40 | ? PDF ENCONTRADO: POLIZA 100019300 RAM 700 SLT REG CAB.pdf
2025-10-07 18:16:40 | Guardando como: 20251007_181640_autos2_FLOTILLA_ATRIA_HOGAR_POLIZA_100019300_RAM_700_SLT_REG_CAB.pdf
2025-10-07 18:16:40 | Ruta completa: C:\laragon\www\analizer_files\data\20251007_181640_autos2_FLOTILLA_ATRIA_HOGAR_POLIZA_100019300_RAM_700_SLT_REG_CAB.pdf
2025-10-07 18:16:40 | ? PDF DESCARGADO EXITOSAMENTE: 20251007_181640_autos2_FLOTILLA_ATRIA_HOGAR_POLIZA_100019300_RAM_700_SLT_REG_CAB.pdf
2025-10-07 18:16:40 | Adjunto: POLIZA 100077857 VERSA SENSE TM.pdf
2025-10-07 18:16:40 | ? Verificación PDF: POLIZA 100077857 VERSA SENSE TM.pdf -> EXTENSIÓN VÁLIDA
2025-10-07 18:16:40 | ? PDF ENCONTRADO: POLIZA 100077857 VERSA SENSE TM.pdf
2025-10-07 18:16:40 | Guardando como: 20251007_181640_autos2_FLOTILLA_ATRIA_HOGAR_POLIZA_100077857_VERSA_SENSE_TM.pdf
2025-10-07 18:16:40 | Ruta completa: C:\laragon\www\analizer_files\data\20251007_181640_autos2_FLOTILLA_ATRIA_HOGAR_POLIZA_100077857_VERSA_SENSE_TM.pdf
2025-10-07 18:16:40 | ? PDF DESCARGADO EXITOSAMENTE: 20251007_181640_autos2_FLOTILLA_ATRIA_HOGAR_POLIZA_100077857_VERSA_SENSE_TM.pdf
2025-10-07 18:16:40 | Adjunto: POLIZA 100077858 208 ALLURE PACK 1.2L 110HP.pdf
2025-10-07 18:16:40 | ? Verificación PDF: POLIZA 100077858 208 ALLURE PACK 1.2L 110HP.pdf -> EXTENSIÓN VÁLIDA
2025-10-07 18:16:40 | ? PDF ENCONTRADO: POLIZA 100077858 208 ALLURE PACK 1.2L 110HP.pdf
2025-10-07 18:16:40 | Guardando como: 20251007_181640_autos2_FLOTILLA_ATRIA_HOGAR_POLIZA_100077858_208_ALLURE_PACK_1.2L_110HP.pdf
2025-10-07 18:16:40 | Ruta completa: C:\laragon\www\analizer_files\data\20251007_181640_autos2_FLOTILLA_ATRIA_HOGAR_POLIZA_100077858_208_ALLURE_PACK_1.2L_110HP.pdf
2025-10-07 18:16:40 | ? PDF DESCARGADO EXITOSAMENTE: 20251007_181640_autos2_FLOTILLA_ATRIA_HOGAR_POLIZA_100077858_208_ALLURE_PACK_1.2L_110HP.pdf
2025-10-07 18:16:40 | Adjunto: POLIZA 100080743 FORD FIGO ENERGY TM.pdf
2025-10-07 18:16:40 | ? Verificación PDF: POLIZA 100080743 FORD FIGO ENERGY TM.pdf -> EXTENSIÓN VÁLIDA
2025-10-07 18:16:40 | ? PDF ENCONTRADO: POLIZA 100080743 FORD FIGO ENERGY TM.pdf
2025-10-07 18:16:40 | Guardando como: 20251007_181640_autos2_FLOTILLA_ATRIA_HOGAR_POLIZA_100080743_FORD_FIGO_ENERGY_TM.pdf
2025-10-07 18:16:40 | Ruta completa: C:\laragon\www\analizer_files\data\20251007_181640_autos2_FLOTILLA_ATRIA_HOGAR_POLIZA_100080743_FORD_FIGO_ENERGY_TM.pdf
2025-10-07 18:16:40 | ? PDF DESCARGADO EXITOSAMENTE: 20251007_181640_autos2_FLOTILLA_ATRIA_HOGAR_POLIZA_100080743_FORD_FIGO_ENERGY_TM.pdf
2025-10-07 18:16:40 | Adjunto: POLIZA 100080748 FORD LOBO RAPTOR HIGH CREW.pdf
2025-10-07 18:16:40 | ? Verificación PDF: POLIZA 100080748 FORD LOBO RAPTOR HIGH CREW.pdf -> EXTENSIÓN VÁLIDA
2025-10-07 18:16:40 | ? PDF ENCONTRADO: POLIZA 100080748 FORD LOBO RAPTOR HIGH CREW.pdf
2025-10-07 18:16:40 | Guardando como: 20251007_181640_autos2_FLOTILLA_ATRIA_HOGAR_POLIZA_100080748_FORD_LOBO_RAPTOR_HIGH_CREW.pdf
2025-10-07 18:16:40 | Ruta completa: C:\laragon\www\analizer_files\data\20251007_181640_autos2_FLOTILLA_ATRIA_HOGAR_POLIZA_100080748_FORD_LOBO_RAPTOR_HIGH_CREW.pdf
2025-10-07 18:16:40 | ? PDF DESCARGADO EXITOSAMENTE: 20251007_181640_autos2_FLOTILLA_ATRIA_HOGAR_POLIZA_100080748_FORD_LOBO_RAPTOR_HIGH_CREW.pdf
2025-10-07 18:16:40 | Adjunto: POLIZA 100081912 TOYOTA RAV 4 XLE 2.5.pdf
2025-10-07 18:16:40 | ? Verificación PDF: POLIZA 100081912 TOYOTA RAV 4 XLE 2.5.pdf -> EXTENSIÓN VÁLIDA
2025-10-07 18:16:40 | ? PDF ENCONTRADO: POLIZA 100081912 TOYOTA RAV 4 XLE 2.5.pdf
2025-10-07 18:16:40 | Guardando como: 20251007_181640_autos2_FLOTILLA_ATRIA_HOGAR_POLIZA_100081912_TOYOTA_RAV_4_XLE_2.5.pdf
2025-10-07 18:16:40 | Ruta completa: C:\laragon\www\analizer_files\data\20251007_181640_autos2_FLOTILLA_ATRIA_HOGAR_POLIZA_100081912_TOYOTA_RAV_4_XLE_2.5.pdf
2025-10-07 18:16:40 | ? PDF DESCARGADO EXITOSAMENTE: 20251007_181640_autos2_FLOTILLA_ATRIA_HOGAR_POLIZA_100081912_TOYOTA_RAV_4_XLE_2.5.pdf
2025-10-07 18:16:40 | Adjunto: ATRIA LISTADO DE UNIDADES.pdf
2025-10-07 18:16:40 | ? Verificación PDF: ATRIA LISTADO DE UNIDADES.pdf -> EXTENSIÓN VÁLIDA
2025-10-07 18:16:40 | ? PDF ENCONTRADO: ATRIA LISTADO DE UNIDADES.pdf
2025-10-07 18:16:40 | Guardando como: 20251007_181640_autos2_FLOTILLA_ATRIA_HOGAR_ATRIA_LISTADO_DE_UNIDADES.pdf
2025-10-07 18:16:40 | Ruta completa: C:\laragon\www\analizer_files\data\20251007_181640_autos2_FLOTILLA_ATRIA_HOGAR_ATRIA_LISTADO_DE_UNIDADES.pdf
2025-10-07 18:16:41 | ? PDF DESCARGADO EXITOSAMENTE: 20251007_181640_autos2_FLOTILLA_ATRIA_HOGAR_ATRIA_LISTADO_DE_UNIDADES.pdf
2025-10-07 18:16:41 | Adjunto: ANEXO Robo Parcial.pdf
2025-10-07 18:16:41 | ? Verificación PDF: ANEXO Robo Parcial.pdf -> EXTENSIÓN VÁLIDA
2025-10-07 18:16:41 | ? PDF ENCONTRADO: ANEXO Robo Parcial.pdf
2025-10-07 18:16:41 | Guardando como: 20251007_181641_autos2_FLOTILLA_ATRIA_HOGAR_ANEXO_Robo_Parcial.pdf
2025-10-07 18:16:41 | Ruta completa: C:\laragon\www\analizer_files\data\20251007_181641_autos2_FLOTILLA_ATRIA_HOGAR_ANEXO_Robo_Parcial.pdf
2025-10-07 18:16:41 | ? PDF DESCARGADO EXITOSAMENTE: 20251007_181641_autos2_FLOTILLA_ATRIA_HOGAR_ANEXO_Robo_Parcial.pdf
2025-10-07 18:16:41 | Adjunto: CONDICIONES GENERALES SURA AUTOS.zip
2025-10-07 18:16:41 | ? Verificación PDF: CONDICIONES GENERALES SURA AUTOS.zip -> NO es PDF
2025-10-07 18:16:41 | Adjunto: REPORTE SINIESTRO SURA.jpeg
2025-10-07 18:16:41 | ? Verificación PDF: REPORTE SINIESTRO SURA.jpeg -> NO es PDF
2025-10-07 18:16:41 | Adjunto: CONDICIONES GENERALES SURA CAMIONES.pdf
2025-10-07 18:16:41 | ? Verificación PDF: CONDICIONES GENERALES SURA CAMIONES.pdf -> EXTENSIÓN VÁLIDA
2025-10-07 18:16:41 | ? PDF ENCONTRADO: CONDICIONES GENERALES SURA CAMIONES.pdf
2025-10-07 18:16:41 | Guardando como: 20251007_181641_autos2_FLOTILLA_ATRIA_HOGAR_CONDICIONES_GENERALES_SURA_CAMIONES.pdf
2025-10-07 18:16:41 | Ruta completa: C:\laragon\www\analizer_files\data\20251007_181641_autos2_FLOTILLA_ATRIA_HOGAR_CONDICIONES_GENERALES_SURA_CAMIONES.pdf
2025-10-07 18:16:41 | ? PDF DESCARGADO EXITOSAMENTE: 20251007_181641_autos2_FLOTILLA_ATRIA_HOGAR_CONDICIONES_GENERALES_SURA_CAMIONES.pdf
2025-10-07 18:16:41 | Adjunto: image003.png
2025-10-07 18:16:41 | ? Verificación PDF: image003.png -> NO es PDF
2025-10-07 18:16:41 | Adjunto: image004.png
2025-10-07 18:16:41 | ? Verificación PDF: image004.png -> NO es PDF
2025-10-07 18:16:41 | RESUMEN: 11 PDFs encontrados, 11 descargados
2025-10-07 18:21:30 | ?? NUEVO CORREO DETECTADO - Iniciando procesamiento...
2025-10-07 18:21:30 | === PROCESANDO CORREO ENTRANTE ===
2025-10-07 18:21:30 | Asunto: RENOVACION POLIZA 638346262 POPP VAZQUEZ TIBERIO / POPP CIANCA MAURICIO 
2025-10-07 18:21:30 | Remitente: Acevedo Couttolenc / Adriana Benitez Garcia
2025-10-07 18:21:30 | ?? Detectada cuenta EXCHANGE, extrayendo email real...
2025-10-07 18:21:30 | ? Email REAL obtenido de Exchange: gmm2@ACEVEDOCOUTTOLENC.COM
2025-10-07 18:21:30 | Email remitente: gmm2@acevedocouttolenc.com
2025-10-07 18:21:30 | Dominio detectado: acevedocouttolenc.com
2025-10-07 18:21:30 | ?? Comparando dominio: acevedocouttolenc.com vs acevedocouttolenc.com
2025-10-07 18:21:30 | ? DOMINIO COINCIDE
2025-10-07 18:21:30 | ? CORREO ACEPTADO - Dominio coincide
2025-10-07 18:21:30 | Buscando adjuntos. Total: 7
2025-10-07 18:21:30 | Adjunto: image001.png
2025-10-07 18:21:30 | ? Verificación PDF: image001.png -> NO es PDF
2025-10-07 18:21:30 | Adjunto: image002.jpg
2025-10-07 18:21:30 | ? Verificación PDF: image002.jpg -> NO es PDF
2025-10-07 18:21:30 | Adjunto: 638346262 POPP VAZQUEZ TIBERIO.pdf
2025-10-07 18:21:30 | ? Verificación PDF: 638346262 POPP VAZQUEZ TIBERIO.pdf -> EXTENSIÓN VÁLIDA
2025-10-07 18:21:30 | ? PDF ENCONTRADO: 638346262 POPP VAZQUEZ TIBERIO.pdf
2025-10-07 18:21:30 | Guardando como: 20251007_182130_gmm2_RENOVACION_POLIZA_638346262_PO_638346262_POPP_VAZQUEZ_TIBERIO.pdf
2025-10-07 18:21:31 | Ruta completa: C:\laragon\www\analizer_files\data\20251007_182130_gmm2_RENOVACION_POLIZA_638346262_PO_638346262_POPP_VAZQUEZ_TIBERIO.pdf
2025-10-07 18:21:31 | ? PDF DESCARGADO EXITOSAMENTE: 20251007_182130_gmm2_RENOVACION_POLIZA_638346262_PO_638346262_POPP_VAZQUEZ_TIBERIO.pdf
2025-10-07 18:21:31 | Adjunto: 638346262 POPP VAZQUEZ TIBERIO - RECIBO.pdf
2025-10-07 18:21:31 | ? Verificación PDF: 638346262 POPP VAZQUEZ TIBERIO - RECIBO.pdf -> EXTENSIÓN VÁLIDA
2025-10-07 18:21:31 | ? PDF ENCONTRADO: 638346262 POPP VAZQUEZ TIBERIO - RECIBO.pdf
2025-10-07 18:21:31 | Guardando como: 20251007_182131_gmm2_RENOVACION_POLIZA_638346262_PO_638346262_POPP_VAZQUEZ_TIBERIO_-_RECIBO.pdf
2025-10-07 18:21:31 | Ruta completa: C:\laragon\www\analizer_files\data\20251007_182131_gmm2_RENOVACION_POLIZA_638346262_PO_638346262_POPP_VAZQUEZ_TIBERIO_-_RECIBO.pdf
2025-10-07 18:21:31 | ? PDF DESCARGADO EXITOSAMENTE: 20251007_182131_gmm2_RENOVACION_POLIZA_638346262_PO_638346262_POPP_VAZQUEZ_TIBERIO_-_RECIBO.pdf
2025-10-07 18:21:31 | Adjunto: 638346262 POPP VAZQUEZ TIBERIO - FACTURA.xml
2025-10-07 18:21:31 | ? Verificación PDF: 638346262 POPP VAZQUEZ TIBERIO - FACTURA.xml -> NO es PDF
2025-10-07 18:21:31 | Adjunto: 638346262 POPP VAZQUEZ TIBERIO - FACTURA.pdf
2025-10-07 18:21:31 | ? Verificación PDF: 638346262 POPP VAZQUEZ TIBERIO - FACTURA.pdf -> EXTENSIÓN VÁLIDA
2025-10-07 18:21:31 | ? PDF ENCONTRADO: 638346262 POPP VAZQUEZ TIBERIO - FACTURA.pdf
2025-10-07 18:21:31 | Guardando como: 20251007_182131_gmm2_RENOVACION_POLIZA_638346262_PO_638346262_POPP_VAZQUEZ_TIBERIO_-_FACTURA.pdf
2025-10-07 18:21:31 | Ruta completa: C:\laragon\www\analizer_files\data\20251007_182131_gmm2_RENOVACION_POLIZA_638346262_PO_638346262_POPP_VAZQUEZ_TIBERIO_-_FACTURA.pdf
2025-10-07 18:21:31 | ? PDF DESCARGADO EXITOSAMENTE: 20251007_182131_gmm2_RENOVACION_POLIZA_638346262_PO_638346262_POPP_VAZQUEZ_TIBERIO_-_FACTURA.pdf
2025-10-07 18:21:31 | Adjunto: CONEXION.zip
2025-10-07 18:21:31 | ? Verificación PDF: CONEXION.zip -> NO es PDF
2025-10-07 18:21:31 | RESUMEN: 3 PDFs encontrados, 3 descargados
2025-10-07 18:24:10 | ?? NUEVO CORREO DETECTADO - Iniciando procesamiento...
2025-10-07 18:24:10 | === PROCESANDO CORREO ENTRANTE ===
2025-10-07 18:24:10 | Asunto: 112068077 / LOPEZ RUBI CALDERON MA. CRISTINA / RENOVACIÓN HOGAR
2025-10-07 18:24:10 | Remitente: Acevedo Couttolenc / Evelyn Alvarez
2025-10-07 18:24:10 | ?? Detectada cuenta EXCHANGE, extrayendo email real...
2025-10-07 18:24:10 | ? Email REAL obtenido de Exchange: danos1@ACEVEDOCOUTTOLENC.COM
2025-10-07 18:24:10 | Email remitente: danos1@acevedocouttolenc.com
2025-10-07 18:24:10 | Dominio detectado: acevedocouttolenc.com
2025-10-07 18:24:10 | ?? Comparando dominio: acevedocouttolenc.com vs acevedocouttolenc.com
2025-10-07 18:24:10 | ? DOMINIO COINCIDE
2025-10-07 18:24:10 | ? CORREO ACEPTADO - Dominio coincide
2025-10-07 18:24:10 | Buscando adjuntos. Total: 6
2025-10-07 18:24:10 | Adjunto: image003.png
2025-10-07 18:24:10 | ? Verificación PDF: image003.png -> NO es PDF
2025-10-07 18:24:10 | Adjunto: LOPEZ RUBI CALDERON MARIA CRISTINA.zip
2025-10-07 18:24:10 | ? Verificación PDF: LOPEZ RUBI CALDERON MARIA CRISTINA.zip -> NO es PDF
2025-10-07 18:24:10 | Adjunto: PÓLIZA.Pdf
2025-10-07 18:24:10 | ? Verificación PDF: PÓLIZA.Pdf -> EXTENSIÓN VÁLIDA
2025-10-07 18:24:10 | ? PDF ENCONTRADO: PÓLIZA.Pdf
2025-10-07 18:24:10 | Guardando como: 20251007_182410_danos1_112068077___LOPEZ_RUBI_CALDERO_P_LIZA.pdf
2025-10-07 18:24:10 | Ruta completa: C:\laragon\www\analizer_files\data\20251007_182410_danos1_112068077___LOPEZ_RUBI_CALDERO_P_LIZA.pdf
2025-10-07 18:24:10 | ? PDF DESCARGADO EXITOSAMENTE: 20251007_182410_danos1_112068077___LOPEZ_RUBI_CALDERO_P_LIZA.pdf
2025-10-07 18:24:10 | Adjunto: CARATULA.pdf
2025-10-07 18:24:10 | ? Verificación PDF: CARATULA.pdf -> EXTENSIÓN VÁLIDA
2025-10-07 18:24:10 | ? PDF ENCONTRADO: CARATULA.pdf
2025-10-07 18:24:10 | Guardando como: 20251007_182410_danos1_112068077___LOPEZ_RUBI_CALDERO_CARATULA.pdf
2025-10-07 18:24:10 | Ruta completa: C:\laragon\www\analizer_files\data\20251007_182410_danos1_112068077___LOPEZ_RUBI_CALDERO_CARATULA.pdf
2025-10-07 18:24:10 | ? PDF DESCARGADO EXITOSAMENTE: 20251007_182410_danos1_112068077___LOPEZ_RUBI_CALDERO_CARATULA.pdf
2025-10-07 18:24:10 | Adjunto: RECIBO 1-4.pdf
2025-10-07 18:24:10 | ? Verificación PDF: RECIBO 1-4.pdf -> EXTENSIÓN VÁLIDA
2025-10-07 18:24:10 | ? PDF ENCONTRADO: RECIBO 1-4.pdf
2025-10-07 18:24:10 | Guardando como: 20251007_182410_danos1_112068077___LOPEZ_RUBI_CALDERO_RECIBO_1-4.pdf
2025-10-07 18:24:10 | Ruta completa: C:\laragon\www\analizer_files\data\20251007_182410_danos1_112068077___LOPEZ_RUBI_CALDERO_RECIBO_1-4.pdf
2025-10-07 18:24:10 | ? PDF DESCARGADO EXITOSAMENTE: 20251007_182410_danos1_112068077___LOPEZ_RUBI_CALDERO_RECIBO_1-4.pdf
2025-10-07 18:24:10 | Adjunto: image002.png
2025-10-07 18:24:10 | ? Verificación PDF: image002.png -> NO es PDF
2025-10-07 18:24:10 | RESUMEN: 3 PDFs encontrados, 3 descargados
2025-10-07 18:37:20 | ?? NUEVO CORREO DETECTADO - Iniciando procesamiento...
2025-10-07 18:37:20 | === PROCESANDO CORREO ENTRANTE ===
2025-10-07 18:37:20 | Asunto: SOLICITUD DE CAPTURA PÓLIZA VIDA NUEVA NAUDE GONZALEZ MARIA SOFIA 1032300000528
2025-10-07 18:37:20 | Remitente: Acevedo Couttolenc / Zaid Cuauhtemoc Trueba Bayardo
2025-10-07 18:37:20 | ?? Detectada cuenta EXCHANGE, extrayendo email real...
2025-10-07 18:37:20 | ? Email REAL obtenido de Exchange: vida1@ACEVEDOCOUTTOLENC.COM
2025-10-07 18:37:20 | Email remitente: vida1@acevedocouttolenc.com
2025-10-07 18:37:20 | Dominio detectado: acevedocouttolenc.com
2025-10-07 18:37:20 | ?? Comparando dominio: acevedocouttolenc.com vs acevedocouttolenc.com
2025-10-07 18:37:20 | ? DOMINIO COINCIDE
2025-10-07 18:37:20 | ? CORREO ACEPTADO - Dominio coincide
2025-10-07 18:37:20 | Buscando adjuntos. Total: 3
2025-10-07 18:37:20 | Adjunto: 1032300000528-4[1] CARATULA.pdf
2025-10-07 18:37:20 | ? Verificación PDF: 1032300000528-4[1] CARATULA.pdf -> EXTENSIÓN VÁLIDA
2025-10-07 18:37:20 | ? PDF ENCONTRADO: 1032300000528-4[1] CARATULA.pdf
2025-10-07 18:37:20 | Guardando como: 20251007_183720_vida1_SOLICITUD_DE_CAPTURA_P_LIZA_VI_1032300000528-4_1__CARATULA.pdf
2025-10-07 18:37:20 | Ruta completa: C:\laragon\www\analizer_files\data\20251007_183720_vida1_SOLICITUD_DE_CAPTURA_P_LIZA_VI_1032300000528-4_1__CARATULA.pdf
2025-10-07 18:37:20 | ? PDF DESCARGADO EXITOSAMENTE: 20251007_183720_vida1_SOLICITUD_DE_CAPTURA_P_LIZA_VI_1032300000528-4_1__CARATULA.pdf
2025-10-07 18:37:20 | Adjunto: image001.jpg
2025-10-07 18:37:20 | ? Verificación PDF: image001.jpg -> NO es PDF
2025-10-07 18:37:20 | Adjunto: image002.png
2025-10-07 18:37:20 | ? Verificación PDF: image002.png -> NO es PDF
2025-10-07 18:37:20 | RESUMEN: 1 PDFs encontrados, 1 descargados
2025-10-07 18:42:21 | ?? NUEVO CORREO DETECTADO - Iniciando procesamiento...
2025-10-07 18:42:21 | === PROCESANDO CORREO ENTRANTE ===
2025-10-07 18:42:21 | Asunto: PRODUCCION AUTOS Y VIDA 07/10/2025 (1)
2025-10-07 18:42:21 | Remitente: Acevedo Couttolenc / Fabiola Garnica Esquivel
2025-10-07 18:42:21 | ?? Detectada cuenta EXCHANGE, extrayendo email real...
2025-10-07 18:42:21 | ? Email REAL obtenido de Exchange: sistemas3@ACEVEDOCOUTTOLENC.COM
2025-10-07 18:42:21 | Email remitente: sistemas3@acevedocouttolenc.com
2025-10-07 18:42:21 | Dominio detectado: acevedocouttolenc.com
2025-10-07 18:42:21 | ?? Comparando dominio: acevedocouttolenc.com vs acevedocouttolenc.com
2025-10-07 18:42:21 | ? DOMINIO COINCIDE
2025-10-07 18:42:21 | ? CORREO ACEPTADO - Dominio coincide
2025-10-07 18:42:21 | Buscando adjuntos. Total: 1
2025-10-07 18:42:21 | Adjunto: image001.png
2025-10-07 18:42:21 | ? Verificación PDF: image001.png -> NO es PDF
2025-10-07 18:42:21 | RESUMEN: 0 PDFs encontrados, 0 descargados
2025-10-07 18:48:05 | ?? NUEVO CORREO DETECTADO - Iniciando procesamiento...
2025-10-07 18:48:05 | === PROCESANDO CORREO ENTRANTE ===
2025-10-07 18:48:05 | Asunto: RENOVACION POLIZA (572026102) 693971483 PABLO HERNANDEZ GARCIA GOLZARRI
2025-10-07 18:48:05 | Remitente: Acevedo Couttolenc / Lucina Hernandez
2025-10-07 18:48:05 | ?? Detectada cuenta EXCHANGE, extrayendo email real...
2025-10-07 18:48:05 | ? Email REAL obtenido de Exchange: gmm5@ACEVEDOCOUTTOLENC.COM
2025-10-07 18:48:05 | Email remitente: gmm5@acevedocouttolenc.com
2025-10-07 18:48:05 | Dominio detectado: acevedocouttolenc.com
2025-10-07 18:48:05 | ?? Comparando dominio: acevedocouttolenc.com vs acevedocouttolenc.com
2025-10-07 18:48:05 | ? DOMINIO COINCIDE
2025-10-07 18:48:05 | ? CORREO ACEPTADO - Dominio coincide
2025-10-07 18:48:05 | Buscando adjuntos. Total: 11
2025-10-07 18:48:05 | Adjunto: 693971483.xml
2025-10-07 18:48:05 | ? Verificación PDF: 693971483.xml -> NO es PDF
2025-10-07 18:48:05 | Adjunto: VERSATIL.zip
2025-10-07 18:48:05 | ? Verificación PDF: VERSATIL.zip -> NO es PDF
2025-10-07 18:48:05 | Adjunto: 693971483 HERNANDEZ GARCIA GOLZARRI PABLO.pdf
2025-10-07 18:48:05 | ? Verificación PDF: 693971483 HERNANDEZ GARCIA GOLZARRI PABLO.pdf -> EXTENSIÓN VÁLIDA
2025-10-07 18:48:05 | ? PDF ENCONTRADO: 693971483 HERNANDEZ GARCIA GOLZARRI PABLO.pdf
2025-10-07 18:48:05 | Guardando como: 20251007_184805_gmm5_RENOVACION_POLIZA__572026102___693971483_HERNANDEZ_GARCIA_GOLZARRI_PABLO.pdf
2025-10-07 18:48:05 | Ruta completa: C:\laragon\www\analizer_files\data\20251007_184805_gmm5_RENOVACION_POLIZA__572026102___693971483_HERNANDEZ_GARCIA_GOLZARRI_PABLO.pdf
2025-10-07 18:48:05 | ? PDF DESCARGADO EXITOSAMENTE: 20251007_184805_gmm5_RENOVACION_POLIZA__572026102___693971483_HERNANDEZ_GARCIA_GOLZARRI_PABLO.pdf
2025-10-07 18:48:05 | Adjunto: 693971483 HERNANDEZ GARCIA GOLZARRI PABLO -RECIBO.pdf
2025-10-07 18:48:05 | ? Verificación PDF: 693971483 HERNANDEZ GARCIA GOLZARRI PABLO -RECIBO.pdf -> EXTENSIÓN VÁLIDA
2025-10-07 18:48:05 | ? PDF ENCONTRADO: 693971483 HERNANDEZ GARCIA GOLZARRI PABLO -RECIBO.pdf
2025-10-07 18:48:05 | Guardando como: 20251007_184805_gmm5_RENOVACION_POLIZA__572026102___693971483_HERNANDEZ_GARCIA_GOLZARRI_PABLO_-RECIBO.pdf
2025-10-07 18:48:05 | Ruta completa: C:\laragon\www\analizer_files\data\20251007_184805_gmm5_RENOVACION_POLIZA__572026102___693971483_HERNANDEZ_GARCIA_GOLZARRI_PABLO_-RECIBO.pdf
2025-10-07 18:48:05 | ? PDF DESCARGADO EXITOSAMENTE: 20251007_184805_gmm5_RENOVACION_POLIZA__572026102___693971483_HERNANDEZ_GARCIA_GOLZARRI_PABLO_-RECIBO.pdf
2025-10-07 18:48:05 | Adjunto: 693971483 HERNANDEZ GARCIA GOLZARRI PABLO -FACTURA.pdf
2025-10-07 18:48:05 | ? Verificación PDF: 693971483 HERNANDEZ GARCIA GOLZARRI PABLO -FACTURA.pdf -> EXTENSIÓN VÁLIDA
2025-10-07 18:48:05 | ? PDF ENCONTRADO: 693971483 HERNANDEZ GARCIA GOLZARRI PABLO -FACTURA.pdf
2025-10-07 18:48:05 | Guardando como: 20251007_184805_gmm5_RENOVACION_POLIZA__572026102___693971483_HERNANDEZ_GARCIA_GOLZARRI_PABLO_-FACTURA.pdf
2025-10-07 18:48:05 | Ruta completa: C:\laragon\www\analizer_files\data\20251007_184805_gmm5_RENOVACION_POLIZA__572026102___693971483_HERNANDEZ_GARCIA_GOLZARRI_PABLO_-FACTURA.pdf
2025-10-07 18:48:05 | ? PDF DESCARGADO EXITOSAMENTE: 20251007_184805_gmm5_RENOVACION_POLIZA__572026102___693971483_HERNANDEZ_GARCIA_GOLZARRI_PABLO_-FACTURA.pdf
2025-10-07 18:48:05 | Adjunto: image001.png
2025-10-07 18:48:05 | ? Verificación PDF: image001.png -> NO es PDF
2025-10-07 18:48:05 | Adjunto: image002.png
2025-10-07 18:48:05 | ? Verificación PDF: image002.png -> NO es PDF
2025-10-07 18:48:05 | Adjunto: image003.png
2025-10-07 18:48:05 | ? Verificación PDF: image003.png -> NO es PDF
2025-10-07 18:48:05 | Adjunto: image004.png
2025-10-07 18:48:05 | ? Verificación PDF: image004.png -> NO es PDF
2025-10-07 18:48:05 | Adjunto: image007.jpg
2025-10-07 18:48:05 | ? Verificación PDF: image007.jpg -> NO es PDF
2025-10-07 18:48:05 | Adjunto: image008.png
2025-10-07 18:48:05 | ? Verificación PDF: image008.png -> NO es PDF
2025-10-07 18:48:05 | RESUMEN: 3 PDFs encontrados, 3 descargados
2025-10-08 09:29:40 | ?? NUEVO CORREO DETECTADO - Iniciando procesamiento...
2025-10-08 09:29:40 | === PROCESANDO CORREO ENTRANTE ===
2025-10-08 09:29:40 | Asunto: REDXPEDICION DE POLIZA POR CAMBIO DE CONTRATANTE (687137547) 692011075 WILMA JULIAN RUIZ -CARLOS ALBERTO JULIAN Y NACER
2025-10-08 09:29:40 | Remitente: Acevedo Couttolenc / Lucina Hernandez
2025-10-08 09:29:40 | ?? Detectada cuenta EXCHANGE, extrayendo email real...
2025-10-08 09:29:40 | ? Email REAL obtenido de Exchange: gmm5@ACEVEDOCOUTTOLENC.COM
2025-10-08 09:29:40 | Email remitente: gmm5@acevedocouttolenc.com
2025-10-08 09:29:40 | Dominio detectado: acevedocouttolenc.com
2025-10-08 09:29:40 | ?? Comparando dominio: acevedocouttolenc.com vs acevedocouttolenc.com
2025-10-08 09:29:40 | ? DOMINIO COINCIDE
2025-10-08 09:29:40 | ? CORREO ACEPTADO - Dominio coincide
2025-10-08 09:29:40 | Buscando adjuntos. Total: 13
2025-10-08 09:29:40 | Adjunto: 692011075 JULIAN RUIZ WILMA - JULIAN Y NACER CARLOS ALBERTO -RECIBO.pdf
2025-10-08 09:29:40 | ? Verificación PDF: 692011075 JULIAN RUIZ WILMA - JULIAN Y NACER CARLOS ALBERTO -RECIBO.pdf -> EXTENSIÓN VÁLIDA
2025-10-08 09:29:40 | ? PDF ENCONTRADO: 692011075 JULIAN RUIZ WILMA - JULIAN Y NACER CARLOS ALBERTO -RECIBO.pdf
2025-10-08 09:29:40 | Guardando como: 20251008_092940_gmm5_REDXPEDICION_DE_POLIZA_POR_CAM_692011075_JULIAN_RUIZ_WILMA_-_JULIAN_Y_NACER_CARLOS_ALBERTO_-RECIBO.pdf
2025-10-08 09:29:40 | Ruta completa: C:\laragon\www\analizer_files\data\20251008_092940_gmm5_REDXPEDICION_DE_POLIZA_POR_CAM_692011075_JULIAN_RUIZ_WILMA_-_JULIAN_Y_NACER_CARLOS_ALBERTO_-RECIBO.pdf
2025-10-08 09:29:40 | ? PDF DESCARGADO EXITOSAMENTE: 20251008_092940_gmm5_REDXPEDICION_DE_POLIZA_POR_CAM_692011075_JULIAN_RUIZ_WILMA_-_JULIAN_Y_NACER_CARLOS_ALBERTO_-RECIBO.pdf
2025-10-08 09:29:40 | Adjunto: 692011075 JULIAN RUIZ WILMA - JULIAN Y NACER CARLOS ALBERTO.pdf
2025-10-08 09:29:40 | ? Verificación PDF: 692011075 JULIAN RUIZ WILMA - JULIAN Y NACER CARLOS ALBERTO.pdf -> EXTENSIÓN VÁLIDA
2025-10-08 09:29:40 | ? PDF ENCONTRADO: 692011075 JULIAN RUIZ WILMA - JULIAN Y NACER CARLOS ALBERTO.pdf
2025-10-08 09:29:40 | Guardando como: 20251008_092940_gmm5_REDXPEDICION_DE_POLIZA_POR_CAM_692011075_JULIAN_RUIZ_WILMA_-_JULIAN_Y_NACER_CARLOS_ALBERTO.pdf
2025-10-08 09:29:40 | Ruta completa: C:\laragon\www\analizer_files\data\20251008_092940_gmm5_REDXPEDICION_DE_POLIZA_POR_CAM_692011075_JULIAN_RUIZ_WILMA_-_JULIAN_Y_NACER_CARLOS_ALBERTO.pdf
2025-10-08 09:29:40 | ? PDF DESCARGADO EXITOSAMENTE: 20251008_092940_gmm5_REDXPEDICION_DE_POLIZA_POR_CAM_692011075_JULIAN_RUIZ_WILMA_-_JULIAN_Y_NACER_CARLOS_ALBERTO.pdf
2025-10-08 09:29:40 | Adjunto: 692011075.xml
2025-10-08 09:29:40 | ? Verificación PDF: 692011075.xml -> NO es PDF
2025-10-08 09:29:40 | Adjunto: 692011075 CP.xml
2025-10-08 09:29:40 | ? Verificación PDF: 692011075 CP.xml -> NO es PDF
2025-10-08 09:29:40 | Adjunto: PREMIUM-PLATINO-FLEXIBLES.zip
2025-10-08 09:29:40 | ? Verificación PDF: PREMIUM-PLATINO-FLEXIBLES.zip -> NO es PDF
2025-10-08 09:29:40 | Adjunto: 692011075 JULIAN RUIZ WILMA - JULIAN Y NACER CARLOS ALBERTO -FACTURA.pdf
2025-10-08 09:29:40 | ? Verificación PDF: 692011075 JULIAN RUIZ WILMA - JULIAN Y NACER CARLOS ALBERTO -FACTURA.pdf -> EXTENSIÓN VÁLIDA
2025-10-08 09:29:40 | ? PDF ENCONTRADO: 692011075 JULIAN RUIZ WILMA - JULIAN Y NACER CARLOS ALBERTO -FACTURA.pdf
2025-10-08 09:29:40 | Guardando como: 20251008_092940_gmm5_REDXPEDICION_DE_POLIZA_POR_CAM_692011075_JULIAN_RUIZ_WILMA_-_JULIAN_Y_NACER_CARLOS_ALBERTO_-FACTURA.pdf
2025-10-08 09:29:40 | Ruta completa: C:\laragon\www\analizer_files\data\20251008_092940_gmm5_REDXPEDICION_DE_POLIZA_POR_CAM_692011075_JULIAN_RUIZ_WILMA_-_JULIAN_Y_NACER_CARLOS_ALBERTO_-FACTURA.pdf
2025-10-08 09:29:40 | ? PDF DESCARGADO EXITOSAMENTE: 20251008_092940_gmm5_REDXPEDICION_DE_POLIZA_POR_CAM_692011075_JULIAN_RUIZ_WILMA_-_JULIAN_Y_NACER_CARLOS_ALBERTO_-FACTURA.pdf
2025-10-08 09:29:40 | Adjunto: 692011075 JULIAN RUIZ WILMA - JULIAN Y NACER CARLOS ALBERTO -COMPLEMENTO DE PAGO.pdf
2025-10-08 09:29:40 | ? Verificación PDF: 692011075 JULIAN RUIZ WILMA - JULIAN Y NACER CARLOS ALBERTO -COMPLEMENTO DE PAGO.pdf -> EXTENSIÓN VÁLIDA
2025-10-08 09:29:40 | ? PDF ENCONTRADO: 692011075 JULIAN RUIZ WILMA - JULIAN Y NACER CARLOS ALBERTO -COMPLEMENTO DE PAGO.pdf
2025-10-08 09:29:40 | Guardando como: 20251008_092940_gmm5_REDXPEDICION_DE_POLIZA_POR_CAM_692011075_JULIAN_RUIZ_WILMA_-_JULIAN_Y_NACER_CARLOS_ALBERTO_-COMPLEMENTO_DE_PAGO.pdf
2025-10-08 09:29:40 | Ruta completa: C:\laragon\www\analizer_files\data\20251008_092940_gmm5_REDXPEDICION_DE_POLIZA_POR_CAM_692011075_JULIAN_RUIZ_WILMA_-_JULIAN_Y_NACER_CARLOS_ALBERTO_-COMPLEMENTO_DE_PAGO.pdf
2025-10-08 09:29:40 | ? PDF DESCARGADO EXITOSAMENTE: 20251008_092940_gmm5_REDXPEDICION_DE_POLIZA_POR_CAM_692011075_JULIAN_RUIZ_WILMA_-_JULIAN_Y_NACER_CARLOS_ALBERTO_-COMPLEMENTO_DE_PAGO.pdf
2025-10-08 09:29:40 | Adjunto: image001.png
2025-10-08 09:29:40 | ? Verificación PDF: image001.png -> NO es PDF
2025-10-08 09:29:40 | Adjunto: image002.png
2025-10-08 09:29:40 | ? Verificación PDF: image002.png -> NO es PDF
2025-10-08 09:29:40 | Adjunto: image003.png
2025-10-08 09:29:40 | ? Verificación PDF: image003.png -> NO es PDF
2025-10-08 09:29:40 | Adjunto: image004.png
2025-10-08 09:29:40 | ? Verificación PDF: image004.png -> NO es PDF
2025-10-08 09:29:40 | Adjunto: image007.jpg
2025-10-08 09:29:40 | ? Verificación PDF: image007.jpg -> NO es PDF
2025-10-08 09:29:40 | Adjunto: image006.png
2025-10-08 09:29:40 | ? Verificación PDF: image006.png -> NO es PDF
2025-10-08 09:29:40 | RESUMEN: 4 PDFs encontrados, 4 descargados
2025-10-08 09:32:34 | ?? NUEVO CORREO DETECTADO - Iniciando procesamiento...
2025-10-08 09:32:34 | === PROCESANDO CORREO ENTRANTE ===
2025-10-08 09:32:34 | Asunto: VACACIONES SEMANA 41
2025-10-08 09:32:34 | Remitente: Acevedo Couttolenc / Liseth Marena Vázquez Hernández
2025-10-08 09:32:34 | ?? Detectada cuenta EXCHANGE, extrayendo email real...
2025-10-08 09:32:34 | ? Email REAL obtenido de Exchange: recursoshumanos@ACEVEDOCOUTTOLENC.COM
2025-10-08 09:32:34 | Email remitente: recursoshumanos@acevedocouttolenc.com
2025-10-08 09:32:34 | Dominio detectado: acevedocouttolenc.com
2025-10-08 09:32:34 | ?? Comparando dominio: acevedocouttolenc.com vs acevedocouttolenc.com
2025-10-08 09:32:34 | ? DOMINIO COINCIDE
2025-10-08 09:32:34 | ? CORREO ACEPTADO - Dominio coincide
2025-10-08 09:32:34 | Buscando adjuntos. Total: 1
2025-10-08 09:32:34 | Adjunto: image002.png
2025-10-08 09:32:34 | ? Verificación PDF: image002.png -> NO es PDF
2025-10-08 09:32:34 | RESUMEN: 0 PDFs encontrados, 0 descargados
2025-10-08 09:33:54 | ?? NUEVO CORREO DETECTADO - Iniciando procesamiento...
2025-10-08 09:33:54 | === PROCESANDO CORREO ENTRANTE ===
2025-10-08 09:33:54 | Asunto: RENOVACION POLIZA 631707726 FERNANDEZ CRUZ CHRISTIAN / FERNANDEZ GARCIA MANUEL - CAMBIO DE FORMA DE PAGO ANUAL
2025-10-08 09:33:54 | Remitente: Acevedo Couttolenc / Adriana Benitez Garcia
2025-10-08 09:33:54 | ?? Detectada cuenta EXCHANGE, extrayendo email real...
2025-10-08 09:33:54 | ? Email REAL obtenido de Exchange: gmm2@ACEVEDOCOUTTOLENC.COM
2025-10-08 09:33:54 | Email remitente: gmm2@acevedocouttolenc.com
2025-10-08 09:33:54 | Dominio detectado: acevedocouttolenc.com
2025-10-08 09:33:54 | ?? Comparando dominio: acevedocouttolenc.com vs acevedocouttolenc.com
2025-10-08 09:33:54 | ? DOMINIO COINCIDE
2025-10-08 09:33:54 | ? CORREO ACEPTADO - Dominio coincide
2025-10-08 09:33:54 | Buscando adjuntos. Total: 10
2025-10-08 09:33:54 | Adjunto: 631707726 FERNANDEZ CRUZ CHRISTIAN - POLIZA ANUAL.pdf
2025-10-08 09:33:54 | ? Verificación PDF: 631707726 FERNANDEZ CRUZ CHRISTIAN - POLIZA ANUAL.pdf -> EXTENSIÓN VÁLIDA
2025-10-08 09:33:54 | ? PDF ENCONTRADO: 631707726 FERNANDEZ CRUZ CHRISTIAN - POLIZA ANUAL.pdf
2025-10-08 09:33:54 | Guardando como: 20251008_093354_gmm2_RENOVACION_POLIZA_631707726_FE_631707726_FERNANDEZ_CRUZ_CHRISTIAN_-_POLIZA_ANUAL.pdf
2025-10-08 09:33:54 | Ruta completa: C:\laragon\www\analizer_files\data\20251008_093354_gmm2_RENOVACION_POLIZA_631707726_FE_631707726_FERNANDEZ_CRUZ_CHRISTIAN_-_POLIZA_ANUAL.pdf
2025-10-08 09:33:54 | ? PDF DESCARGADO EXITOSAMENTE: 20251008_093354_gmm2_RENOVACION_POLIZA_631707726_FE_631707726_FERNANDEZ_CRUZ_CHRISTIAN_-_POLIZA_ANUAL.pdf
2025-10-08 09:33:54 | Adjunto: 631707726 FERNANDEZ CRUZ CHRISTIAN - RECIBO ANUAL.pdf
2025-10-08 09:33:54 | ? Verificación PDF: 631707726 FERNANDEZ CRUZ CHRISTIAN - RECIBO ANUAL.pdf -> EXTENSIÓN VÁLIDA
2025-10-08 09:33:54 | ? PDF ENCONTRADO: 631707726 FERNANDEZ CRUZ CHRISTIAN - RECIBO ANUAL.pdf
2025-10-08 09:33:54 | Guardando como: 20251008_093354_gmm2_RENOVACION_POLIZA_631707726_FE_631707726_FERNANDEZ_CRUZ_CHRISTIAN_-_RECIBO_ANUAL.pdf
2025-10-08 09:33:54 | Ruta completa: C:\laragon\www\analizer_files\data\20251008_093354_gmm2_RENOVACION_POLIZA_631707726_FE_631707726_FERNANDEZ_CRUZ_CHRISTIAN_-_RECIBO_ANUAL.pdf
2025-10-08 09:33:54 | ? PDF DESCARGADO EXITOSAMENTE: 20251008_093354_gmm2_RENOVACION_POLIZA_631707726_FE_631707726_FERNANDEZ_CRUZ_CHRISTIAN_-_RECIBO_ANUAL.pdf
2025-10-08 09:33:54 | Adjunto: 631707726 FERNANDEZ CRUZ CHRISTIAN - NOTA DE CREDITO.xml
2025-10-08 09:33:54 | ? Verificación PDF: 631707726 FERNANDEZ CRUZ CHRISTIAN - NOTA DE CREDITO.xml -> NO es PDF
2025-10-08 09:33:54 | Adjunto: 631707726 FERNANDEZ CRUZ CHRISTIAN - NOTA DE CREDITO.pdf
2025-10-08 09:33:54 | ? Verificación PDF: 631707726 FERNANDEZ CRUZ CHRISTIAN - NOTA DE CREDITO.pdf -> EXTENSIÓN VÁLIDA
2025-10-08 09:33:54 | ? PDF ENCONTRADO: 631707726 FERNANDEZ CRUZ CHRISTIAN - NOTA DE CREDITO.pdf
2025-10-08 09:33:54 | Guardando como: 20251008_093354_gmm2_RENOVACION_POLIZA_631707726_FE_631707726_FERNANDEZ_CRUZ_CHRISTIAN_-_NOTA_DE_CREDITO.pdf
2025-10-08 09:33:54 | Ruta completa: C:\laragon\www\analizer_files\data\20251008_093354_gmm2_RENOVACION_POLIZA_631707726_FE_631707726_FERNANDEZ_CRUZ_CHRISTIAN_-_NOTA_DE_CREDITO.pdf
2025-10-08 09:33:55 | ? PDF DESCARGADO EXITOSAMENTE: 20251008_093354_gmm2_RENOVACION_POLIZA_631707726_FE_631707726_FERNANDEZ_CRUZ_CHRISTIAN_-_NOTA_DE_CREDITO.pdf
2025-10-08 09:33:55 | Adjunto: image001.png
2025-10-08 09:33:55 | ? Verificación PDF: image001.png -> NO es PDF
2025-10-08 09:33:55 | Adjunto: image002.png
2025-10-08 09:33:55 | ? Verificación PDF: image002.png -> NO es PDF
2025-10-08 09:33:55 | Adjunto: image003.png
2025-10-08 09:33:55 | ? Verificación PDF: image003.png -> NO es PDF
2025-10-08 09:33:55 | Adjunto: image004.png
2025-10-08 09:33:55 | ? Verificación PDF: image004.png -> NO es PDF
2025-10-08 09:33:55 | Adjunto: image005.png
2025-10-08 09:33:55 | ? Verificación PDF: image005.png -> NO es PDF
2025-10-08 09:33:55 | Adjunto: image006.jpg
2025-10-08 09:33:55 | ? Verificación PDF: image006.jpg -> NO es PDF
2025-10-08 09:33:55 | RESUMEN: 3 PDFs encontrados, 3 descargados
2025-10-08 09:37:32 | ?? NUEVO CORREO DETECTADO - Iniciando procesamiento...
2025-10-08 09:37:32 | === PROCESANDO CORREO ENTRANTE ===
2025-10-08 09:37:32 | Asunto: 0940429973 // OCOTEX // CAMION KENWORTH T-370 4X2 T-370 CHASIS CABINA MOD 2016
2025-10-08 09:37:32 | Remitente: Acevedo Couttolenc / Diana Carrillo
2025-10-08 09:37:32 | ?? Detectada cuenta EXCHANGE, extrayendo email real...
2025-10-08 09:37:32 | ? Email REAL obtenido de Exchange: autos1@ACEVEDOCOUTTOLENC.COM
2025-10-08 09:37:32 | Email remitente: autos1@acevedocouttolenc.com
2025-10-08 09:37:32 | Dominio detectado: acevedocouttolenc.com
2025-10-08 09:37:32 | ?? Comparando dominio: acevedocouttolenc.com vs acevedocouttolenc.com
2025-10-08 09:37:32 | ? DOMINIO COINCIDE
2025-10-08 09:37:32 | ? CORREO ACEPTADO - Dominio coincide
2025-10-08 09:37:32 | Buscando adjuntos. Total: 7
2025-10-08 09:37:32 | Adjunto: REPORTE QUALITAS.pdf
2025-10-08 09:37:32 | ? Verificación PDF: REPORTE QUALITAS.pdf -> EXTENSIÓN VÁLIDA
2025-10-08 09:37:32 | ? PDF ENCONTRADO: REPORTE QUALITAS.pdf
2025-10-08 09:37:32 | Guardando como: 20251008_093732_autos1_0940429973___OCOTEX___CAMION_K_REPORTE_QUALITAS.pdf
2025-10-08 09:37:32 | Ruta completa: C:\laragon\www\analizer_files\data\20251008_093732_autos1_0940429973___OCOTEX___CAMION_K_REPORTE_QUALITAS.pdf
2025-10-08 09:37:32 | ? PDF DESCARGADO EXITOSAMENTE: 20251008_093732_autos1_0940429973___OCOTEX___CAMION_K_REPORTE_QUALITAS.pdf
2025-10-08 09:37:32 | Adjunto: CG CAMIONES.pdf
2025-10-08 09:37:32 | ? Verificación PDF: CG CAMIONES.pdf -> EXTENSIÓN VÁLIDA
2025-10-08 09:37:32 | ? PDF ENCONTRADO: CG CAMIONES.pdf
2025-10-08 09:37:32 | Guardando como: 20251008_093732_autos1_0940429973___OCOTEX___CAMION_K_CG_CAMIONES.pdf
2025-10-08 09:37:32 | Ruta completa: C:\laragon\www\analizer_files\data\20251008_093732_autos1_0940429973___OCOTEX___CAMION_K_CG_CAMIONES.pdf
2025-10-08 09:37:33 | ? PDF DESCARGADO EXITOSAMENTE: 20251008_093732_autos1_0940429973___OCOTEX___CAMION_K_CG_CAMIONES.pdf
2025-10-08 09:37:33 | Adjunto: image001.png
2025-10-08 09:37:33 | ? Verificación PDF: image001.png -> NO es PDF
2025-10-08 09:37:33 | Adjunto: image002.png
2025-10-08 09:37:33 | ? Verificación PDF: image002.png -> NO es PDF
2025-10-08 09:37:33 | Adjunto: 0940429973.pdf
2025-10-08 09:37:33 | ? Verificación PDF: 0940429973.pdf -> EXTENSIÓN VÁLIDA
2025-10-08 09:37:33 | ? PDF ENCONTRADO: 0940429973.pdf
2025-10-08 09:37:33 | Guardando como: 20251008_093733_autos1_0940429973___OCOTEX___CAMION_K_0940429973.pdf
2025-10-08 09:37:33 | Ruta completa: C:\laragon\www\analizer_files\data\20251008_093733_autos1_0940429973___OCOTEX___CAMION_K_0940429973.pdf
2025-10-08 09:37:33 | ? PDF DESCARGADO EXITOSAMENTE: 20251008_093733_autos1_0940429973___OCOTEX___CAMION_K_0940429973.pdf
2025-10-08 09:37:33 | Adjunto: 0940429973-1.pdf
2025-10-08 09:37:33 | ? Verificación PDF: 0940429973-1.pdf -> EXTENSIÓN VÁLIDA
2025-10-08 09:37:33 | ? PDF ENCONTRADO: 0940429973-1.pdf
2025-10-08 09:37:33 | Guardando como: 20251008_093733_autos1_0940429973___OCOTEX___CAMION_K_0940429973-1.pdf
2025-10-08 09:37:33 | Ruta completa: C:\laragon\www\analizer_files\data\20251008_093733_autos1_0940429973___OCOTEX___CAMION_K_0940429973-1.pdf
2025-10-08 09:37:33 | ? PDF DESCARGADO EXITOSAMENTE: 20251008_093733_autos1_0940429973___OCOTEX___CAMION_K_0940429973-1.pdf
2025-10-08 09:37:33 | Adjunto: 0940429973-2.pdf
2025-10-08 09:37:33 | ? Verificación PDF: 0940429973-2.pdf -> EXTENSIÓN VÁLIDA
2025-10-08 09:37:33 | ? PDF ENCONTRADO: 0940429973-2.pdf
2025-10-08 09:37:33 | Guardando como: 20251008_093733_autos1_0940429973___OCOTEX___CAMION_K_0940429973-2.pdf
2025-10-08 09:37:33 | Ruta completa: C:\laragon\www\analizer_files\data\20251008_093733_autos1_0940429973___OCOTEX___CAMION_K_0940429973-2.pdf
2025-10-08 09:37:33 | ? PDF DESCARGADO EXITOSAMENTE: 20251008_093733_autos1_0940429973___OCOTEX___CAMION_K_0940429973-2.pdf
2025-10-08 09:37:33 | RESUMEN: 5 PDFs encontrados, 5 descargados
2025-10-08 09:49:21 | ?? NUEVO CORREO DETECTADO - Iniciando procesamiento...
2025-10-08 09:49:21 | === PROCESANDO CORREO ENTRANTE ===
2025-10-08 09:49:21 | Asunto: CAPTURA PÓLIZA NUEVA MARGARITO HERNANDEZ HUERTA 679303180
2025-10-08 09:49:21 | Remitente: Acevedo Couttolenc / Zaid Cuauhtemoc Trueba Bayardo
2025-10-08 09:49:21 | ?? Detectada cuenta EXCHANGE, extrayendo email real...
2025-10-08 09:49:21 | ? Email REAL obtenido de Exchange: vida1@ACEVEDOCOUTTOLENC.COM
2025-10-08 09:49:21 | Email remitente: vida1@acevedocouttolenc.com
2025-10-08 09:49:21 | Dominio detectado: acevedocouttolenc.com
2025-10-08 09:49:21 | ?? Comparando dominio: acevedocouttolenc.com vs acevedocouttolenc.com
2025-10-08 09:49:21 | ? DOMINIO COINCIDE
2025-10-08 09:49:21 | ? CORREO ACEPTADO - Dominio coincide
2025-10-08 09:49:21 | Buscando adjuntos. Total: 4
2025-10-08 09:49:21 | Adjunto: 694040601 AVISO DE PAGO.pdf
2025-10-08 09:49:21 | ? Verificación PDF: 694040601 AVISO DE PAGO.pdf -> EXTENSIÓN VÁLIDA
2025-10-08 09:49:21 | ? PDF ENCONTRADO: 694040601 AVISO DE PAGO.pdf
2025-10-08 09:49:21 | Guardando como: 20251008_094921_vida1_CAPTURA_P_LIZA_NUEVA_MARGARITO_694040601_AVISO_DE_PAGO.pdf
2025-10-08 09:49:21 | Ruta completa: C:\laragon\www\analizer_files\data\20251008_094921_vida1_CAPTURA_P_LIZA_NUEVA_MARGARITO_694040601_AVISO_DE_PAGO.pdf
2025-10-08 09:49:21 | ? PDF DESCARGADO EXITOSAMENTE: 20251008_094921_vida1_CAPTURA_P_LIZA_NUEVA_MARGARITO_694040601_AVISO_DE_PAGO.pdf
2025-10-08 09:49:21 | Adjunto: 694040601 CARATULA.pdf
2025-10-08 09:49:21 | ? Verificación PDF: 694040601 CARATULA.pdf -> EXTENSIÓN VÁLIDA
2025-10-08 09:49:21 | ? PDF ENCONTRADO: 694040601 CARATULA.pdf
2025-10-08 09:49:21 | Guardando como: 20251008_094921_vida1_CAPTURA_P_LIZA_NUEVA_MARGARITO_694040601_CARATULA.pdf
2025-10-08 09:49:21 | Ruta completa: C:\laragon\www\analizer_files\data\20251008_094921_vida1_CAPTURA_P_LIZA_NUEVA_MARGARITO_694040601_CARATULA.pdf
2025-10-08 09:49:21 | ? PDF DESCARGADO EXITOSAMENTE: 20251008_094921_vida1_CAPTURA_P_LIZA_NUEVA_MARGARITO_694040601_CARATULA.pdf
2025-10-08 09:49:21 | Adjunto: image002.jpg
2025-10-08 09:49:21 | ? Verificación PDF: image002.jpg -> NO es PDF
2025-10-08 09:49:21 | Adjunto: image004.png
2025-10-08 09:49:21 | ? Verificación PDF: image004.png -> NO es PDF
2025-10-08 09:49:21 | RESUMEN: 2 PDFs encontrados, 2 descargados
2025-10-08 09:57:37 | PROCESAMIENTO ACTIVADO manualmente
2025-10-08 09:58:06 | ?? CORREO SALIENTE DETECTADO - Asunto: produccion_final
2025-10-08 09:58:06 | ?? Buscando archivo Excel en correo produccion_final...
2025-10-08 09:58:06 | Total adjuntos: 1
2025-10-08 09:58:06 | Adjunto: LogExport_59590710238.xlsx
2025-10-08 09:58:06 | ? Verificación Excel: LogExport_59590710238.xlsx -> EXTENSIÓN VÁLIDA
2025-10-08 09:58:06 | ? EXCEL ENCONTRADO: LogExport_59590710238.xlsx
2025-10-08 09:58:06 | ?? Guardando Excel como: produccion_final_20251008_095806.xlsx
2025-10-08 09:58:06 | ?? Ruta: C:\laragon\www\analizer_files\data\produccion_final\produccion_final_20251008_095806.xlsx
2025-10-08 09:58:06 | ? EXCEL DESCARGADO EXITOSAMENTE: produccion_final_20251008_095806.xlsx
2025-10-08 09:58:12 | ?? NUEVO CORREO DETECTADO - Iniciando procesamiento...
2025-10-08 09:58:12 | === PROCESANDO CORREO ENTRANTE ===
2025-10-08 09:58:12 | Asunto: produccion_final
2025-10-08 09:58:12 | Remitente: Acevedo Couttolenc / Ricardo Gaspariano Galán
2025-10-08 09:58:12 | ?? Detectada cuenta EXCHANGE, extrayendo email real...
2025-10-08 09:58:12 | ? Email REAL obtenido de Exchange: programador@ACEVEDOCOUTTOLENC.COM
2025-10-08 09:58:12 | Email remitente: programador@acevedocouttolenc.com
2025-10-08 09:58:12 | Dominio detectado: acevedocouttolenc.com
2025-10-08 09:58:12 | ?? Comparando dominio: acevedocouttolenc.com vs acevedocouttolenc.com
2025-10-08 09:58:12 | ? DOMINIO COINCIDE
2025-10-08 09:58:12 | ? CORREO ACEPTADO - Dominio coincide
2025-10-08 09:58:12 | Buscando adjuntos. Total: 1
2025-10-08 09:58:12 | Adjunto: LogExport_59590710238.xlsx
2025-10-08 09:58:12 | ? Verificación PDF: LogExport_59590710238.xlsx -> NO es PDF
2025-10-08 09:58:12 | RESUMEN: 0 PDFs encontrados, 0 descargados
2025-10-08 10:13:19 | ?? NUEVO CORREO DETECTADO - Iniciando procesamiento...
2025-10-08 10:13:19 | === PROCESANDO CORREO ENTRANTE ===
2025-10-08 10:13:19 | Asunto: RENOVACIÓN PÓLIZA DE VIDA INDIVIDUAL 420831455 MAURER BUDIB ALBERTO
2025-10-08 10:13:19 | Remitente: Acevedo Couttolenc / Frida Fernanda Villaseñor Tecuatl
2025-10-08 10:13:19 | ?? Detectada cuenta EXCHANGE, extrayendo email real...
2025-10-08 10:13:19 | ? Email REAL obtenido de Exchange: vida2@ACEVEDOCOUTTOLENC.COM
2025-10-08 10:13:19 | Email remitente: vida2@acevedocouttolenc.com
2025-10-08 10:13:19 | Dominio detectado: acevedocouttolenc.com
2025-10-08 10:13:19 | ?? Comparando dominio: acevedocouttolenc.com vs acevedocouttolenc.com
2025-10-08 10:13:19 | ? DOMINIO COINCIDE
2025-10-08 10:13:19 | ? CORREO ACEPTADO - Dominio coincide
2025-10-08 10:13:19 | Buscando adjuntos. Total: 2
2025-10-08 10:13:19 | Adjunto: 29102025 420831455 MAURER BUDIB ALBERTO.pdf
2025-10-08 10:13:19 | ? Verificación PDF: 29102025 420831455 MAURER BUDIB ALBERTO.pdf -> EXTENSIÓN VÁLIDA
2025-10-08 10:13:19 | ? PDF ENCONTRADO: 29102025 420831455 MAURER BUDIB ALBERTO.pdf
2025-10-08 10:13:19 | Guardando como: 20251008_101319_vida2_RENOVACI_N_P_LIZA_DE_VIDA_INDI_29102025_420831455_MAURER_BUDIB_ALBERTO.pdf
2025-10-08 10:13:19 | Ruta completa: C:\laragon\www\analizer_files\data\20251008_101319_vida2_RENOVACI_N_P_LIZA_DE_VIDA_INDI_29102025_420831455_MAURER_BUDIB_ALBERTO.pdf
2025-10-08 10:13:19 | ? PDF DESCARGADO EXITOSAMENTE: 20251008_101319_vida2_RENOVACI_N_P_LIZA_DE_VIDA_INDI_29102025_420831455_MAURER_BUDIB_ALBERTO.pdf
2025-10-08 10:13:19 | Adjunto: image003.png
2025-10-08 10:13:19 | ? Verificación PDF: image003.png -> NO es PDF
2025-10-08 10:13:19 | RESUMEN: 1 PDFs encontrados, 1 descargados
2025-10-08 10:15:20 | ?? NUEVO CORREO DETECTADO - Iniciando procesamiento...
2025-10-08 10:15:20 | === PROCESANDO CORREO ENTRANTE ===
2025-10-08 10:15:20 | Asunto: CAPTURA PÓLIZA NUEVA LAFFITTE RIVERA JEAN 131559122
2025-10-08 10:15:20 | Remitente: Acevedo Couttolenc / Zaid Cuauhtemoc Trueba Bayardo
2025-10-08 10:15:20 | ?? Detectada cuenta EXCHANGE, extrayendo email real...
2025-10-08 10:15:20 | ? Email REAL obtenido de Exchange: vida1@ACEVEDOCOUTTOLENC.COM
2025-10-08 10:15:20 | Email remitente: vida1@acevedocouttolenc.com
2025-10-08 10:15:20 | Dominio detectado: acevedocouttolenc.com
2025-10-08 10:15:20 | ?? Comparando dominio: acevedocouttolenc.com vs acevedocouttolenc.com
2025-10-08 10:15:20 | ? DOMINIO COINCIDE
2025-10-08 10:15:20 | ? CORREO ACEPTADO - Dominio coincide
2025-10-08 10:15:20 | Buscando adjuntos. Total: 2
2025-10-08 10:15:20 | Adjunto: image001.jpg
2025-10-08 10:15:20 | ? Verificación PDF: image001.jpg -> NO es PDF
2025-10-08 10:15:20 | Adjunto: image002.png
2025-10-08 10:15:20 | ? Verificación PDF: image002.png -> NO es PDF
2025-10-08 10:15:20 | RESUMEN: 0 PDFs encontrados, 0 descargados
2025-10-08 10:38:32 | ?? NUEVO CORREO DETECTADO - Iniciando procesamiento...
2025-10-08 10:38:32 | === PROCESANDO CORREO ENTRANTE ===
2025-10-08 10:38:33 | Asunto: HFL10000931-8 / SAINZ ACEVEDO CARLOS / RENOVACIÓN HOGAR
2025-10-08 10:38:33 | Remitente: Acevedo Couttolenc / Evelyn Alvarez
2025-10-08 10:38:33 | ?? Detectada cuenta EXCHANGE, extrayendo email real...
2025-10-08 10:38:33 | ? Email REAL obtenido de Exchange: danos1@ACEVEDOCOUTTOLENC.COM
2025-10-08 10:38:33 | Email remitente: danos1@acevedocouttolenc.com
2025-10-08 10:38:33 | Dominio detectado: acevedocouttolenc.com
2025-10-08 10:38:33 | ?? Comparando dominio: acevedocouttolenc.com vs acevedocouttolenc.com
2025-10-08 10:38:33 | ? DOMINIO COINCIDE
2025-10-08 10:38:33 | ? CORREO ACEPTADO - Dominio coincide
2025-10-08 10:38:33 | Buscando adjuntos. Total: 6
2025-10-08 10:38:33 | Adjunto: PÓLIZA.pdf
2025-10-08 10:38:33 | ? Verificación PDF: PÓLIZA.pdf -> EXTENSIÓN VÁLIDA
2025-10-08 10:38:33 | ? PDF ENCONTRADO: PÓLIZA.pdf
2025-10-08 10:38:33 | Guardando como: 20251008_103833_danos1_HFL10000931-8___SAINZ_ACEVEDO__P_LIZA.pdf
2025-10-08 10:38:33 | Ruta completa: C:\laragon\www\analizer_files\data\20251008_103833_danos1_HFL10000931-8___SAINZ_ACEVEDO__P_LIZA.pdf
2025-10-08 10:38:33 | ? PDF DESCARGADO EXITOSAMENTE: 20251008_103833_danos1_HFL10000931-8___SAINZ_ACEVEDO__P_LIZA.pdf
2025-10-08 10:38:33 | Adjunto: image003.png
2025-10-08 10:38:33 | ? Verificación PDF: image003.png -> NO es PDF
2025-10-08 10:38:33 | Adjunto: CARATULA.pdf
2025-10-08 10:38:33 | ? Verificación PDF: CARATULA.pdf -> EXTENSIÓN VÁLIDA
2025-10-08 10:38:33 | ? PDF ENCONTRADO: CARATULA.pdf
2025-10-08 10:38:33 | Guardando como: 20251008_103833_danos1_HFL10000931-8___SAINZ_ACEVEDO__CARATULA.pdf
2025-10-08 10:38:33 | Ruta completa: C:\laragon\www\analizer_files\data\20251008_103833_danos1_HFL10000931-8___SAINZ_ACEVEDO__CARATULA.pdf
2025-10-08 10:38:33 | ? PDF DESCARGADO EXITOSAMENTE: 20251008_103833_danos1_HFL10000931-8___SAINZ_ACEVEDO__CARATULA.pdf
2025-10-08 10:38:33 | Adjunto: RECIBO.pdf
2025-10-08 10:38:33 | ? Verificación PDF: RECIBO.pdf -> EXTENSIÓN VÁLIDA
2025-10-08 10:38:33 | ? PDF ENCONTRADO: RECIBO.pdf
2025-10-08 10:38:33 | Guardando como: 20251008_103833_danos1_HFL10000931-8___SAINZ_ACEVEDO__RECIBO.pdf
2025-10-08 10:38:33 | Ruta completa: C:\laragon\www\analizer_files\data\20251008_103833_danos1_HFL10000931-8___SAINZ_ACEVEDO__RECIBO.pdf
2025-10-08 10:38:33 | ? PDF DESCARGADO EXITOSAMENTE: 20251008_103833_danos1_HFL10000931-8___SAINZ_ACEVEDO__RECIBO.pdf
2025-10-08 10:38:33 | Adjunto: SAINZ ACEVEDO CARLOS.zip
2025-10-08 10:38:33 | ? Verificación PDF: SAINZ ACEVEDO CARLOS.zip -> NO es PDF
2025-10-08 10:38:33 | Adjunto: image002.png
2025-10-08 10:38:33 | ? Verificación PDF: image002.png -> NO es PDF
2025-10-08 10:38:33 | RESUMEN: 3 PDFs encontrados, 3 descargados
2025-10-08 10:51:56 | ?? NUEVO CORREO DETECTADO - Iniciando procesamiento...
2025-10-08 10:51:56 | === PROCESANDO CORREO ENTRANTE ===
2025-10-08 10:51:56 | Asunto: RENOVACION POLIZA 7534208 MARIA LAURA MACIAS GOYA
2025-10-08 10:51:56 | Remitente: Acevedo Couttolenc / Lucina Hernandez
2025-10-08 10:51:56 | ?? Detectada cuenta EXCHANGE, extrayendo email real...
2025-10-08 10:51:56 | ? Email REAL obtenido de Exchange: gmm5@ACEVEDOCOUTTOLENC.COM
2025-10-08 10:51:56 | Email remitente: gmm5@acevedocouttolenc.com
2025-10-08 10:51:56 | Dominio detectado: acevedocouttolenc.com
2025-10-08 10:51:56 | ?? Comparando dominio: acevedocouttolenc.com vs acevedocouttolenc.com
2025-10-08 10:51:56 | ? DOMINIO COINCIDE
2025-10-08 10:51:56 | ? CORREO ACEPTADO - Dominio coincide
2025-10-08 10:51:56 | Buscando adjuntos. Total: 5
2025-10-08 10:51:56 | Adjunto: CG_Gastos_Medicos_GMBX+.pdf
2025-10-08 10:51:56 | ? Verificación PDF: CG_Gastos_Medicos_GMBX+.pdf -> EXTENSIÓN VÁLIDA
2025-10-08 10:51:56 | ? PDF ENCONTRADO: CG_Gastos_Medicos_GMBX+.pdf
2025-10-08 10:51:56 | Guardando como: 20251008_105156_gmm5_RENOVACION_POLIZA_7534208_MARI_CG_Gastos_Medicos_GMBX.pdf
2025-10-08 10:51:56 | Ruta completa: C:\laragon\www\analizer_files\data\20251008_105156_gmm5_RENOVACION_POLIZA_7534208_MARI_CG_Gastos_Medicos_GMBX.pdf
2025-10-08 10:51:56 | ? PDF DESCARGADO EXITOSAMENTE: 20251008_105156_gmm5_RENOVACION_POLIZA_7534208_MARI_CG_Gastos_Medicos_GMBX.pdf
2025-10-08 10:51:56 | Adjunto: 7534201 MACIAS GOYA MARIA LAURA.pdf
2025-10-08 10:51:56 | ? Verificación PDF: 7534201 MACIAS GOYA MARIA LAURA.pdf -> EXTENSIÓN VÁLIDA
2025-10-08 10:51:56 | ? PDF ENCONTRADO: 7534201 MACIAS GOYA MARIA LAURA.pdf
2025-10-08 10:51:56 | Guardando como: 20251008_105156_gmm5_RENOVACION_POLIZA_7534208_MARI_7534201_MACIAS_GOYA_MARIA_LAURA.pdf
2025-10-08 10:51:56 | Ruta completa: C:\laragon\www\analizer_files\data\20251008_105156_gmm5_RENOVACION_POLIZA_7534208_MARI_7534201_MACIAS_GOYA_MARIA_LAURA.pdf
2025-10-08 10:51:56 | ? PDF DESCARGADO EXITOSAMENTE: 20251008_105156_gmm5_RENOVACION_POLIZA_7534208_MARI_7534201_MACIAS_GOYA_MARIA_LAURA.pdf
2025-10-08 10:51:56 | Adjunto: 7534201 MACIAS GOYA MARIA LAURA -RECIBO.pdf
2025-10-08 10:51:56 | ? Verificación PDF: 7534201 MACIAS GOYA MARIA LAURA -RECIBO.pdf -> EXTENSIÓN VÁLIDA
2025-10-08 10:51:56 | ? PDF ENCONTRADO: 7534201 MACIAS GOYA MARIA LAURA -RECIBO.pdf
2025-10-08 10:51:56 | Guardando como: 20251008_105156_gmm5_RENOVACION_POLIZA_7534208_MARI_7534201_MACIAS_GOYA_MARIA_LAURA_-RECIBO.pdf
2025-10-08 10:51:56 | Ruta completa: C:\laragon\www\analizer_files\data\20251008_105156_gmm5_RENOVACION_POLIZA_7534208_MARI_7534201_MACIAS_GOYA_MARIA_LAURA_-RECIBO.pdf
2025-10-08 10:51:56 | ? PDF DESCARGADO EXITOSAMENTE: 20251008_105156_gmm5_RENOVACION_POLIZA_7534208_MARI_7534201_MACIAS_GOYA_MARIA_LAURA_-RECIBO.pdf
2025-10-08 10:51:56 | Adjunto: image004.jpg
2025-10-08 10:51:56 | ? Verificación PDF: image004.jpg -> NO es PDF
2025-10-08 10:51:56 | Adjunto: image002.png
2025-10-08 10:51:56 | ? Verificación PDF: image002.png -> NO es PDF
2025-10-08 10:51:56 | RESUMEN: 3 PDFs encontrados, 3 descargados
2025-10-08 10:59:35 | ?? NUEVO CORREO DETECTADO - Iniciando procesamiento...
2025-10-08 10:59:35 | === PROCESANDO CORREO ENTRANTE ===
2025-10-08 10:59:35 | Asunto: 83293 // EMPRESAS Y NEGOCIOS GRUPOEHS // CHEVROLET EXPRESS VAN LS AUT MOD 2007
2025-10-08 10:59:35 | Remitente: Acevedo Couttolenc / Diana Carrillo
2025-10-08 10:59:35 | ?? Detectada cuenta EXCHANGE, extrayendo email real...
2025-10-08 10:59:35 | ? Email REAL obtenido de Exchange: autos1@ACEVEDOCOUTTOLENC.COM
2025-10-08 10:59:35 | Email remitente: autos1@acevedocouttolenc.com
2025-10-08 10:59:35 | Dominio detectado: acevedocouttolenc.com
2025-10-08 10:59:35 | ?? Comparando dominio: acevedocouttolenc.com vs acevedocouttolenc.com
2025-10-08 10:59:35 | ? DOMINIO COINCIDE
2025-10-08 10:59:35 | ? CORREO ACEPTADO - Dominio coincide
2025-10-08 10:59:35 | Buscando adjuntos. Total: 7
2025-10-08 10:59:35 | Adjunto: image001.png
2025-10-08 10:59:35 | ? Verificación PDF: image001.png -> NO es PDF
2025-10-08 10:59:35 | Adjunto: image002.png
2025-10-08 10:59:35 | ? Verificación PDF: image002.png -> NO es PDF
2025-10-08 10:59:35 | Adjunto: REPORTE SURA.pdf
2025-10-08 10:59:35 | ? Verificación PDF: REPORTE SURA.pdf -> EXTENSIÓN VÁLIDA
2025-10-08 10:59:35 | ? PDF ENCONTRADO: REPORTE SURA.pdf
2025-10-08 10:59:35 | Guardando como: 20251008_105935_autos1_83293___EMPRESAS_Y_NEGOCIOS_GR_REPORTE_SURA.pdf
2025-10-08 10:59:35 | Ruta completa: C:\laragon\www\analizer_files\data\20251008_105935_autos1_83293___EMPRESAS_Y_NEGOCIOS_GR_REPORTE_SURA.pdf
2025-10-08 10:59:35 | ? PDF DESCARGADO EXITOSAMENTE: 20251008_105935_autos1_83293___EMPRESAS_Y_NEGOCIOS_GR_REPORTE_SURA.pdf
2025-10-08 10:59:35 | Adjunto: ENDOSO ROBO PARCIAL SURA.pdf
2025-10-08 10:59:35 | ? Verificación PDF: ENDOSO ROBO PARCIAL SURA.pdf -> EXTENSIÓN VÁLIDA
2025-10-08 10:59:35 | ? PDF ENCONTRADO: ENDOSO ROBO PARCIAL SURA.pdf
2025-10-08 10:59:35 | Guardando como: 20251008_105935_autos1_83293___EMPRESAS_Y_NEGOCIOS_GR_ENDOSO_ROBO_PARCIAL_SURA.pdf
2025-10-08 10:59:35 | Ruta completa: C:\laragon\www\analizer_files\data\20251008_105935_autos1_83293___EMPRESAS_Y_NEGOCIOS_GR_ENDOSO_ROBO_PARCIAL_SURA.pdf
2025-10-08 10:59:35 | ? PDF DESCARGADO EXITOSAMENTE: 20251008_105935_autos1_83293___EMPRESAS_Y_NEGOCIOS_GR_ENDOSO_ROBO_PARCIAL_SURA.pdf
2025-10-08 10:59:35 | Adjunto: COND GENERALES AUTO.zip
2025-10-08 10:59:35 | ? Verificación PDF: COND GENERALES AUTO.zip -> NO es PDF
2025-10-08 10:59:35 | Adjunto: 83293.pdf
2025-10-08 10:59:35 | ? Verificación PDF: 83293.pdf -> EXTENSIÓN VÁLIDA
2025-10-08 10:59:35 | ? PDF ENCONTRADO: 83293.pdf
2025-10-08 10:59:35 | Guardando como: 20251008_105935_autos1_83293___EMPRESAS_Y_NEGOCIOS_GR_83293.pdf
2025-10-08 10:59:35 | Ruta completa: C:\laragon\www\analizer_files\data\20251008_105935_autos1_83293___EMPRESAS_Y_NEGOCIOS_GR_83293.pdf
2025-10-08 10:59:35 | ? PDF DESCARGADO EXITOSAMENTE: 20251008_105935_autos1_83293___EMPRESAS_Y_NEGOCIOS_GR_83293.pdf
2025-10-08 10:59:35 | Adjunto: 83293-1.pdf
2025-10-08 10:59:35 | ? Verificación PDF: 83293-1.pdf -> EXTENSIÓN VÁLIDA
2025-10-08 10:59:35 | ? PDF ENCONTRADO: 83293-1.pdf
2025-10-08 10:59:35 | Guardando como: 20251008_105935_autos1_83293___EMPRESAS_Y_NEGOCIOS_GR_83293-1.pdf
2025-10-08 10:59:35 | Ruta completa: C:\laragon\www\analizer_files\data\20251008_105935_autos1_83293___EMPRESAS_Y_NEGOCIOS_GR_83293-1.pdf
2025-10-08 10:59:35 | ? PDF DESCARGADO EXITOSAMENTE: 20251008_105935_autos1_83293___EMPRESAS_Y_NEGOCIOS_GR_83293-1.pdf
2025-10-08 10:59:35 | RESUMEN: 4 PDFs encontrados, 4 descargados
2025-10-08 11:08:36 | ?? NUEVO CORREO DETECTADO - Iniciando procesamiento...
2025-10-08 11:08:36 | === PROCESANDO CORREO ENTRANTE ===
2025-10-08 11:08:36 | Asunto: RE: PRODUCCION GMM 03 Y 06 DE OCTUBRE 2025
2025-10-08 11:08:36 | Remitente: Acevedo Couttolenc / Georgina Hernandez
2025-10-08 11:08:36 | ?? Detectada cuenta EXCHANGE, extrayendo email real...
2025-10-08 11:08:36 | ? Email REAL obtenido de Exchange: sistemas1@ACEVEDOCOUTTOLENC.COM
2025-10-08 11:08:36 | Email remitente: sistemas1@acevedocouttolenc.com
2025-10-08 11:08:36 | Dominio detectado: acevedocouttolenc.com
2025-10-08 11:08:36 | ?? Comparando dominio: acevedocouttolenc.com vs acevedocouttolenc.com
2025-10-08 11:08:36 | ? DOMINIO COINCIDE
2025-10-08 11:08:36 | ? CORREO ACEPTADO - Dominio coincide
2025-10-08 11:08:36 | Buscando adjuntos. Total: 2
2025-10-08 11:08:36 | Adjunto: image002.png
2025-10-08 11:08:36 | ? Verificación PDF: image002.png -> NO es PDF
2025-10-08 11:08:36 | Adjunto: image003.png
2025-10-08 11:08:36 | ? Verificación PDF: image003.png -> NO es PDF
2025-10-08 11:08:36 | RESUMEN: 0 PDFs encontrados, 0 descargados
2025-10-08 11:25:22 | ?? NUEVO CORREO DETECTADO - Iniciando procesamiento...
2025-10-08 11:25:22 | === PROCESANDO CORREO ENTRANTE ===
2025-10-08 11:25:22 | Asunto: RENOVACION POLIZA 139004204 SALVADOR ROMERO DOMINGUEZ - DIEGO ROMERO CERVERA
2025-10-08 11:25:22 | Remitente: Acevedo Couttolenc / Lucina Hernandez
2025-10-08 11:25:22 | ?? Detectada cuenta EXCHANGE, extrayendo email real...
2025-10-08 11:25:22 | ? Email REAL obtenido de Exchange: gmm5@ACEVEDOCOUTTOLENC.COM
2025-10-08 11:25:22 | Email remitente: gmm5@acevedocouttolenc.com
2025-10-08 11:25:22 | Dominio detectado: acevedocouttolenc.com
2025-10-08 11:25:22 | ?? Comparando dominio: acevedocouttolenc.com vs acevedocouttolenc.com
2025-10-08 11:25:22 | ? DOMINIO COINCIDE
2025-10-08 11:25:22 | ? CORREO ACEPTADO - Dominio coincide
2025-10-08 11:25:22 | Buscando adjuntos. Total: 11
2025-10-08 11:25:22 | Adjunto: 139004204.xml
2025-10-08 11:25:22 | ? Verificación PDF: 139004204.xml -> NO es PDF
2025-10-08 11:25:22 | Adjunto: ALTA ESPECIALIDAD..zip
2025-10-08 11:25:22 | ? Verificación PDF: ALTA ESPECIALIDAD..zip -> NO es PDF
2025-10-08 11:25:23 | Adjunto: 139004204 ROMERO DOMINGUEZ SALVADOR -ROMERO CERVERA DIEGO -AE.pdf
2025-10-08 11:25:23 | ? Verificación PDF: 139004204 ROMERO DOMINGUEZ SALVADOR -ROMERO CERVERA DIEGO -AE.pdf -> EXTENSIÓN VÁLIDA
2025-10-08 11:25:23 | ? PDF ENCONTRADO: 139004204 ROMERO DOMINGUEZ SALVADOR -ROMERO CERVERA DIEGO -AE.pdf
2025-10-08 11:25:23 | Guardando como: 20251008_112523_gmm5_RENOVACION_POLIZA_139004204_SA_139004204_ROMERO_DOMINGUEZ_SALVADOR_-ROMERO_CERVERA_DIEGO_-AE.pdf
2025-10-08 11:25:23 | Ruta completa: C:\laragon\www\analizer_files\data\20251008_112523_gmm5_RENOVACION_POLIZA_139004204_SA_139004204_ROMERO_DOMINGUEZ_SALVADOR_-ROMERO_CERVERA_DIEGO_-AE.pdf
2025-10-08 11:25:23 | ? PDF DESCARGADO EXITOSAMENTE: 20251008_112523_gmm5_RENOVACION_POLIZA_139004204_SA_139004204_ROMERO_DOMINGUEZ_SALVADOR_-ROMERO_CERVERA_DIEGO_-AE.pdf
2025-10-08 11:25:23 | Adjunto: 139004204 ROMERO DOMINGUEZ SALVADOR -ROMERO CERVERA DIEGO -AE  RECIBO.pdf
2025-10-08 11:25:23 | ? Verificación PDF: 139004204 ROMERO DOMINGUEZ SALVADOR -ROMERO CERVERA DIEGO -AE  RECIBO.pdf -> EXTENSIÓN VÁLIDA
2025-10-08 11:25:23 | ? PDF ENCONTRADO: 139004204 ROMERO DOMINGUEZ SALVADOR -ROMERO CERVERA DIEGO -AE  RECIBO.pdf
2025-10-08 11:25:23 | Guardando como: 20251008_112523_gmm5_RENOVACION_POLIZA_139004204_SA_139004204_ROMERO_DOMINGUEZ_SALVADOR_-ROMERO_CERVERA_DIEGO_-AE__RECIBO.pdf
2025-10-08 11:25:23 | Ruta completa: C:\laragon\www\analizer_files\data\20251008_112523_gmm5_RENOVACION_POLIZA_139004204_SA_139004204_ROMERO_DOMINGUEZ_SALVADOR_-ROMERO_CERVERA_DIEGO_-AE__RECIBO.pdf
2025-10-08 11:25:23 | ? PDF DESCARGADO EXITOSAMENTE: 20251008_112523_gmm5_RENOVACION_POLIZA_139004204_SA_139004204_ROMERO_DOMINGUEZ_SALVADOR_-ROMERO_CERVERA_DIEGO_-AE__RECIBO.pdf
2025-10-08 11:25:23 | Adjunto: 139004204 ROMERO DOMINGUEZ SALVADOR -ROMERO CERVERA DIEGO -AE  FACTURA.pdf
2025-10-08 11:25:23 | ? Verificación PDF: 139004204 ROMERO DOMINGUEZ SALVADOR -ROMERO CERVERA DIEGO -AE  FACTURA.pdf -> EXTENSIÓN VÁLIDA
2025-10-08 11:25:23 | ? PDF ENCONTRADO: 139004204 ROMERO DOMINGUEZ SALVADOR -ROMERO CERVERA DIEGO -AE  FACTURA.pdf
2025-10-08 11:25:23 | Guardando como: 20251008_112523_gmm5_RENOVACION_POLIZA_139004204_SA_139004204_ROMERO_DOMINGUEZ_SALVADOR_-ROMERO_CERVERA_DIEGO_-AE__FACTURA.pdf
2025-10-08 11:25:23 | Ruta completa: C:\laragon\www\analizer_files\data\20251008_112523_gmm5_RENOVACION_POLIZA_139004204_SA_139004204_ROMERO_DOMINGUEZ_SALVADOR_-ROMERO_CERVERA_DIEGO_-AE__FACTURA.pdf
2025-10-08 11:25:23 | ? PDF DESCARGADO EXITOSAMENTE: 20251008_112523_gmm5_RENOVACION_POLIZA_139004204_SA_139004204_ROMERO_DOMINGUEZ_SALVADOR_-ROMERO_CERVERA_DIEGO_-AE__FACTURA.pdf
2025-10-08 11:25:23 | Adjunto: image001.png
2025-10-08 11:25:23 | ? Verificación PDF: image001.png -> NO es PDF
2025-10-08 11:25:23 | Adjunto: image002.png
2025-10-08 11:25:23 | ? Verificación PDF: image002.png -> NO es PDF
2025-10-08 11:25:23 | Adjunto: image003.png
2025-10-08 11:25:23 | ? Verificación PDF: image003.png -> NO es PDF
2025-10-08 11:25:23 | Adjunto: image004.png
2025-10-08 11:25:23 | ? Verificación PDF: image004.png -> NO es PDF
2025-10-08 11:25:23 | Adjunto: image005.png
2025-10-08 11:25:23 | ? Verificación PDF: image005.png -> NO es PDF
2025-10-08 11:25:23 | Adjunto: image006.jpg
2025-10-08 11:25:23 | ? Verificación PDF: image006.jpg -> NO es PDF
2025-10-08 11:25:23 | RESUMEN: 3 PDFs encontrados, 3 descargados
2025-10-08 11:30:10 | ?? NUEVO CORREO DETECTADO - Iniciando procesamiento...
2025-10-08 11:30:10 | === PROCESANDO CORREO ENTRANTE ===
2025-10-08 11:30:10 | Asunto: RENOVACIÓN PÓLIZA DE VIDA INDIVIDUAL 48876734/ 48987614 QUIROZ AMEZAGA CARLOS
2025-10-08 11:30:10 | Remitente: Acevedo Couttolenc / Frida Fernanda Villaseñor Tecuatl
2025-10-08 11:30:10 | ?? Detectada cuenta EXCHANGE, extrayendo email real...
2025-10-08 11:30:10 | ? Email REAL obtenido de Exchange: vida2@ACEVEDOCOUTTOLENC.COM
2025-10-08 11:30:10 | Email remitente: vida2@acevedocouttolenc.com
2025-10-08 11:30:10 | Dominio detectado: acevedocouttolenc.com
2025-10-08 11:30:10 | ?? Comparando dominio: acevedocouttolenc.com vs acevedocouttolenc.com
2025-10-08 11:30:10 | ? DOMINIO COINCIDE
2025-10-08 11:30:10 | ? CORREO ACEPTADO - Dominio coincide
2025-10-08 11:30:10 | Buscando adjuntos. Total: 3
2025-10-08 11:30:10 | Adjunto: 27102025 48987614 QUIROZ AMEZAGA CARLOS.pdf
2025-10-08 11:30:10 | ? Verificación PDF: 27102025 48987614 QUIROZ AMEZAGA CARLOS.pdf -> EXTENSIÓN VÁLIDA
2025-10-08 11:30:10 | ? PDF ENCONTRADO: 27102025 48987614 QUIROZ AMEZAGA CARLOS.pdf
2025-10-08 11:30:10 | Guardando como: 20251008_113010_vida2_RENOVACI_N_P_LIZA_DE_VIDA_INDI_27102025_48987614_QUIROZ_AMEZAGA_CARLOS.pdf
2025-10-08 11:30:10 | Ruta completa: C:\laragon\www\analizer_files\data\20251008_113010_vida2_RENOVACI_N_P_LIZA_DE_VIDA_INDI_27102025_48987614_QUIROZ_AMEZAGA_CARLOS.pdf
2025-10-08 11:30:11 | ? PDF DESCARGADO EXITOSAMENTE: 20251008_113010_vida2_RENOVACI_N_P_LIZA_DE_VIDA_INDI_27102025_48987614_QUIROZ_AMEZAGA_CARLOS.pdf
2025-10-08 11:30:11 | Adjunto: 27102025 48876734 QUIROZ AMEZAGA CARLOS.pdf
2025-10-08 11:30:11 | ? Verificación PDF: 27102025 48876734 QUIROZ AMEZAGA CARLOS.pdf -> EXTENSIÓN VÁLIDA
2025-10-08 11:30:11 | ? PDF ENCONTRADO: 27102025 48876734 QUIROZ AMEZAGA CARLOS.pdf
2025-10-08 11:30:11 | Guardando como: 20251008_113011_vida2_RENOVACI_N_P_LIZA_DE_VIDA_INDI_27102025_48876734_QUIROZ_AMEZAGA_CARLOS.pdf
2025-10-08 11:30:11 | Ruta completa: C:\laragon\www\analizer_files\data\20251008_113011_vida2_RENOVACI_N_P_LIZA_DE_VIDA_INDI_27102025_48876734_QUIROZ_AMEZAGA_CARLOS.pdf
2025-10-08 11:30:11 | ? PDF DESCARGADO EXITOSAMENTE: 20251008_113011_vida2_RENOVACI_N_P_LIZA_DE_VIDA_INDI_27102025_48876734_QUIROZ_AMEZAGA_CARLOS.pdf
2025-10-08 11:30:11 | Adjunto: image003.png
2025-10-08 11:30:11 | ? Verificación PDF: image003.png -> NO es PDF
2025-10-08 11:30:11 | RESUMEN: 2 PDFs encontrados, 2 descargados
2025-10-08 11:58:07 | ?? NUEVO CORREO DETECTADO - Iniciando procesamiento...
2025-10-08 11:58:07 | === PROCESANDO CORREO ENTRANTE ===
2025-10-08 11:58:07 | Asunto: RENOVACIÓN PÓLIZA DE VIDA INDIVIDUAL 8305008 LORENTE GONZALEZ FRANCISCO
2025-10-08 11:58:07 | Remitente: Acevedo Couttolenc / Frida Fernanda Villaseñor Tecuatl
2025-10-08 11:58:07 | ?? Detectada cuenta EXCHANGE, extrayendo email real...
2025-10-08 11:58:07 | ? Email REAL obtenido de Exchange: vida2@ACEVEDOCOUTTOLENC.COM
2025-10-08 11:58:07 | Email remitente: vida2@acevedocouttolenc.com
2025-10-08 11:58:07 | Dominio detectado: acevedocouttolenc.com
2025-10-08 11:58:07 | ?? Comparando dominio: acevedocouttolenc.com vs acevedocouttolenc.com
2025-10-08 11:58:07 | ? DOMINIO COINCIDE
2025-10-08 11:58:07 | ? CORREO ACEPTADO - Dominio coincide
2025-10-08 11:58:07 | Buscando adjuntos. Total: 2
2025-10-08 11:58:07 | Adjunto: 25102025 V-8305008 LORENTE GONZALEZ FRANCISCO.pdf
2025-10-08 11:58:07 | ? Verificación PDF: 25102025 V-8305008 LORENTE GONZALEZ FRANCISCO.pdf -> EXTENSIÓN VÁLIDA
2025-10-08 11:58:07 | ? PDF ENCONTRADO: 25102025 V-8305008 LORENTE GONZALEZ FRANCISCO.pdf
2025-10-08 11:58:07 | Guardando como: 20251008_115807_vida2_RENOVACI_N_P_LIZA_DE_VIDA_INDI_25102025_V-8305008_LORENTE_GONZALEZ_FRANCISCO.pdf
2025-10-08 11:58:07 | Ruta completa: C:\laragon\www\analizer_files\data\20251008_115807_vida2_RENOVACI_N_P_LIZA_DE_VIDA_INDI_25102025_V-8305008_LORENTE_GONZALEZ_FRANCISCO.pdf
2025-10-08 11:58:07 | ? PDF DESCARGADO EXITOSAMENTE: 20251008_115807_vida2_RENOVACI_N_P_LIZA_DE_VIDA_INDI_25102025_V-8305008_LORENTE_GONZALEZ_FRANCISCO.pdf
2025-10-08 11:58:07 | Adjunto: image002.png
2025-10-08 11:58:07 | ? Verificación PDF: image002.png -> NO es PDF
2025-10-08 11:58:07 | RESUMEN: 1 PDFs encontrados, 1 descargados
2025-10-08 12:11:34 | ?? NUEVO CORREO DETECTADO - Iniciando procesamiento...
2025-10-08 12:11:34 | === PROCESANDO CORREO ENTRANTE ===
2025-10-08 12:11:34 | Asunto: RENOVACIÓN PÓLIZA DE VIDA INDIVIDUAL META-8398221 BOJALIL SIMON IVONNE
2025-10-08 12:11:34 | Remitente: Acevedo Couttolenc / Frida Fernanda Villaseñor Tecuatl
2025-10-08 12:11:34 | ?? Detectada cuenta EXCHANGE, extrayendo email real...
2025-10-08 12:11:34 | ? Email REAL obtenido de Exchange: vida2@ACEVEDOCOUTTOLENC.COM
2025-10-08 12:11:34 | Email remitente: vida2@acevedocouttolenc.com
2025-10-08 12:11:34 | Dominio detectado: acevedocouttolenc.com
2025-10-08 12:11:34 | ?? Comparando dominio: acevedocouttolenc.com vs acevedocouttolenc.com
2025-10-08 12:11:34 | ? DOMINIO COINCIDE
2025-10-08 12:11:34 | ? CORREO ACEPTADO - Dominio coincide
2025-10-08 12:11:34 | Buscando adjuntos. Total: 2
2025-10-08 12:11:34 | Adjunto: 25102025 META-8398221 BOJALIL SIMON IVONNE.pdf
2025-10-08 12:11:34 | ? Verificación PDF: 25102025 META-8398221 BOJALIL SIMON IVONNE.pdf -> EXTENSIÓN VÁLIDA
2025-10-08 12:11:34 | ? PDF ENCONTRADO: 25102025 META-8398221 BOJALIL SIMON IVONNE.pdf
2025-10-08 12:11:34 | Guardando como: 20251008_121134_vida2_RENOVACI_N_P_LIZA_DE_VIDA_INDI_25102025_META-8398221_BOJALIL_SIMON_IVONNE.pdf
2025-10-08 12:11:34 | Ruta completa: C:\laragon\www\analizer_files\data\20251008_121134_vida2_RENOVACI_N_P_LIZA_DE_VIDA_INDI_25102025_META-8398221_BOJALIL_SIMON_IVONNE.pdf
2025-10-08 12:11:34 | ? PDF DESCARGADO EXITOSAMENTE: 20251008_121134_vida2_RENOVACI_N_P_LIZA_DE_VIDA_INDI_25102025_META-8398221_BOJALIL_SIMON_IVONNE.pdf
2025-10-08 12:11:34 | Adjunto: image002.png
2025-10-08 12:11:34 | ? Verificación PDF: image002.png -> NO es PDF
2025-10-08 12:11:34 | RESUMEN: 1 PDFs encontrados, 1 descargados
2025-10-08 12:22:49 | ?? NUEVO CORREO DETECTADO - Iniciando procesamiento...
2025-10-08 12:22:49 | === PROCESANDO CORREO ENTRANTE ===
2025-10-08 12:22:49 | Asunto: RENOVACIÓN PÓLIZA DE VIDA INDIVIDUAL META-8398204 PEÑA CALLEJA JORGE ROBERTO
2025-10-08 12:22:49 | Remitente: Acevedo Couttolenc / Frida Fernanda Villaseñor Tecuatl
2025-10-08 12:22:49 | ?? Detectada cuenta EXCHANGE, extrayendo email real...
2025-10-08 12:22:49 | ? Email REAL obtenido de Exchange: vida2@ACEVEDOCOUTTOLENC.COM
2025-10-08 12:22:49 | Email remitente: vida2@acevedocouttolenc.com
2025-10-08 12:22:49 | Dominio detectado: acevedocouttolenc.com
2025-10-08 12:22:49 | ?? Comparando dominio: acevedocouttolenc.com vs acevedocouttolenc.com
2025-10-08 12:22:49 | ? DOMINIO COINCIDE
2025-10-08 12:22:49 | ? CORREO ACEPTADO - Dominio coincide
2025-10-08 12:22:49 | Buscando adjuntos. Total: 2
2025-10-08 12:22:49 | Adjunto: 24102025 META-8398204 PEÑA CALLEJA JORGE ROBERTO.pdf
2025-10-08 12:22:49 | ? Verificación PDF: 24102025 META-8398204 PEÑA CALLEJA JORGE ROBERTO.pdf -> EXTENSIÓN VÁLIDA
2025-10-08 12:22:49 | ? PDF ENCONTRADO: 24102025 META-8398204 PEÑA CALLEJA JORGE ROBERTO.pdf
2025-10-08 12:22:49 | Guardando como: 20251008_122249_vida2_RENOVACI_N_P_LIZA_DE_VIDA_INDI_24102025_META-8398204_PE_A_CALLEJA_JORGE_ROBERTO.pdf
2025-10-08 12:22:49 | Ruta completa: C:\laragon\www\analizer_files\data\20251008_122249_vida2_RENOVACI_N_P_LIZA_DE_VIDA_INDI_24102025_META-8398204_PE_A_CALLEJA_JORGE_ROBERTO.pdf
2025-10-08 12:22:49 | ? PDF DESCARGADO EXITOSAMENTE: 20251008_122249_vida2_RENOVACI_N_P_LIZA_DE_VIDA_INDI_24102025_META-8398204_PE_A_CALLEJA_JORGE_ROBERTO.pdf
2025-10-08 12:22:49 | Adjunto: image002.png
2025-10-08 12:22:49 | ? Verificación PDF: image002.png -> NO es PDF
2025-10-08 12:22:49 | RESUMEN: 1 PDFs encontrados, 1 descargados
2025-10-08 12:27:52 | ?? NUEVO CORREO DETECTADO - Iniciando procesamiento...
2025-10-08 12:27:52 | === PROCESANDO CORREO ENTRANTE ===
2025-10-08 12:27:52 | Asunto: ENDOSO 148049 DE FLOT 0940415058	LUBYTUMEN DE MEXICO	INCREMENTO DE RC GENERAL A QUEDAR EN $  5,700,000.00 // KENWORTH T-370 CHASIS CABINA MOD 2018 SERIE 3BKHKM9X9JF315375
2025-10-08 12:27:52 | Remitente: Acevedo Couttolenc / Ody Alvarez
2025-10-08 12:27:52 | ?? Detectada cuenta EXCHANGE, extrayendo email real...
2025-10-08 12:27:52 | ? Email REAL obtenido de Exchange: autos@ACEVEDOCOUTTOLENC.COM
2025-10-08 12:27:52 | Email remitente: autos@acevedocouttolenc.com
2025-10-08 12:27:52 | Dominio detectado: acevedocouttolenc.com
2025-10-08 12:27:52 | ?? Comparando dominio: acevedocouttolenc.com vs acevedocouttolenc.com
2025-10-08 12:27:52 | ? DOMINIO COINCIDE
2025-10-08 12:27:52 | ? CORREO ACEPTADO - Dominio coincide
2025-10-08 12:27:52 | Buscando adjuntos. Total: 3
2025-10-08 12:27:52 | Adjunto: recibos.pdf
2025-10-08 12:27:52 | ? Verificación PDF: recibos.pdf -> EXTENSIÓN VÁLIDA
2025-10-08 12:27:52 | ? PDF ENCONTRADO: recibos.pdf
2025-10-08 12:27:52 | Guardando como: 20251008_122752_autos_ENDOSO_148049_DE_FLOT_09404150_recibos.pdf
2025-10-08 12:27:52 | Ruta completa: C:\laragon\www\analizer_files\data\20251008_122752_autos_ENDOSO_148049_DE_FLOT_09404150_recibos.pdf
2025-10-08 12:27:52 | ? PDF DESCARGADO EXITOSAMENTE: 20251008_122752_autos_ENDOSO_148049_DE_FLOT_09404150_recibos.pdf
2025-10-08 12:27:52 | Adjunto: caratula endoso.pdf
2025-10-08 12:27:52 | ? Verificación PDF: caratula endoso.pdf -> EXTENSIÓN VÁLIDA
2025-10-08 12:27:52 | ? PDF ENCONTRADO: caratula endoso.pdf
2025-10-08 12:27:52 | Guardando como: 20251008_122752_autos_ENDOSO_148049_DE_FLOT_09404150_caratula_endoso.pdf
2025-10-08 12:27:52 | Ruta completa: C:\laragon\www\analizer_files\data\20251008_122752_autos_ENDOSO_148049_DE_FLOT_09404150_caratula_endoso.pdf
2025-10-08 12:27:52 | ? PDF DESCARGADO EXITOSAMENTE: 20251008_122752_autos_ENDOSO_148049_DE_FLOT_09404150_caratula_endoso.pdf
2025-10-08 12:27:52 | Adjunto: image003.png
2025-10-08 12:27:52 | ? Verificación PDF: image003.png -> NO es PDF
2025-10-08 12:27:52 | RESUMEN: 2 PDFs encontrados, 2 descargados
2025-10-08 12:28:51 | ?? NUEVO CORREO DETECTADO - Iniciando procesamiento...
2025-10-08 12:28:51 | === PROCESANDO CORREO ENTRANTE ===
2025-10-08 12:28:51 | Asunto: 83298 - 0	IVONNE VIVIANA GAZAL DE URIARTE	RAV 4 HYBRID LIMITED 2.5 MOD. 2025
2025-10-08 12:28:51 | Remitente: Acevedo Couttolenc / Abraham Pelcastre
2025-10-08 12:28:51 | ?? Detectada cuenta EXCHANGE, extrayendo email real...
2025-10-08 12:28:51 | ? Email REAL obtenido de Exchange: autos2@ACEVEDOCOUTTOLENC.COM
2025-10-08 12:28:51 | Email remitente: autos2@acevedocouttolenc.com
2025-10-08 12:28:51 | Dominio detectado: acevedocouttolenc.com
2025-10-08 12:28:51 | ?? Comparando dominio: acevedocouttolenc.com vs acevedocouttolenc.com
2025-10-08 12:28:51 | ? DOMINIO COINCIDE
2025-10-08 12:28:51 | ? CORREO ACEPTADO - Dominio coincide
2025-10-08 12:28:51 | Buscando adjuntos. Total: 7
2025-10-08 12:28:51 | Adjunto: POLIZA 83298 RAV 4 HYBRID LIMITED.pdf
2025-10-08 12:28:51 | ? Verificación PDF: POLIZA 83298 RAV 4 HYBRID LIMITED.pdf -> EXTENSIÓN VÁLIDA
2025-10-08 12:28:51 | ? PDF ENCONTRADO: POLIZA 83298 RAV 4 HYBRID LIMITED.pdf
2025-10-08 12:28:51 | Guardando como: 20251008_122851_autos2_83298_-_0_IVONNE_VIVIANA_GAZAL_POLIZA_83298_RAV_4_HYBRID_LIMITED.pdf
2025-10-08 12:28:51 | Ruta completa: C:\laragon\www\analizer_files\data\20251008_122851_autos2_83298_-_0_IVONNE_VIVIANA_GAZAL_POLIZA_83298_RAV_4_HYBRID_LIMITED.pdf
2025-10-08 12:28:51 | ? PDF DESCARGADO EXITOSAMENTE: 20251008_122851_autos2_83298_-_0_IVONNE_VIVIANA_GAZAL_POLIZA_83298_RAV_4_HYBRID_LIMITED.pdf
2025-10-08 12:28:51 | Adjunto: RECIBO 83298 RAV 4 HYBRID LIMITED.pdf
2025-10-08 12:28:51 | ? Verificación PDF: RECIBO 83298 RAV 4 HYBRID LIMITED.pdf -> EXTENSIÓN VÁLIDA
2025-10-08 12:28:51 | ? PDF ENCONTRADO: RECIBO 83298 RAV 4 HYBRID LIMITED.pdf
2025-10-08 12:28:51 | Guardando como: 20251008_122851_autos2_83298_-_0_IVONNE_VIVIANA_GAZAL_RECIBO_83298_RAV_4_HYBRID_LIMITED.pdf
2025-10-08 12:28:51 | Ruta completa: C:\laragon\www\analizer_files\data\20251008_122851_autos2_83298_-_0_IVONNE_VIVIANA_GAZAL_RECIBO_83298_RAV_4_HYBRID_LIMITED.pdf
2025-10-08 12:28:51 | ? PDF DESCARGADO EXITOSAMENTE: 20251008_122851_autos2_83298_-_0_IVONNE_VIVIANA_GAZAL_RECIBO_83298_RAV_4_HYBRID_LIMITED.pdf
2025-10-08 12:28:51 | Adjunto: ANEXO Robo Parcial.pdf
2025-10-08 12:28:51 | ? Verificación PDF: ANEXO Robo Parcial.pdf -> EXTENSIÓN VÁLIDA
2025-10-08 12:28:51 | ? PDF ENCONTRADO: ANEXO Robo Parcial.pdf
2025-10-08 12:28:51 | Guardando como: 20251008_122851_autos2_83298_-_0_IVONNE_VIVIANA_GAZAL_ANEXO_Robo_Parcial.pdf
2025-10-08 12:28:51 | Ruta completa: C:\laragon\www\analizer_files\data\20251008_122851_autos2_83298_-_0_IVONNE_VIVIANA_GAZAL_ANEXO_Robo_Parcial.pdf
2025-10-08 12:28:52 | ? PDF DESCARGADO EXITOSAMENTE: 20251008_122851_autos2_83298_-_0_IVONNE_VIVIANA_GAZAL_ANEXO_Robo_Parcial.pdf
2025-10-08 12:28:52 | Adjunto: CONDICIONES GENERALES SURA AUTOS.zip
2025-10-08 12:28:52 | ? Verificación PDF: CONDICIONES GENERALES SURA AUTOS.zip -> NO es PDF
2025-10-08 12:28:52 | Adjunto: REPORTE SINIESTRO SURA.jpeg
2025-10-08 12:28:52 | ? Verificación PDF: REPORTE SINIESTRO SURA.jpeg -> NO es PDF
2025-10-08 12:28:52 | Adjunto: image001.png
2025-10-08 12:28:52 | ? Verificación PDF: image001.png -> NO es PDF
2025-10-08 12:28:52 | Adjunto: image002.png
2025-10-08 12:28:52 | ? Verificación PDF: image002.png -> NO es PDF
2025-10-08 12:28:52 | RESUMEN: 3 PDFs encontrados, 3 descargados
2025-10-08 12:29:54 | ?? NUEVO CORREO DETECTADO - Iniciando procesamiento...
2025-10-08 12:29:54 | === PROCESANDO CORREO ENTRANTE ===
2025-10-08 12:29:54 | Asunto: CONTRASEÑA PORTAL AXA
2025-10-08 12:29:54 | Remitente: Acevedo Couttolenc / Helder Gabriel Hernández Sánchez
2025-10-08 12:29:54 | ?? Detectada cuenta EXCHANGE, extrayendo email real...
2025-10-08 12:29:54 | ? Email REAL obtenido de Exchange: gmm4@ACEVEDOCOUTTOLENC.COM
2025-10-08 12:29:54 | Email remitente: gmm4@acevedocouttolenc.com
2025-10-08 12:29:54 | Dominio detectado: acevedocouttolenc.com
2025-10-08 12:29:54 | ?? Comparando dominio: acevedocouttolenc.com vs acevedocouttolenc.com
2025-10-08 12:29:54 | ? DOMINIO COINCIDE
2025-10-08 12:29:54 | ? CORREO ACEPTADO - Dominio coincide
2025-10-08 12:29:54 | Buscando adjuntos. Total: 2
2025-10-08 12:29:54 | Adjunto: image002.jpg
2025-10-08 12:29:54 | ? Verificación PDF: image002.jpg -> NO es PDF
2025-10-08 12:29:54 | Adjunto: image003.png
2025-10-08 12:29:54 | ? Verificación PDF: image003.png -> NO es PDF
2025-10-08 12:29:54 | RESUMEN: 0 PDFs encontrados, 0 descargados
2025-10-08 12:40:14 | ?? NUEVO CORREO DETECTADO - Iniciando procesamiento...
2025-10-08 12:40:14 | === PROCESANDO CORREO ENTRANTE ===
2025-10-08 12:40:14 | Asunto: RENOVACIÓN PÓLIZA DE VIDA INDIVIDUAL 170321301 RAMOS LOPEZ PATRICIA OLIVIA
2025-10-08 12:40:14 | Remitente: Acevedo Couttolenc / Frida Fernanda Villaseñor Tecuatl
2025-10-08 12:40:14 | ?? Detectada cuenta EXCHANGE, extrayendo email real...
2025-10-08 12:40:14 | ? Email REAL obtenido de Exchange: vida2@ACEVEDOCOUTTOLENC.COM
2025-10-08 12:40:14 | Email remitente: vida2@acevedocouttolenc.com
2025-10-08 12:40:14 | Dominio detectado: acevedocouttolenc.com
2025-10-08 12:40:14 | ?? Comparando dominio: acevedocouttolenc.com vs acevedocouttolenc.com
2025-10-08 12:40:14 | ? DOMINIO COINCIDE
2025-10-08 12:40:14 | ? CORREO ACEPTADO - Dominio coincide
2025-10-08 12:40:14 | Buscando adjuntos. Total: 2
2025-10-08 12:40:14 | Adjunto: 22102025 170321301 RAMOS LOPEZ PATRICIA OLIVIA.pdf
2025-10-08 12:40:14 | ? Verificación PDF: 22102025 170321301 RAMOS LOPEZ PATRICIA OLIVIA.pdf -> EXTENSIÓN VÁLIDA
2025-10-08 12:40:14 | ? PDF ENCONTRADO: 22102025 170321301 RAMOS LOPEZ PATRICIA OLIVIA.pdf
2025-10-08 12:40:14 | Guardando como: 20251008_124014_vida2_RENOVACI_N_P_LIZA_DE_VIDA_INDI_22102025_170321301_RAMOS_LOPEZ_PATRICIA_OLIVIA.pdf
2025-10-08 12:40:14 | Ruta completa: C:\laragon\www\analizer_files\data\20251008_124014_vida2_RENOVACI_N_P_LIZA_DE_VIDA_INDI_22102025_170321301_RAMOS_LOPEZ_PATRICIA_OLIVIA.pdf
2025-10-08 12:40:14 | ? PDF DESCARGADO EXITOSAMENTE: 20251008_124014_vida2_RENOVACI_N_P_LIZA_DE_VIDA_INDI_22102025_170321301_RAMOS_LOPEZ_PATRICIA_OLIVIA.pdf
2025-10-08 12:40:14 | Adjunto: image003.png
2025-10-08 12:40:14 | ? Verificación PDF: image003.png -> NO es PDF
2025-10-08 12:40:14 | RESUMEN: 1 PDFs encontrados, 1 descargados
2025-10-08 12:43:49 | ?? NUEVO CORREO DETECTADO - Iniciando procesamiento...
2025-10-08 12:43:49 | === PROCESANDO CORREO ENTRANTE ===
2025-10-08 12:43:49 | Asunto: RE: ENDOSO 148049 DE FLOT 0940415058	LUBYTUMEN DE MEXICO	INCREMENTO DE RC GENERAL A QUEDAR EN $  5,700,000.00 // KENWORTH T-370 CHASIS CABINA MOD 2018 SERIE 3BKHKM9X9JF315375
2025-10-08 12:43:49 | Remitente: Alicia Melgarejo
2025-10-08 12:43:49 | ? Email obtenido por SenderEmailAddress: amelgarejo@lubyrec.com
2025-10-08 12:43:49 | Email remitente: amelgarejo@lubyrec.com
2025-10-08 12:43:49 | Dominio detectado: lubyrec.com
2025-10-08 12:43:49 | ?? Comparando dominio: lubyrec.com vs acevedocouttolenc.com
2025-10-08 12:43:49 | ? DOMINIO NO COINCIDE
2025-10-08 12:43:49 | ? CORREO RECHAZADO - Dominio NO coincide. Esperado: acevedocouttolenc.com
2025-10-08 12:46:34 | ?? NUEVO CORREO DETECTADO - Iniciando procesamiento...
2025-10-08 12:46:34 | === PROCESANDO CORREO ENTRANTE ===
2025-10-08 12:46:34 | Asunto: 100077819 - 1	ROGELIO MORALES RODRIGUEZ	VENTO COMFORTLINE 1.6 MOD. 2019
2025-10-08 12:46:34 | Remitente: Acevedo Couttolenc / Abraham Pelcastre
2025-10-08 12:46:34 | ?? Detectada cuenta EXCHANGE, extrayendo email real...
2025-10-08 12:46:34 | ? Email REAL obtenido de Exchange: autos2@ACEVEDOCOUTTOLENC.COM
2025-10-08 12:46:34 | Email remitente: autos2@acevedocouttolenc.com
2025-10-08 12:46:34 | Dominio detectado: acevedocouttolenc.com
2025-10-08 12:46:34 | ?? Comparando dominio: acevedocouttolenc.com vs acevedocouttolenc.com
2025-10-08 12:46:34 | ? DOMINIO COINCIDE
2025-10-08 12:46:34 | ? CORREO ACEPTADO - Dominio coincide
2025-10-08 12:46:34 | Buscando adjuntos. Total: 7
2025-10-08 12:46:34 | Adjunto: POLIZA 100077819 VENTO COMFORTLINE 1.6 105HP.pdf
2025-10-08 12:46:34 | ? Verificación PDF: POLIZA 100077819 VENTO COMFORTLINE 1.6 105HP.pdf -> EXTENSIÓN VÁLIDA
2025-10-08 12:46:34 | ? PDF ENCONTRADO: POLIZA 100077819 VENTO COMFORTLINE 1.6 105HP.pdf
2025-10-08 12:46:34 | Guardando como: 20251008_124634_autos2_100077819_-_1_ROGELIO_MORALES__POLIZA_100077819_VENTO_COMFORTLINE_1.6_105HP.pdf
2025-10-08 12:46:34 | Ruta completa: C:\laragon\www\analizer_files\data\20251008_124634_autos2_100077819_-_1_ROGELIO_MORALES__POLIZA_100077819_VENTO_COMFORTLINE_1.6_105HP.pdf
2025-10-08 12:46:34 | ? PDF DESCARGADO EXITOSAMENTE: 20251008_124634_autos2_100077819_-_1_ROGELIO_MORALES__POLIZA_100077819_VENTO_COMFORTLINE_1.6_105HP.pdf
2025-10-08 12:46:34 | Adjunto: RECIBO 100077819 VENTO COMFORTLINE 1.6 105HP.pdf
2025-10-08 12:46:34 | ? Verificación PDF: RECIBO 100077819 VENTO COMFORTLINE 1.6 105HP.pdf -> EXTENSIÓN VÁLIDA
2025-10-08 12:46:34 | ? PDF ENCONTRADO: RECIBO 100077819 VENTO COMFORTLINE 1.6 105HP.pdf
2025-10-08 12:46:34 | Guardando como: 20251008_124634_autos2_100077819_-_1_ROGELIO_MORALES__RECIBO_100077819_VENTO_COMFORTLINE_1.6_105HP.pdf
2025-10-08 12:46:34 | Ruta completa: C:\laragon\www\analizer_files\data\20251008_124634_autos2_100077819_-_1_ROGELIO_MORALES__RECIBO_100077819_VENTO_COMFORTLINE_1.6_105HP.pdf
2025-10-08 12:46:35 | ? PDF DESCARGADO EXITOSAMENTE: 20251008_124634_autos2_100077819_-_1_ROGELIO_MORALES__RECIBO_100077819_VENTO_COMFORTLINE_1.6_105HP.pdf
2025-10-08 12:46:35 | Adjunto: CONDICIONES GENERALES SURA AUTOS.zip
2025-10-08 12:46:35 | ? Verificación PDF: CONDICIONES GENERALES SURA AUTOS.zip -> NO es PDF
2025-10-08 12:46:35 | Adjunto: REPORTE SINIESTRO SURA.jpeg
2025-10-08 12:46:35 | ? Verificación PDF: REPORTE SINIESTRO SURA.jpeg -> NO es PDF
2025-10-08 12:46:35 | Adjunto: image003.png
2025-10-08 12:46:35 | ? Verificación PDF: image003.png -> NO es PDF
2025-10-08 12:46:35 | Adjunto: image004.png
2025-10-08 12:46:35 | ? Verificación PDF: image004.png -> NO es PDF
2025-10-08 12:46:35 | Adjunto: image005.png
2025-10-08 12:46:35 | ? Verificación PDF: image005.png -> NO es PDF
2025-10-08 12:46:35 | RESUMEN: 2 PDFs encontrados, 2 descargados
2025-10-08 12:48:03 | ?? NUEVO CORREO DETECTADO - Iniciando procesamiento...
2025-10-08 12:48:03 | === PROCESANDO CORREO ENTRANTE ===
2025-10-08 12:48:03 | Asunto: formato para llenar
2025-10-08 12:48:03 | Remitente: Acevedo Couttolenc / Georgina Hernandez
2025-10-08 12:48:03 | ?? Detectada cuenta EXCHANGE, extrayendo email real...
2025-10-08 12:48:03 | ? Email REAL obtenido de Exchange: sistemas1@ACEVEDOCOUTTOLENC.COM
2025-10-08 12:48:03 | Email remitente: sistemas1@acevedocouttolenc.com
2025-10-08 12:48:03 | Dominio detectado: acevedocouttolenc.com
2025-10-08 12:48:03 | ?? Comparando dominio: acevedocouttolenc.com vs acevedocouttolenc.com
2025-10-08 12:48:03 | ? DOMINIO COINCIDE
2025-10-08 12:48:03 | ? CORREO ACEPTADO - Dominio coincide
2025-10-08 12:48:03 | Buscando adjuntos. Total: 2
2025-10-08 12:48:03 | Adjunto: image001.png
2025-10-08 12:48:03 | ? Verificación PDF: image001.png -> NO es PDF
2025-10-08 12:48:03 | Adjunto: Soldecredito_MEJORAVITReparayMEJORAVITRenuevavf_13-03-24.pdf
2025-10-08 12:48:03 | ? Verificación PDF: Soldecredito_MEJORAVITReparayMEJORAVITRenuevavf_13-03-24.pdf -> EXTENSIÓN VÁLIDA
2025-10-08 12:48:03 | ? PDF ENCONTRADO: Soldecredito_MEJORAVITReparayMEJORAVITRenuevavf_13-03-24.pdf
2025-10-08 12:48:03 | Guardando como: 20251008_124803_sistemas1_formato_para_llenar_Soldecredito_MEJORAVITReparayMEJORAVITRenuevavf_13-03-24.pdf
2025-10-08 12:48:03 | Ruta completa: C:\laragon\www\analizer_files\data\20251008_124803_sistemas1_formato_para_llenar_Soldecredito_MEJORAVITReparayMEJORAVITRenuevavf_13-03-24.pdf
2025-10-08 12:48:03 | ? PDF DESCARGADO EXITOSAMENTE: 20251008_124803_sistemas1_formato_para_llenar_Soldecredito_MEJORAVITReparayMEJORAVITRenuevavf_13-03-24.pdf
2025-10-08 12:48:03 | RESUMEN: 1 PDFs encontrados, 1 descargados
2025-10-08 13:00:36 | ?? NUEVO CORREO DETECTADO - Iniciando procesamiento...
2025-10-08 13:00:36 | === PROCESANDO CORREO ENTRANTE ===
2025-10-08 13:00:36 | Asunto: Ricardo Gaspariano se ha unido a su reunión- API_BUPA
2025-10-08 13:00:36 | Remitente: Zoom
2025-10-08 13:00:36 | ? Email obtenido por SenderEmailAddress: no-reply@zoom.us
2025-10-08 13:00:36 | Email remitente: no-reply@zoom.us
2025-10-08 13:00:36 | Dominio detectado: zoom.us
2025-10-08 13:00:36 | ?? Comparando dominio: zoom.us vs acevedocouttolenc.com
2025-10-08 13:00:36 | ? DOMINIO NO COINCIDE
2025-10-08 13:00:36 | ? CORREO RECHAZADO - Dominio NO coincide. Esperado: acevedocouttolenc.com
2025-10-08 13:02:52 | ?? NUEVO CORREO DETECTADO - Iniciando procesamiento...
2025-10-08 13:02:52 | === PROCESANDO CORREO ENTRANTE ===
2025-10-08 13:02:52 | Asunto: CAPTURA PÓLIZA NUEVA RAFAEL LOPEZ RUBI CALDERON 693942294
2025-10-08 13:02:52 | Remitente: Acevedo Couttolenc / Zaid Cuauhtemoc Trueba Bayardo
2025-10-08 13:02:52 | ?? Detectada cuenta EXCHANGE, extrayendo email real...
2025-10-08 13:02:52 | ? Email REAL obtenido de Exchange: vida1@ACEVEDOCOUTTOLENC.COM
2025-10-08 13:02:52 | Email remitente: vida1@acevedocouttolenc.com
2025-10-08 13:02:52 | Dominio detectado: acevedocouttolenc.com
2025-10-08 13:02:52 | ?? Comparando dominio: acevedocouttolenc.com vs acevedocouttolenc.com
2025-10-08 13:02:52 | ? DOMINIO COINCIDE
2025-10-08 13:02:52 | ? CORREO ACEPTADO - Dominio coincide
2025-10-08 13:02:52 | Buscando adjuntos. Total: 3
2025-10-08 13:02:52 | Adjunto: image001.jpg
2025-10-08 13:02:52 | ? Verificación PDF: image001.jpg -> NO es PDF
2025-10-08 13:02:52 | Adjunto: image002.png
2025-10-08 13:02:52 | ? Verificación PDF: image002.png -> NO es PDF
2025-10-08 13:02:52 | Adjunto: 693942294 CARATULA.pdf
2025-10-08 13:02:52 | ? Verificación PDF: 693942294 CARATULA.pdf -> EXTENSIÓN VÁLIDA
2025-10-08 13:02:52 | ? PDF ENCONTRADO: 693942294 CARATULA.pdf
2025-10-08 13:02:52 | Guardando como: 20251008_130252_vida1_CAPTURA_P_LIZA_NUEVA_RAFAEL_LO_693942294_CARATULA.pdf
2025-10-08 13:02:52 | Ruta completa: C:\laragon\www\analizer_files\data\20251008_130252_vida1_CAPTURA_P_LIZA_NUEVA_RAFAEL_LO_693942294_CARATULA.pdf
2025-10-08 13:02:52 | ? PDF DESCARGADO EXITOSAMENTE: 20251008_130252_vida1_CAPTURA_P_LIZA_NUEVA_RAFAEL_LO_693942294_CARATULA.pdf
2025-10-08 13:02:52 | RESUMEN: 1 PDFs encontrados, 1 descargados
2025-10-08 13:11:49 | ?? NUEVO CORREO DETECTADO - Iniciando procesamiento...
2025-10-08 13:11:49 | === PROCESANDO CORREO ENTRANTE ===
2025-10-08 13:11:49 | Asunto: 83215-0	MAUCHA 	MERCEDES-AMG GLE 53 4MATIC MOD: 2023
2025-10-08 13:11:49 | Remitente: Acevedo Couttolenc / Abraham Pelcastre
2025-10-08 13:11:49 | ?? Detectada cuenta EXCHANGE, extrayendo email real...
2025-10-08 13:11:49 | ? Email REAL obtenido de Exchange: autos2@ACEVEDOCOUTTOLENC.COM
2025-10-08 13:11:49 | Email remitente: autos2@acevedocouttolenc.com
2025-10-08 13:11:49 | Dominio detectado: acevedocouttolenc.com
2025-10-08 13:11:49 | ?? Comparando dominio: acevedocouttolenc.com vs acevedocouttolenc.com
2025-10-08 13:11:49 | ? DOMINIO COINCIDE
2025-10-08 13:11:49 | ? CORREO ACEPTADO - Dominio coincide
2025-10-08 13:11:49 | Buscando adjuntos. Total: 6
2025-10-08 13:11:49 | Adjunto: CARTA DE SOLICITUD DE DOCUMENTOS.pdf
2025-10-08 13:11:49 | ? Verificación PDF: CARTA DE SOLICITUD DE DOCUMENTOS.pdf -> EXTENSIÓN VÁLIDA
2025-10-08 13:11:49 | ? PDF ENCONTRADO: CARTA DE SOLICITUD DE DOCUMENTOS.pdf
2025-10-08 13:11:49 | Guardando como: 20251008_131149_autos2_83215-0_MAUCHA__MERCEDES-AMG_G_CARTA_DE_SOLICITUD_DE_DOCUMENTOS.pdf
2025-10-08 13:11:49 | Ruta completa: C:\laragon\www\analizer_files\data\20251008_131149_autos2_83215-0_MAUCHA__MERCEDES-AMG_G_CARTA_DE_SOLICITUD_DE_DOCUMENTOS.pdf
2025-10-08 13:11:49 | ? PDF DESCARGADO EXITOSAMENTE: 20251008_131149_autos2_83215-0_MAUCHA__MERCEDES-AMG_G_CARTA_DE_SOLICITUD_DE_DOCUMENTOS.pdf
2025-10-08 13:11:49 | Adjunto: RECIBO 83215 MERCEDES-AMG GLE 53 4MATIC+ MH.pdf
2025-10-08 13:11:49 | ? Verificación PDF: RECIBO 83215 MERCEDES-AMG GLE 53 4MATIC+ MH.pdf -> EXTENSIÓN VÁLIDA
2025-10-08 13:11:49 | ? PDF ENCONTRADO: RECIBO 83215 MERCEDES-AMG GLE 53 4MATIC+ MH.pdf
2025-10-08 13:11:49 | Guardando como: 20251008_131149_autos2_83215-0_MAUCHA__MERCEDES-AMG_G_RECIBO_83215_MERCEDES-AMG_GLE_53_4MATIC__MH.pdf
2025-10-08 13:11:49 | Ruta completa: C:\laragon\www\analizer_files\data\20251008_131149_autos2_83215-0_MAUCHA__MERCEDES-AMG_G_RECIBO_83215_MERCEDES-AMG_GLE_53_4MATIC__MH.pdf
2025-10-08 13:11:49 | ? PDF DESCARGADO EXITOSAMENTE: 20251008_131149_autos2_83215-0_MAUCHA__MERCEDES-AMG_G_RECIBO_83215_MERCEDES-AMG_GLE_53_4MATIC__MH.pdf
2025-10-08 13:11:49 | Adjunto: image005.png
2025-10-08 13:11:49 | ? Verificación PDF: image005.png -> NO es PDF
2025-10-08 13:11:49 | Adjunto: image006.png
2025-10-08 13:11:49 | ? Verificación PDF: image006.png -> NO es PDF
2025-10-08 13:11:49 | Adjunto: Formato unico de entrevista.pdf
2025-10-08 13:11:49 | ? Verificación PDF: Formato unico de entrevista.pdf -> EXTENSIÓN VÁLIDA
2025-10-08 13:11:49 | ? PDF ENCONTRADO: Formato unico de entrevista.pdf
2025-10-08 13:11:49 | Guardando como: 20251008_131149_autos2_83215-0_MAUCHA__MERCEDES-AMG_G_Formato_unico_de_entrevista.pdf
2025-10-08 13:11:49 | Ruta completa: C:\laragon\www\analizer_files\data\20251008_131149_autos2_83215-0_MAUCHA__MERCEDES-AMG_G_Formato_unico_de_entrevista.pdf
2025-10-08 13:11:50 | ? PDF DESCARGADO EXITOSAMENTE: 20251008_131149_autos2_83215-0_MAUCHA__MERCEDES-AMG_G_Formato_unico_de_entrevista.pdf
2025-10-08 13:11:50 | Adjunto: image001.png
2025-10-08 13:11:50 | ? Verificación PDF: image001.png -> NO es PDF
2025-10-08 13:11:50 | RESUMEN: 3 PDFs encontrados, 3 descargados
2025-10-08 13:19:53 | ?? NUEVO CORREO DETECTADO - Iniciando procesamiento...
2025-10-08 13:19:53 | === PROCESANDO CORREO ENTRANTE ===
2025-10-08 13:19:53 | Asunto: 300017107 // PEREZ IRIGOYEN ROGELIO // NISSAN NP300 ESTACAS TM DH AC 6VEL MOD 2016
2025-10-08 13:19:53 | Remitente: Acevedo Couttolenc / Diana Carrillo
2025-10-08 13:19:53 | ?? Detectada cuenta EXCHANGE, extrayendo email real...
2025-10-08 13:19:53 | ? Email REAL obtenido de Exchange: autos1@ACEVEDOCOUTTOLENC.COM
2025-10-08 13:19:53 | Email remitente: autos1@acevedocouttolenc.com
2025-10-08 13:19:53 | Dominio detectado: acevedocouttolenc.com
2025-10-08 13:19:53 | ?? Comparando dominio: acevedocouttolenc.com vs acevedocouttolenc.com
2025-10-08 13:19:53 | ? DOMINIO COINCIDE
2025-10-08 13:19:53 | ? CORREO ACEPTADO - Dominio coincide
2025-10-08 13:19:53 | Buscando adjuntos. Total: 6
2025-10-08 13:19:53 | Adjunto: REPORTE SURA.pdf
2025-10-08 13:19:53 | ? Verificación PDF: REPORTE SURA.pdf -> EXTENSIÓN VÁLIDA
2025-10-08 13:19:53 | ? PDF ENCONTRADO: REPORTE SURA.pdf
2025-10-08 13:19:53 | Guardando como: 20251008_131953_autos1_300017107___PEREZ_IRIGOYEN_ROG_REPORTE_SURA.pdf
2025-10-08 13:19:53 | Ruta completa: C:\laragon\www\analizer_files\data\20251008_131953_autos1_300017107___PEREZ_IRIGOYEN_ROG_REPORTE_SURA.pdf
2025-10-08 13:19:53 | ? PDF DESCARGADO EXITOSAMENTE: 20251008_131953_autos1_300017107___PEREZ_IRIGOYEN_ROG_REPORTE_SURA.pdf
2025-10-08 13:19:53 | Adjunto: 300017107.pdf
2025-10-08 13:19:53 | ? Verificación PDF: 300017107.pdf -> EXTENSIÓN VÁLIDA
2025-10-08 13:19:53 | ? PDF ENCONTRADO: 300017107.pdf
2025-10-08 13:19:53 | Guardando como: 20251008_131953_autos1_300017107___PEREZ_IRIGOYEN_ROG_300017107.pdf
2025-10-08 13:19:53 | Ruta completa: C:\laragon\www\analizer_files\data\20251008_131953_autos1_300017107___PEREZ_IRIGOYEN_ROG_300017107.pdf
2025-10-08 13:19:53 | ? PDF DESCARGADO EXITOSAMENTE: 20251008_131953_autos1_300017107___PEREZ_IRIGOYEN_ROG_300017107.pdf
2025-10-08 13:19:53 | Adjunto: 300017107-1.pdf
2025-10-08 13:19:53 | ? Verificación PDF: 300017107-1.pdf -> EXTENSIÓN VÁLIDA
2025-10-08 13:19:53 | ? PDF ENCONTRADO: 300017107-1.pdf
2025-10-08 13:19:53 | Guardando como: 20251008_131953_autos1_300017107___PEREZ_IRIGOYEN_ROG_300017107-1.pdf
2025-10-08 13:19:53 | Ruta completa: C:\laragon\www\analizer_files\data\20251008_131953_autos1_300017107___PEREZ_IRIGOYEN_ROG_300017107-1.pdf
2025-10-08 13:19:53 | ? PDF DESCARGADO EXITOSAMENTE: 20251008_131953_autos1_300017107___PEREZ_IRIGOYEN_ROG_300017107-1.pdf
2025-10-08 13:19:53 | Adjunto: COND GENERALES PICKUP.zip
2025-10-08 13:19:53 | ? Verificación PDF: COND GENERALES PICKUP.zip -> NO es PDF
2025-10-08 13:19:53 | Adjunto: image001.png
2025-10-08 13:19:53 | ? Verificación PDF: image001.png -> NO es PDF
2025-10-08 13:19:53 | Adjunto: image002.png
2025-10-08 13:19:53 | ? Verificación PDF: image002.png -> NO es PDF
2025-10-08 13:19:53 | RESUMEN: 3 PDFs encontrados, 3 descargados
2025-10-08 13:24:40 | ?? NUEVO CORREO DETECTADO - Iniciando procesamiento...
2025-10-08 13:24:40 | === PROCESANDO CORREO ENTRANTE ===
2025-10-08 13:24:40 | Asunto: RENOVACIÓN PÓLIZA DE VIDA INDIVIDUAL BECA PROFESIONAL 299114777 RAMIREZ GARCIA MARISOL
2025-10-08 13:24:40 | Remitente: Acevedo Couttolenc / Frida Fernanda Villaseñor Tecuatl
2025-10-08 13:24:40 | ?? Detectada cuenta EXCHANGE, extrayendo email real...
2025-10-08 13:24:40 | ? Email REAL obtenido de Exchange: vida2@ACEVEDOCOUTTOLENC.COM
2025-10-08 13:24:40 | Email remitente: vida2@acevedocouttolenc.com
2025-10-08 13:24:40 | Dominio detectado: acevedocouttolenc.com
2025-10-08 13:24:40 | ?? Comparando dominio: acevedocouttolenc.com vs acevedocouttolenc.com
2025-10-08 13:24:40 | ? DOMINIO COINCIDE
2025-10-08 13:24:40 | ? CORREO ACEPTADO - Dominio coincide
2025-10-08 13:24:40 | Buscando adjuntos. Total: 2
2025-10-08 13:24:40 | Adjunto: 23102025 299114777 RAMIREZ GARCIA MARISOL.pdf
2025-10-08 13:24:40 | ? Verificación PDF: 23102025 299114777 RAMIREZ GARCIA MARISOL.pdf -> EXTENSIÓN VÁLIDA
2025-10-08 13:24:40 | ? PDF ENCONTRADO: 23102025 299114777 RAMIREZ GARCIA MARISOL.pdf
2025-10-08 13:24:40 | Guardando como: 20251008_132440_vida2_RENOVACI_N_P_LIZA_DE_VIDA_INDI_23102025_299114777_RAMIREZ_GARCIA_MARISOL.pdf
2025-10-08 13:24:40 | Ruta completa: C:\laragon\www\analizer_files\data\20251008_132440_vida2_RENOVACI_N_P_LIZA_DE_VIDA_INDI_23102025_299114777_RAMIREZ_GARCIA_MARISOL.pdf
2025-10-08 13:24:40 | ? PDF DESCARGADO EXITOSAMENTE: 20251008_132440_vida2_RENOVACI_N_P_LIZA_DE_VIDA_INDI_23102025_299114777_RAMIREZ_GARCIA_MARISOL.pdf
2025-10-08 13:24:40 | Adjunto: image002.png
2025-10-08 13:24:40 | ? Verificación PDF: image002.png -> NO es PDF
2025-10-08 13:24:40 | RESUMEN: 1 PDFs encontrados, 1 descargados
2025-10-08 13:26:38 | ?? NUEVO CORREO DETECTADO - Iniciando procesamiento...
2025-10-08 13:26:38 | === PROCESANDO CORREO ENTRANTE ===
2025-10-08 13:26:38 | Asunto: RENOVACION / POLIZA 580836377 / MIGUEL QUIROZ NAUDE
2025-10-08 13:26:38 | Remitente: Acevedo Couttolenc / Vianney Espinosa
2025-10-08 13:26:38 | ?? Detectada cuenta EXCHANGE, extrayendo email real...
2025-10-08 13:26:38 | ? Email REAL obtenido de Exchange: gmm1@ACEVEDOCOUTTOLENC.COM
2025-10-08 13:26:38 | Email remitente: gmm1@acevedocouttolenc.com
2025-10-08 13:26:38 | Dominio detectado: acevedocouttolenc.com
2025-10-08 13:26:38 | ?? Comparando dominio: acevedocouttolenc.com vs acevedocouttolenc.com
2025-10-08 13:26:38 | ? DOMINIO COINCIDE
2025-10-08 13:26:38 | ? CORREO ACEPTADO - Dominio coincide
2025-10-08 13:26:38 | Buscando adjuntos. Total: 11
2025-10-08 13:26:38 | Adjunto: image006.png
2025-10-08 13:26:38 | ? Verificación PDF: image006.png -> NO es PDF
2025-10-08 13:26:38 | Adjunto: image009.png
2025-10-08 13:26:38 | ? Verificación PDF: image009.png -> NO es PDF
2025-10-08 13:26:38 | Adjunto: 580836377 QUIROZ NAUDE MIGUEL - FACTURA.xml
2025-10-08 13:26:38 | ? Verificación PDF: 580836377 QUIROZ NAUDE MIGUEL - FACTURA.xml -> NO es PDF
2025-10-08 13:26:38 | Adjunto: PREMIUM-PLATINO-FLEXIBLES.zip
2025-10-08 13:26:38 | ? Verificación PDF: PREMIUM-PLATINO-FLEXIBLES.zip -> NO es PDF
2025-10-08 13:26:38 | Adjunto: 580836377 QUIROZ NAUDE MIGUEL.pdf
2025-10-08 13:26:38 | ? Verificación PDF: 580836377 QUIROZ NAUDE MIGUEL.pdf -> EXTENSIÓN VÁLIDA
2025-10-08 13:26:38 | ? PDF ENCONTRADO: 580836377 QUIROZ NAUDE MIGUEL.pdf
2025-10-08 13:26:38 | Guardando como: 20251008_132638_gmm1_RENOVACION___POLIZA_580836377__580836377_QUIROZ_NAUDE_MIGUEL.pdf
2025-10-08 13:26:38 | Ruta completa: C:\laragon\www\analizer_files\data\20251008_132638_gmm1_RENOVACION___POLIZA_580836377__580836377_QUIROZ_NAUDE_MIGUEL.pdf
2025-10-08 13:26:38 | ? PDF DESCARGADO EXITOSAMENTE: 20251008_132638_gmm1_RENOVACION___POLIZA_580836377__580836377_QUIROZ_NAUDE_MIGUEL.pdf
2025-10-08 13:26:38 | Adjunto: 580836377 QUIROZ NAUDE MIGUEL - RECIBO 1D2.pdf
2025-10-08 13:26:38 | ? Verificación PDF: 580836377 QUIROZ NAUDE MIGUEL - RECIBO 1D2.pdf -> EXTENSIÓN VÁLIDA
2025-10-08 13:26:38 | ? PDF ENCONTRADO: 580836377 QUIROZ NAUDE MIGUEL - RECIBO 1D2.pdf
2025-10-08 13:26:38 | Guardando como: 20251008_132638_gmm1_RENOVACION___POLIZA_580836377__580836377_QUIROZ_NAUDE_MIGUEL_-_RECIBO_1D2.pdf
2025-10-08 13:26:38 | Ruta completa: C:\laragon\www\analizer_files\data\20251008_132638_gmm1_RENOVACION___POLIZA_580836377__580836377_QUIROZ_NAUDE_MIGUEL_-_RECIBO_1D2.pdf
2025-10-08 13:26:38 | ? PDF DESCARGADO EXITOSAMENTE: 20251008_132638_gmm1_RENOVACION___POLIZA_580836377__580836377_QUIROZ_NAUDE_MIGUEL_-_RECIBO_1D2.pdf
2025-10-08 13:26:38 | Adjunto: 580836377 QUIROZ NAUDE MIGUEL - FACTURA.pdf
2025-10-08 13:26:38 | ? Verificación PDF: 580836377 QUIROZ NAUDE MIGUEL - FACTURA.pdf -> EXTENSIÓN VÁLIDA
2025-10-08 13:26:38 | ? PDF ENCONTRADO: 580836377 QUIROZ NAUDE MIGUEL - FACTURA.pdf
2025-10-08 13:26:38 | Guardando como: 20251008_132638_gmm1_RENOVACION___POLIZA_580836377__580836377_QUIROZ_NAUDE_MIGUEL_-_FACTURA.pdf
2025-10-08 13:26:38 | Ruta completa: C:\laragon\www\analizer_files\data\20251008_132638_gmm1_RENOVACION___POLIZA_580836377__580836377_QUIROZ_NAUDE_MIGUEL_-_FACTURA.pdf
2025-10-08 13:26:38 | ? PDF DESCARGADO EXITOSAMENTE: 20251008_132638_gmm1_RENOVACION___POLIZA_580836377__580836377_QUIROZ_NAUDE_MIGUEL_-_FACTURA.pdf
2025-10-08 13:26:38 | Adjunto: image001.png
2025-10-08 13:26:38 | ? Verificación PDF: image001.png -> NO es PDF
2025-10-08 13:26:38 | Adjunto: image005.png
2025-10-08 13:26:38 | ? Verificación PDF: image005.png -> NO es PDF
2025-10-08 13:26:38 | Adjunto: image008.png
2025-10-08 13:26:38 | ? Verificación PDF: image008.png -> NO es PDF
2025-10-08 13:26:38 | Adjunto: image010.png
2025-10-08 13:26:38 | ? Verificación PDF: image010.png -> NO es PDF
2025-10-08 13:26:38 | RESUMEN: 3 PDFs encontrados, 3 descargados
2025-10-08 13:37:20 | ?? NUEVO CORREO DETECTADO - Iniciando procesamiento...
2025-10-08 13:37:20 | === PROCESANDO CORREO ENTRANTE ===
2025-10-08 13:37:20 | Asunto: PRODUCCION AUTOS Y VIDA 08/10/2025 (1)
2025-10-08 13:37:20 | Remitente: Acevedo Couttolenc / Fabiola Garnica Esquivel
2025-10-08 13:37:20 | ?? Detectada cuenta EXCHANGE, extrayendo email real...
2025-10-08 13:37:20 | ? Email REAL obtenido de Exchange: sistemas3@ACEVEDOCOUTTOLENC.COM
2025-10-08 13:37:20 | Email remitente: sistemas3@acevedocouttolenc.com
2025-10-08 13:37:20 | Dominio detectado: acevedocouttolenc.com
2025-10-08 13:37:20 | ?? Comparando dominio: acevedocouttolenc.com vs acevedocouttolenc.com
2025-10-08 13:37:20 | ? DOMINIO COINCIDE
2025-10-08 13:37:20 | ? CORREO ACEPTADO - Dominio coincide
2025-10-08 13:37:20 | Buscando adjuntos. Total: 1
2025-10-08 13:37:20 | Adjunto: image001.png
2025-10-08 13:37:20 | ? Verificación PDF: image001.png -> NO es PDF
2025-10-08 13:37:20 | RESUMEN: 0 PDFs encontrados, 0 descargados
2025-10-08 13:44:18 | ?? NUEVO CORREO DETECTADO - Iniciando procesamiento...
2025-10-08 13:44:18 | === PROCESANDO CORREO ENTRANTE ===
2025-10-08 13:44:18 | Asunto: RE: RENOVACIÓN PÓLIZA DE VIDA INDIVIDUAL 48214134/ 48214167/ 48235220/ 48235402 QUIROZ AMEZAGA RICARDO
2025-10-08 13:44:18 | Remitente: Alejandra Madrid
2025-10-08 13:44:18 | ? Email obtenido por SenderEmailAddress: alejandra.madrid@la-josefina.com
2025-10-08 13:44:18 | Email remitente: alejandra.madrid@la-josefina.com
2025-10-08 13:44:18 | Dominio detectado: la-josefina.com
2025-10-08 13:44:18 | ?? Comparando dominio: la-josefina.com vs acevedocouttolenc.com
2025-10-08 13:44:18 | ? DOMINIO NO COINCIDE
2025-10-08 13:44:18 | ? CORREO RECHAZADO - Dominio NO coincide. Esperado: acevedocouttolenc.com
2025-10-08 15:44:03 | ?? NUEVO CORREO DETECTADO - Iniciando procesamiento...
2025-10-08 15:44:03 | === PROCESANDO CORREO ENTRANTE ===
2025-10-08 15:44:03 | Asunto: RENOVACION / POLIZA 636584344 / ALONSO ECHEGUREN ROJAS
2025-10-08 15:44:03 | Remitente: Acevedo Couttolenc / Vianney Espinosa
2025-10-08 15:44:03 | ?? Detectada cuenta EXCHANGE, extrayendo email real...
2025-10-08 15:44:03 | ? Email REAL obtenido de Exchange: gmm1@ACEVEDOCOUTTOLENC.COM
2025-10-08 15:44:03 | Email remitente: gmm1@acevedocouttolenc.com
2025-10-08 15:44:03 | Dominio detectado: acevedocouttolenc.com
2025-10-08 15:44:03 | ?? Comparando dominio: acevedocouttolenc.com vs acevedocouttolenc.com
2025-10-08 15:44:03 | ? DOMINIO COINCIDE
2025-10-08 15:44:03 | ? CORREO ACEPTADO - Dominio coincide
2025-10-08 15:44:03 | Buscando adjuntos. Total: 11
2025-10-08 15:44:03 | Adjunto: image004.png
2025-10-08 15:44:03 | ? Verificación PDF: image004.png -> NO es PDF
2025-10-08 15:44:03 | Adjunto: image007.png
2025-10-08 15:44:03 | ? Verificación PDF: image007.png -> NO es PDF
2025-10-08 15:44:03 | Adjunto: 636584344 ECHEGUREN ROJAS ALONSO.pdf
2025-10-08 15:44:03 | ? Verificación PDF: 636584344 ECHEGUREN ROJAS ALONSO.pdf -> EXTENSIÓN VÁLIDA
2025-10-08 15:44:03 | ? PDF ENCONTRADO: 636584344 ECHEGUREN ROJAS ALONSO.pdf
2025-10-08 15:44:03 | Guardando como: 20251008_154403_gmm1_RENOVACION___POLIZA_636584344__636584344_ECHEGUREN_ROJAS_ALONSO.pdf
2025-10-08 15:44:03 | Ruta completa: C:\laragon\www\analizer_files\data\20251008_154403_gmm1_RENOVACION___POLIZA_636584344__636584344_ECHEGUREN_ROJAS_ALONSO.pdf
2025-10-08 15:44:03 | ? PDF DESCARGADO EXITOSAMENTE: 20251008_154403_gmm1_RENOVACION___POLIZA_636584344__636584344_ECHEGUREN_ROJAS_ALONSO.pdf
2025-10-08 15:44:03 | Adjunto: 636584344 ECHEGUREN ROJAS ALONSO - RECIBO.pdf
2025-10-08 15:44:03 | ? Verificación PDF: 636584344 ECHEGUREN ROJAS ALONSO - RECIBO.pdf -> EXTENSIÓN VÁLIDA
2025-10-08 15:44:03 | ? PDF ENCONTRADO: 636584344 ECHEGUREN ROJAS ALONSO - RECIBO.pdf
2025-10-08 15:44:03 | Guardando como: 20251008_154403_gmm1_RENOVACION___POLIZA_636584344__636584344_ECHEGUREN_ROJAS_ALONSO_-_RECIBO.pdf
2025-10-08 15:44:03 | Ruta completa: C:\laragon\www\analizer_files\data\20251008_154403_gmm1_RENOVACION___POLIZA_636584344__636584344_ECHEGUREN_ROJAS_ALONSO_-_RECIBO.pdf
2025-10-08 15:44:03 | ? PDF DESCARGADO EXITOSAMENTE: 20251008_154403_gmm1_RENOVACION___POLIZA_636584344__636584344_ECHEGUREN_ROJAS_ALONSO_-_RECIBO.pdf
2025-10-08 15:44:03 | Adjunto: 636584344 ECHEGUREN ROJAS ALONSO - FACTURA.pdf
2025-10-08 15:44:03 | ? Verificación PDF: 636584344 ECHEGUREN ROJAS ALONSO - FACTURA.pdf -> EXTENSIÓN VÁLIDA
2025-10-08 15:44:03 | ? PDF ENCONTRADO: 636584344 ECHEGUREN ROJAS ALONSO - FACTURA.pdf
2025-10-08 15:44:03 | Guardando como: 20251008_154403_gmm1_RENOVACION___POLIZA_636584344__636584344_ECHEGUREN_ROJAS_ALONSO_-_FACTURA.pdf
2025-10-08 15:44:03 | Ruta completa: C:\laragon\www\analizer_files\data\20251008_154403_gmm1_RENOVACION___POLIZA_636584344__636584344_ECHEGUREN_ROJAS_ALONSO_-_FACTURA.pdf
2025-10-08 15:44:03 | ? PDF DESCARGADO EXITOSAMENTE: 20251008_154403_gmm1_RENOVACION___POLIZA_636584344__636584344_ECHEGUREN_ROJAS_ALONSO_-_FACTURA.pdf
2025-10-08 15:44:03 | Adjunto: 636584344 ECHEGUREN ROJAS ALONSO - FACTURA.xml
2025-10-08 15:44:03 | ? Verificación PDF: 636584344 ECHEGUREN ROJAS ALONSO - FACTURA.xml -> NO es PDF
2025-10-08 15:44:03 | Adjunto: image001.png
2025-10-08 15:44:03 | ? Verificación PDF: image001.png -> NO es PDF
2025-10-08 15:44:03 | Adjunto: image010.png
2025-10-08 15:44:03 | ? Verificación PDF: image010.png -> NO es PDF
2025-10-08 15:44:03 | Adjunto: image011.png
2025-10-08 15:44:03 | ? Verificación PDF: image011.png -> NO es PDF
2025-10-08 15:44:03 | Adjunto: image012.png
2025-10-08 15:44:03 | ? Verificación PDF: image012.png -> NO es PDF
2025-10-08 15:44:03 | Adjunto: PREMIER.zip
2025-10-08 15:44:03 | ? Verificación PDF: PREMIER.zip -> NO es PDF
2025-10-08 15:44:03 | RESUMEN: 3 PDFs encontrados, 3 descargados
2025-10-08 16:16:00 | ?? NUEVO CORREO DETECTADO - Iniciando procesamiento...
2025-10-08 16:16:00 | === PROCESANDO CORREO ENTRANTE ===
2025-10-08 16:16:00 | Asunto: RV: FLOTILLA ATRIA HOGAR
2025-10-08 16:16:00 | Remitente: Acevedo Couttolenc / Abraham Pelcastre
2025-10-08 16:16:00 | ?? Detectada cuenta EXCHANGE, extrayendo email real...
2025-10-08 16:16:00 | ? Email REAL obtenido de Exchange: autos2@ACEVEDOCOUTTOLENC.COM
2025-10-08 16:16:00 | Email remitente: autos2@acevedocouttolenc.com
2025-10-08 16:16:00 | Dominio detectado: acevedocouttolenc.com
2025-10-08 16:16:00 | ?? Comparando dominio: acevedocouttolenc.com vs acevedocouttolenc.com
2025-10-08 16:16:00 | ? DOMINIO COINCIDE
2025-10-08 16:16:00 | ? CORREO ACEPTADO - Dominio coincide
2025-10-08 16:16:00 | Buscando adjuntos. Total: 15
2025-10-08 16:16:00 | Adjunto: POLIZA 19489 S10 MAX CHASIS CABINA 4X2 STD.pdf
2025-10-08 16:16:01 | ? Verificación PDF: POLIZA 19489 S10 MAX CHASIS CABINA 4X2 STD.pdf -> EXTENSIÓN VÁLIDA
2025-10-08 16:16:01 | ? PDF ENCONTRADO: POLIZA 19489 S10 MAX CHASIS CABINA 4X2 STD.pdf
2025-10-08 16:16:01 | Guardando como: 20251008_161601_autos2_RV__FLOTILLA_ATRIA_HOGAR_POLIZA_19489_S10_MAX_CHASIS_CABINA_4X2_STD.pdf
2025-10-08 16:16:01 | Ruta completa: C:\laragon\www\analizer_files\data\20251008_161601_autos2_RV__FLOTILLA_ATRIA_HOGAR_POLIZA_19489_S10_MAX_CHASIS_CABINA_4X2_STD.pdf
2025-10-08 16:16:01 | ? PDF DESCARGADO EXITOSAMENTE: 20251008_161601_autos2_RV__FLOTILLA_ATRIA_HOGAR_POLIZA_19489_S10_MAX_CHASIS_CABINA_4X2_STD.pdf
2025-10-08 16:16:01 | Adjunto: RECBIO 19489 S10 MAX CHASIS CABINA 4X2 STD.pdf
2025-10-08 16:16:01 | ? Verificación PDF: RECBIO 19489 S10 MAX CHASIS CABINA 4X2 STD.pdf -> EXTENSIÓN VÁLIDA
2025-10-08 16:16:01 | ? PDF ENCONTRADO: RECBIO 19489 S10 MAX CHASIS CABINA 4X2 STD.pdf
2025-10-08 16:16:01 | Guardando como: 20251008_161601_autos2_RV__FLOTILLA_ATRIA_HOGAR_RECBIO_19489_S10_MAX_CHASIS_CABINA_4X2_STD.pdf
2025-10-08 16:16:01 | Ruta completa: C:\laragon\www\analizer_files\data\20251008_161601_autos2_RV__FLOTILLA_ATRIA_HOGAR_RECBIO_19489_S10_MAX_CHASIS_CABINA_4X2_STD.pdf
2025-10-08 16:16:01 | ? PDF DESCARGADO EXITOSAMENTE: 20251008_161601_autos2_RV__FLOTILLA_ATRIA_HOGAR_RECBIO_19489_S10_MAX_CHASIS_CABINA_4X2_STD.pdf
2025-10-08 16:16:01 | Adjunto: POLIZA 100019300 RAM 700 SLT REG CAB.pdf
2025-10-08 16:16:01 | ? Verificación PDF: POLIZA 100019300 RAM 700 SLT REG CAB.pdf -> EXTENSIÓN VÁLIDA
2025-10-08 16:16:01 | ? PDF ENCONTRADO: POLIZA 100019300 RAM 700 SLT REG CAB.pdf
2025-10-08 16:16:01 | Guardando como: 20251008_161601_autos2_RV__FLOTILLA_ATRIA_HOGAR_POLIZA_100019300_RAM_700_SLT_REG_CAB.pdf
2025-10-08 16:16:01 | Ruta completa: C:\laragon\www\analizer_files\data\20251008_161601_autos2_RV__FLOTILLA_ATRIA_HOGAR_POLIZA_100019300_RAM_700_SLT_REG_CAB.pdf
2025-10-08 16:16:01 | ? PDF DESCARGADO EXITOSAMENTE: 20251008_161601_autos2_RV__FLOTILLA_ATRIA_HOGAR_POLIZA_100019300_RAM_700_SLT_REG_CAB.pdf
2025-10-08 16:16:01 | Adjunto: POLIZA 100077857 VERSA SENSE TM.pdf
2025-10-08 16:16:01 | ? Verificación PDF: POLIZA 100077857 VERSA SENSE TM.pdf -> EXTENSIÓN VÁLIDA
2025-10-08 16:16:01 | ? PDF ENCONTRADO: POLIZA 100077857 VERSA SENSE TM.pdf
2025-10-08 16:16:01 | Guardando como: 20251008_161601_autos2_RV__FLOTILLA_ATRIA_HOGAR_POLIZA_100077857_VERSA_SENSE_TM.pdf
2025-10-08 16:16:01 | Ruta completa: C:\laragon\www\analizer_files\data\20251008_161601_autos2_RV__FLOTILLA_ATRIA_HOGAR_POLIZA_100077857_VERSA_SENSE_TM.pdf
2025-10-08 16:16:01 | ? PDF DESCARGADO EXITOSAMENTE: 20251008_161601_autos2_RV__FLOTILLA_ATRIA_HOGAR_POLIZA_100077857_VERSA_SENSE_TM.pdf
2025-10-08 16:16:01 | Adjunto: POLIZA 100077858 208 ALLURE PACK 1.2L 110HP.pdf
2025-10-08 16:16:01 | ? Verificación PDF: POLIZA 100077858 208 ALLURE PACK 1.2L 110HP.pdf -> EXTENSIÓN VÁLIDA
2025-10-08 16:16:01 | ? PDF ENCONTRADO: POLIZA 100077858 208 ALLURE PACK 1.2L 110HP.pdf
2025-10-08 16:16:01 | Guardando como: 20251008_161601_autos2_RV__FLOTILLA_ATRIA_HOGAR_POLIZA_100077858_208_ALLURE_PACK_1.2L_110HP.pdf
2025-10-08 16:16:01 | Ruta completa: C:\laragon\www\analizer_files\data\20251008_161601_autos2_RV__FLOTILLA_ATRIA_HOGAR_POLIZA_100077858_208_ALLURE_PACK_1.2L_110HP.pdf
2025-10-08 16:16:01 | ? PDF DESCARGADO EXITOSAMENTE: 20251008_161601_autos2_RV__FLOTILLA_ATRIA_HOGAR_POLIZA_100077858_208_ALLURE_PACK_1.2L_110HP.pdf
2025-10-08 16:16:01 | Adjunto: POLIZA 100080743 FORD FIGO ENERGY TM.pdf
2025-10-08 16:16:01 | ? Verificación PDF: POLIZA 100080743 FORD FIGO ENERGY TM.pdf -> EXTENSIÓN VÁLIDA
2025-10-08 16:16:01 | ? PDF ENCONTRADO: POLIZA 100080743 FORD FIGO ENERGY TM.pdf
2025-10-08 16:16:01 | Guardando como: 20251008_161601_autos2_RV__FLOTILLA_ATRIA_HOGAR_POLIZA_100080743_FORD_FIGO_ENERGY_TM.pdf
2025-10-08 16:16:01 | Ruta completa: C:\laragon\www\analizer_files\data\20251008_161601_autos2_RV__FLOTILLA_ATRIA_HOGAR_POLIZA_100080743_FORD_FIGO_ENERGY_TM.pdf
2025-10-08 16:16:01 | ? PDF DESCARGADO EXITOSAMENTE: 20251008_161601_autos2_RV__FLOTILLA_ATRIA_HOGAR_POLIZA_100080743_FORD_FIGO_ENERGY_TM.pdf
2025-10-08 16:16:01 | Adjunto: POLIZA 100080748 FORD LOBO RAPTOR HIGH CREW.pdf
2025-10-08 16:16:01 | ? Verificación PDF: POLIZA 100080748 FORD LOBO RAPTOR HIGH CREW.pdf -> EXTENSIÓN VÁLIDA
2025-10-08 16:16:01 | ? PDF ENCONTRADO: POLIZA 100080748 FORD LOBO RAPTOR HIGH CREW.pdf
2025-10-08 16:16:01 | Guardando como: 20251008_161601_autos2_RV__FLOTILLA_ATRIA_HOGAR_POLIZA_100080748_FORD_LOBO_RAPTOR_HIGH_CREW.pdf
2025-10-08 16:16:01 | Ruta completa: C:\laragon\www\analizer_files\data\20251008_161601_autos2_RV__FLOTILLA_ATRIA_HOGAR_POLIZA_100080748_FORD_LOBO_RAPTOR_HIGH_CREW.pdf
2025-10-08 16:16:01 | ? PDF DESCARGADO EXITOSAMENTE: 20251008_161601_autos2_RV__FLOTILLA_ATRIA_HOGAR_POLIZA_100080748_FORD_LOBO_RAPTOR_HIGH_CREW.pdf
2025-10-08 16:16:01 | Adjunto: POLIZA 100081912 TOYOTA RAV 4 XLE 2.5.pdf
2025-10-08 16:16:01 | ? Verificación PDF: POLIZA 100081912 TOYOTA RAV 4 XLE 2.5.pdf -> EXTENSIÓN VÁLIDA
2025-10-08 16:16:01 | ? PDF ENCONTRADO: POLIZA 100081912 TOYOTA RAV 4 XLE 2.5.pdf
2025-10-08 16:16:01 | Guardando como: 20251008_161601_autos2_RV__FLOTILLA_ATRIA_HOGAR_POLIZA_100081912_TOYOTA_RAV_4_XLE_2.5.pdf
2025-10-08 16:16:01 | Ruta completa: C:\laragon\www\analizer_files\data\20251008_161601_autos2_RV__FLOTILLA_ATRIA_HOGAR_POLIZA_100081912_TOYOTA_RAV_4_XLE_2.5.pdf
2025-10-08 16:16:01 | ? PDF DESCARGADO EXITOSAMENTE: 20251008_161601_autos2_RV__FLOTILLA_ATRIA_HOGAR_POLIZA_100081912_TOYOTA_RAV_4_XLE_2.5.pdf
2025-10-08 16:16:01 | Adjunto: ATRIA LISTADO DE UNIDADES.pdf
2025-10-08 16:16:01 | ? Verificación PDF: ATRIA LISTADO DE UNIDADES.pdf -> EXTENSIÓN VÁLIDA
2025-10-08 16:16:01 | ? PDF ENCONTRADO: ATRIA LISTADO DE UNIDADES.pdf
2025-10-08 16:16:01 | Guardando como: 20251008_161601_autos2_RV__FLOTILLA_ATRIA_HOGAR_ATRIA_LISTADO_DE_UNIDADES.pdf
2025-10-08 16:16:01 | Ruta completa: C:\laragon\www\analizer_files\data\20251008_161601_autos2_RV__FLOTILLA_ATRIA_HOGAR_ATRIA_LISTADO_DE_UNIDADES.pdf
2025-10-08 16:16:02 | ? PDF DESCARGADO EXITOSAMENTE: 20251008_161601_autos2_RV__FLOTILLA_ATRIA_HOGAR_ATRIA_LISTADO_DE_UNIDADES.pdf
2025-10-08 16:16:02 | Adjunto: ANEXO Robo Parcial.pdf
2025-10-08 16:16:02 | ? Verificación PDF: ANEXO Robo Parcial.pdf -> EXTENSIÓN VÁLIDA
2025-10-08 16:16:02 | ? PDF ENCONTRADO: ANEXO Robo Parcial.pdf
2025-10-08 16:16:02 | Guardando como: 20251008_161602_autos2_RV__FLOTILLA_ATRIA_HOGAR_ANEXO_Robo_Parcial.pdf
2025-10-08 16:16:02 | Ruta completa: C:\laragon\www\analizer_files\data\20251008_161602_autos2_RV__FLOTILLA_ATRIA_HOGAR_ANEXO_Robo_Parcial.pdf
2025-10-08 16:16:02 | ? PDF DESCARGADO EXITOSAMENTE: 20251008_161602_autos2_RV__FLOTILLA_ATRIA_HOGAR_ANEXO_Robo_Parcial.pdf
2025-10-08 16:16:02 | Adjunto: CONDICIONES GENERALES SURA AUTOS.zip
2025-10-08 16:16:02 | ? Verificación PDF: CONDICIONES GENERALES SURA AUTOS.zip -> NO es PDF
2025-10-08 16:16:02 | Adjunto: REPORTE SINIESTRO SURA.jpeg
2025-10-08 16:16:02 | ? Verificación PDF: REPORTE SINIESTRO SURA.jpeg -> NO es PDF
2025-10-08 16:16:02 | Adjunto: CONDICIONES GENERALES SURA CAMIONES.pdf
2025-10-08 16:16:02 | ? Verificación PDF: CONDICIONES GENERALES SURA CAMIONES.pdf -> EXTENSIÓN VÁLIDA
2025-10-08 16:16:02 | ? PDF ENCONTRADO: CONDICIONES GENERALES SURA CAMIONES.pdf
2025-10-08 16:16:02 | Guardando como: 20251008_161602_autos2_RV__FLOTILLA_ATRIA_HOGAR_CONDICIONES_GENERALES_SURA_CAMIONES.pdf
2025-10-08 16:16:02 | Ruta completa: C:\laragon\www\analizer_files\data\20251008_161602_autos2_RV__FLOTILLA_ATRIA_HOGAR_CONDICIONES_GENERALES_SURA_CAMIONES.pdf
2025-10-08 16:16:02 | ? PDF DESCARGADO EXITOSAMENTE: 20251008_161602_autos2_RV__FLOTILLA_ATRIA_HOGAR_CONDICIONES_GENERALES_SURA_CAMIONES.pdf
2025-10-08 16:16:02 | Adjunto: image003.png
2025-10-08 16:16:02 | ? Verificación PDF: image003.png -> NO es PDF
2025-10-08 16:16:02 | Adjunto: image004.png
2025-10-08 16:16:02 | ? Verificación PDF: image004.png -> NO es PDF
2025-10-08 16:16:02 | RESUMEN: 11 PDFs encontrados, 11 descargados
2025-10-08 16:27:56 | ?? NUEVO CORREO DETECTADO - Iniciando procesamiento...
2025-10-08 16:27:56 | === PROCESANDO CORREO ENTRANTE ===
2025-10-08 16:27:56 | Asunto: 19490 - 0	CARLOS ALBERTO ALVAREZ PELLON	MITSUBISHI L200 4PTAS GSR MOD. 2025
2025-10-08 16:27:56 | Remitente: Acevedo Couttolenc / Abraham Pelcastre
2025-10-08 16:27:56 | ?? Detectada cuenta EXCHANGE, extrayendo email real...
2025-10-08 16:27:56 | ? Email REAL obtenido de Exchange: autos2@ACEVEDOCOUTTOLENC.COM
2025-10-08 16:27:56 | Email remitente: autos2@acevedocouttolenc.com
2025-10-08 16:27:56 | Dominio detectado: acevedocouttolenc.com
2025-10-08 16:27:56 | ?? Comparando dominio: acevedocouttolenc.com vs acevedocouttolenc.com
2025-10-08 16:27:56 | ? DOMINIO COINCIDE
2025-10-08 16:27:56 | ? CORREO ACEPTADO - Dominio coincide
2025-10-08 16:27:56 | Buscando adjuntos. Total: 6
2025-10-08 16:27:56 | Adjunto: RECIBO  19490 MITSUBISHI L200 4PTAS GSR.pdf
2025-10-08 16:27:56 | ? Verificación PDF: RECIBO  19490 MITSUBISHI L200 4PTAS GSR.pdf -> EXTENSIÓN VÁLIDA
2025-10-08 16:27:56 | ? PDF ENCONTRADO: RECIBO  19490 MITSUBISHI L200 4PTAS GSR.pdf
2025-10-08 16:27:56 | Guardando como: 20251008_162756_autos2_19490_-_0_CARLOS_ALBERTO_ALVAR_RECIBO__19490_MITSUBISHI_L200_4PTAS_GSR.pdf
2025-10-08 16:27:56 | Ruta completa: C:\laragon\www\analizer_files\data\20251008_162756_autos2_19490_-_0_CARLOS_ALBERTO_ALVAR_RECIBO__19490_MITSUBISHI_L200_4PTAS_GSR.pdf
2025-10-08 16:27:56 | ? PDF DESCARGADO EXITOSAMENTE: 20251008_162756_autos2_19490_-_0_CARLOS_ALBERTO_ALVAR_RECIBO__19490_MITSUBISHI_L200_4PTAS_GSR.pdf
2025-10-08 16:27:56 | Adjunto: POLIZA 19490 MITSUBISHI L200 4PTAS GSR.pdf
2025-10-08 16:27:56 | ? Verificación PDF: POLIZA 19490 MITSUBISHI L200 4PTAS GSR.pdf -> EXTENSIÓN VÁLIDA
2025-10-08 16:27:56 | ? PDF ENCONTRADO: POLIZA 19490 MITSUBISHI L200 4PTAS GSR.pdf
2025-10-08 16:27:56 | Guardando como: 20251008_162756_autos2_19490_-_0_CARLOS_ALBERTO_ALVAR_POLIZA_19490_MITSUBISHI_L200_4PTAS_GSR.pdf
2025-10-08 16:27:56 | Ruta completa: C:\laragon\www\analizer_files\data\20251008_162756_autos2_19490_-_0_CARLOS_ALBERTO_ALVAR_POLIZA_19490_MITSUBISHI_L200_4PTAS_GSR.pdf
2025-10-08 16:27:56 | ? PDF DESCARGADO EXITOSAMENTE: 20251008_162756_autos2_19490_-_0_CARLOS_ALBERTO_ALVAR_POLIZA_19490_MITSUBISHI_L200_4PTAS_GSR.pdf
2025-10-08 16:27:56 | Adjunto: CONDICIONES GENERALES SURA CAMIONES.pdf
2025-10-08 16:27:56 | ? Verificación PDF: CONDICIONES GENERALES SURA CAMIONES.pdf -> EXTENSIÓN VÁLIDA
2025-10-08 16:27:56 | ? PDF ENCONTRADO: CONDICIONES GENERALES SURA CAMIONES.pdf
2025-10-08 16:27:56 | Guardando como: 20251008_162756_autos2_19490_-_0_CARLOS_ALBERTO_ALVAR_CONDICIONES_GENERALES_SURA_CAMIONES.pdf
2025-10-08 16:27:56 | Ruta completa: C:\laragon\www\analizer_files\data\20251008_162756_autos2_19490_-_0_CARLOS_ALBERTO_ALVAR_CONDICIONES_GENERALES_SURA_CAMIONES.pdf
2025-10-08 16:27:56 | ? PDF DESCARGADO EXITOSAMENTE: 20251008_162756_autos2_19490_-_0_CARLOS_ALBERTO_ALVAR_CONDICIONES_GENERALES_SURA_CAMIONES.pdf
2025-10-08 16:27:56 | Adjunto: REPORTE SINIESTRO SURA.jpeg
2025-10-08 16:27:56 | ? Verificación PDF: REPORTE SINIESTRO SURA.jpeg -> NO es PDF
2025-10-08 16:27:56 | Adjunto: image003.png
2025-10-08 16:27:56 | ? Verificación PDF: image003.png -> NO es PDF
2025-10-08 16:27:56 | Adjunto: image002.png
2025-10-08 16:27:56 | ? Verificación PDF: image002.png -> NO es PDF
2025-10-08 16:27:56 | RESUMEN: 3 PDFs encontrados, 3 descargados
2025-10-08 16:40:40 | ?? NUEVO CORREO DETECTADO - Iniciando procesamiento...
2025-10-08 16:40:40 | === PROCESANDO CORREO ENTRANTE ===
2025-10-08 16:40:40 | Asunto: RE: FLOTILLA ATRIA HOGAR
2025-10-08 16:40:40 | Remitente: Del Valle Carpinteiro Alfredo
2025-10-08 16:40:40 | ? Email obtenido por SenderEmailAddress: Alfredo.DelValle@segurossura.com.mx
2025-10-08 16:40:40 | Email remitente: alfredo.delvalle@segurossura.com.mx
2025-10-08 16:40:40 | Dominio detectado: segurossura.com.mx
2025-10-08 16:40:40 | ?? Comparando dominio: segurossura.com.mx vs acevedocouttolenc.com
2025-10-08 16:40:40 | ? DOMINIO NO COINCIDE
2025-10-08 16:40:40 | ? CORREO RECHAZADO - Dominio NO coincide. Esperado: acevedocouttolenc.com
2025-10-08 16:42:35 | ?? NUEVO CORREO DETECTADO - Iniciando procesamiento...
2025-10-08 16:42:35 | === PROCESANDO CORREO ENTRANTE ===
2025-10-08 16:42:35 | Asunto: RENOVACION POLIZA 130759 GALLINA COUTTOLENC HUMBERTO / FERNANDEZ IZAGUIRRE MARIA LAURA 
2025-10-08 16:42:35 | Remitente: Acevedo Couttolenc / Adriana Benitez Garcia
2025-10-08 16:42:35 | ?? Detectada cuenta EXCHANGE, extrayendo email real...
2025-10-08 16:42:35 | ? Email REAL obtenido de Exchange: gmm2@ACEVEDOCOUTTOLENC.COM
2025-10-08 16:42:35 | Email remitente: gmm2@acevedocouttolenc.com
2025-10-08 16:42:35 | Dominio detectado: acevedocouttolenc.com
2025-10-08 16:42:35 | ?? Comparando dominio: acevedocouttolenc.com vs acevedocouttolenc.com
2025-10-08 16:42:35 | ? DOMINIO COINCIDE
2025-10-08 16:42:35 | ? CORREO ACEPTADO - Dominio coincide
2025-10-08 16:42:35 | Buscando adjuntos. Total: 5
2025-10-08 16:42:35 | Adjunto: image007.png
2025-10-08 16:42:35 | ? Verificación PDF: image007.png -> NO es PDF
2025-10-08 16:42:35 | Adjunto: image008.jpg
2025-10-08 16:42:35 | ? Verificación PDF: image008.jpg -> NO es PDF
2025-10-08 16:42:35 | Adjunto: 130759 GALLINA COUTTOLENC HUMBERTO.pdf
2025-10-08 16:42:35 | ? Verificación PDF: 130759 GALLINA COUTTOLENC HUMBERTO.pdf -> EXTENSIÓN VÁLIDA
2025-10-08 16:42:35 | ? PDF ENCONTRADO: 130759 GALLINA COUTTOLENC HUMBERTO.pdf
2025-10-08 16:42:35 | Guardando como: 20251008_164235_gmm2_RENOVACION_POLIZA_130759_GALLI_130759_GALLINA_COUTTOLENC_HUMBERTO.pdf
2025-10-08 16:42:35 | Ruta completa: C:\laragon\www\analizer_files\data\20251008_164235_gmm2_RENOVACION_POLIZA_130759_GALLI_130759_GALLINA_COUTTOLENC_HUMBERTO.pdf
2025-10-08 16:42:35 | ? PDF DESCARGADO EXITOSAMENTE: 20251008_164235_gmm2_RENOVACION_POLIZA_130759_GALLI_130759_GALLINA_COUTTOLENC_HUMBERTO.pdf
2025-10-08 16:42:35 | Adjunto: 130759 GALLINA COUTTOLENC HUMBERTO - RECIBO.pdf
2025-10-08 16:42:35 | ? Verificación PDF: 130759 GALLINA COUTTOLENC HUMBERTO - RECIBO.pdf -> EXTENSIÓN VÁLIDA
2025-10-08 16:42:35 | ? PDF ENCONTRADO: 130759 GALLINA COUTTOLENC HUMBERTO - RECIBO.pdf
2025-10-08 16:42:35 | Guardando como: 20251008_164235_gmm2_RENOVACION_POLIZA_130759_GALLI_130759_GALLINA_COUTTOLENC_HUMBERTO_-_RECIBO.pdf
2025-10-08 16:42:35 | Ruta completa: C:\laragon\www\analizer_files\data\20251008_164235_gmm2_RENOVACION_POLIZA_130759_GALLI_130759_GALLINA_COUTTOLENC_HUMBERTO_-_RECIBO.pdf
2025-10-08 16:42:36 | ? PDF DESCARGADO EXITOSAMENTE: 20251008_164235_gmm2_RENOVACION_POLIZA_130759_GALLI_130759_GALLINA_COUTTOLENC_HUMBERTO_-_RECIBO.pdf
2025-10-08 16:42:36 | Adjunto: GLOBAL SELECT HEALTH.zip
2025-10-08 16:42:36 | ? Verificación PDF: GLOBAL SELECT HEALTH.zip -> NO es PDF
2025-10-08 16:42:36 | RESUMEN: 2 PDFs encontrados, 2 descargados
2025-10-08 17:38:27 | ?? NUEVO CORREO DETECTADO - Iniciando procesamiento...
2025-10-08 17:38:27 | === PROCESANDO CORREO ENTRANTE ===
2025-10-08 17:38:27 | Asunto: RENOVACION / POLIZA 0000698592 / MARIA EUGENIA DE GUADALUPE ESPINOSA GONZALEZ
2025-10-08 17:38:27 | Remitente: Acevedo Couttolenc / Vianney Espinosa
2025-10-08 17:38:27 | ?? Detectada cuenta EXCHANGE, extrayendo email real...
2025-10-08 17:38:27 | ? Email REAL obtenido de Exchange: gmm1@ACEVEDOCOUTTOLENC.COM
2025-10-08 17:38:27 | Email remitente: gmm1@acevedocouttolenc.com
2025-10-08 17:38:27 | Dominio detectado: acevedocouttolenc.com
2025-10-08 17:38:27 | ?? Comparando dominio: acevedocouttolenc.com vs acevedocouttolenc.com
2025-10-08 17:38:27 | ? DOMINIO COINCIDE
2025-10-08 17:38:27 | ? CORREO ACEPTADO - Dominio coincide
2025-10-08 17:38:27 | Buscando adjuntos. Total: 10
2025-10-08 17:38:27 | Adjunto: 0000698592_Caratula_GM6029.pdf
2025-10-08 17:38:27 | ? Verificación PDF: 0000698592_Caratula_GM6029.pdf -> EXTENSIÓN VÁLIDA
2025-10-08 17:38:27 | ? PDF ENCONTRADO: 0000698592_Caratula_GM6029.pdf
2025-10-08 17:38:27 | Guardando como: 20251008_173827_gmm1_RENOVACION___POLIZA_0000698592_0000698592_Caratula_GM6029.pdf
2025-10-08 17:38:27 | Ruta completa: C:\laragon\www\analizer_files\data\20251008_173827_gmm1_RENOVACION___POLIZA_0000698592_0000698592_Caratula_GM6029.pdf
2025-10-08 17:38:27 | ? PDF DESCARGADO EXITOSAMENTE: 20251008_173827_gmm1_RENOVACION___POLIZA_0000698592_0000698592_Caratula_GM6029.pdf
2025-10-08 17:38:27 | Adjunto: 0000698592_Endoso_6521722_GM6018.pdf
2025-10-08 17:38:27 | ? Verificación PDF: 0000698592_Endoso_6521722_GM6018.pdf -> EXTENSIÓN VÁLIDA
2025-10-08 17:38:27 | ? PDF ENCONTRADO: 0000698592_Endoso_6521722_GM6018.pdf
2025-10-08 17:38:27 | Guardando como: 20251008_173827_gmm1_RENOVACION___POLIZA_0000698592_0000698592_Endoso_6521722_GM6018.pdf
2025-10-08 17:38:27 | Ruta completa: C:\laragon\www\analizer_files\data\20251008_173827_gmm1_RENOVACION___POLIZA_0000698592_0000698592_Endoso_6521722_GM6018.pdf
2025-10-08 17:38:27 | ? PDF DESCARGADO EXITOSAMENTE: 20251008_173827_gmm1_RENOVACION___POLIZA_0000698592_0000698592_Endoso_6521722_GM6018.pdf
2025-10-08 17:38:27 | Adjunto: Flyer prevencion de fraudes.pdf
2025-10-08 17:38:27 | ? Verificación PDF: Flyer prevencion de fraudes.pdf -> EXTENSIÓN VÁLIDA
2025-10-08 17:38:28 | ? PDF ENCONTRADO: Flyer prevencion de fraudes.pdf
2025-10-08 17:38:28 | Guardando como: 20251008_173828_gmm1_RENOVACION___POLIZA_0000698592_Flyer_prevencion_de_fraudes.pdf
2025-10-08 17:38:28 | Ruta completa: C:\laragon\www\analizer_files\data\20251008_173828_gmm1_RENOVACION___POLIZA_0000698592_Flyer_prevencion_de_fraudes.pdf
2025-10-08 17:38:28 | ? PDF DESCARGADO EXITOSAMENTE: 20251008_173828_gmm1_RENOVACION___POLIZA_0000698592_Flyer_prevencion_de_fraudes.pdf
2025-10-08 17:38:28 | Adjunto: T_0000000000001_ESPINOSA GONZALEZ MARIA EUGENIA DE GUADALUPE.pdf
2025-10-08 17:38:28 | ? Verificación PDF: T_0000000000001_ESPINOSA GONZALEZ MARIA EUGENIA DE GUADALUPE.pdf -> EXTENSIÓN VÁLIDA
2025-10-08 17:38:28 | ? PDF ENCONTRADO: T_0000000000001_ESPINOSA GONZALEZ MARIA EUGENIA DE GUADALUPE.pdf
2025-10-08 17:38:28 | Guardando como: 20251008_173828_gmm1_RENOVACION___POLIZA_0000698592_T_0000000000001_ESPINOSA_GONZALEZ_MARIA_EUGENIA_DE_GUADALUPE.pdf
2025-10-08 17:38:28 | Ruta completa: C:\laragon\www\analizer_files\data\20251008_173828_gmm1_RENOVACION___POLIZA_0000698592_T_0000000000001_ESPINOSA_GONZALEZ_MARIA_EUGENIA_DE_GUADALUPE.pdf
2025-10-08 17:38:28 | ? PDF DESCARGADO EXITOSAMENTE: 20251008_173828_gmm1_RENOVACION___POLIZA_0000698592_T_0000000000001_ESPINOSA_GONZALEZ_MARIA_EUGENIA_DE_GUADALUPE.pdf
2025-10-08 17:38:28 | Adjunto: AVISO_EIGE5212127C6_84917789_0000698592__C.pdf
2025-10-08 17:38:28 | ? Verificación PDF: AVISO_EIGE5212127C6_84917789_0000698592__C.pdf -> EXTENSIÓN VÁLIDA
2025-10-08 17:38:28 | ? PDF ENCONTRADO: AVISO_EIGE5212127C6_84917789_0000698592__C.pdf
2025-10-08 17:38:28 | Guardando como: 20251008_173828_gmm1_RENOVACION___POLIZA_0000698592_AVISO_EIGE5212127C6_84917789_0000698592_C.pdf
2025-10-08 17:38:28 | Ruta completa: C:\laragon\www\analizer_files\data\20251008_173828_gmm1_RENOVACION___POLIZA_0000698592_AVISO_EIGE5212127C6_84917789_0000698592_C.pdf
2025-10-08 17:38:28 | ? PDF DESCARGADO EXITOSAMENTE: 20251008_173828_gmm1_RENOVACION___POLIZA_0000698592_AVISO_EIGE5212127C6_84917789_0000698592_C.pdf
2025-10-08 17:38:28 | Adjunto: AVISO_EIGE5212127C6_84917788_0000698592__C.pdf
2025-10-08 17:38:28 | ? Verificación PDF: AVISO_EIGE5212127C6_84917788_0000698592__C.pdf -> EXTENSIÓN VÁLIDA
2025-10-08 17:38:28 | ? PDF ENCONTRADO: AVISO_EIGE5212127C6_84917788_0000698592__C.pdf
2025-10-08 17:38:28 | Guardando como: 20251008_173828_gmm1_RENOVACION___POLIZA_0000698592_AVISO_EIGE5212127C6_84917788_0000698592_C.pdf
2025-10-08 17:38:28 | Ruta completa: C:\laragon\www\analizer_files\data\20251008_173828_gmm1_RENOVACION___POLIZA_0000698592_AVISO_EIGE5212127C6_84917788_0000698592_C.pdf
2025-10-08 17:38:28 | ? PDF DESCARGADO EXITOSAMENTE: 20251008_173828_gmm1_RENOVACION___POLIZA_0000698592_AVISO_EIGE5212127C6_84917788_0000698592_C.pdf
2025-10-08 17:38:28 | Adjunto: 0000698592_Textos_Normales_GM6012.pdf
2025-10-08 17:38:28 | ? Verificación PDF: 0000698592_Textos_Normales_GM6012.pdf -> EXTENSIÓN VÁLIDA
2025-10-08 17:38:28 | ? PDF ENCONTRADO: 0000698592_Textos_Normales_GM6012.pdf
2025-10-08 17:38:28 | Guardando como: 20251008_173828_gmm1_RENOVACION___POLIZA_0000698592_0000698592_Textos_Normales_GM6012.pdf
2025-10-08 17:38:28 | Ruta completa: C:\laragon\www\analizer_files\data\20251008_173828_gmm1_RENOVACION___POLIZA_0000698592_0000698592_Textos_Normales_GM6012.pdf
2025-10-08 17:38:28 | ? PDF DESCARGADO EXITOSAMENTE: 20251008_173828_gmm1_RENOVACION___POLIZA_0000698592_0000698592_Textos_Normales_GM6012.pdf
2025-10-08 17:38:28 | Adjunto: CG MedicaLife Familiar Antes 2021.pdf
2025-10-08 17:38:28 | ? Verificación PDF: CG MedicaLife Familiar Antes 2021.pdf -> EXTENSIÓN VÁLIDA
2025-10-08 17:38:28 | ? PDF ENCONTRADO: CG MedicaLife Familiar Antes 2021.pdf
2025-10-08 17:38:28 | Guardando como: 20251008_173828_gmm1_RENOVACION___POLIZA_0000698592_CG_MedicaLife_Familiar_Antes_2021.pdf
2025-10-08 17:38:28 | Ruta completa: C:\laragon\www\analizer_files\data\20251008_173828_gmm1_RENOVACION___POLIZA_0000698592_CG_MedicaLife_Familiar_Antes_2021.pdf
2025-10-08 17:38:29 | ? PDF DESCARGADO EXITOSAMENTE: 20251008_173828_gmm1_RENOVACION___POLIZA_0000698592_CG_MedicaLife_Familiar_Antes_2021.pdf
2025-10-08 17:38:29 | Adjunto: image001.png
2025-10-08 17:38:29 | ? Verificación PDF: image001.png -> NO es PDF
2025-10-08 17:38:29 | Adjunto: image004.png
2025-10-08 17:38:29 | ? Verificación PDF: image004.png -> NO es PDF
2025-10-08 17:38:29 | RESUMEN: 8 PDFs encontrados, 8 descargados
2025-10-08 17:38:29 | ?? NUEVO CORREO DETECTADO - Iniciando procesamiento...
2025-10-08 17:38:29 | === PROCESANDO CORREO ENTRANTE ===
2025-10-08 17:38:29 | Asunto: RENOVACION DE GASTOS MEDICOS 693759896 NASTA NORMA AARUN RAME POL. (ANT) 59314435
2025-10-08 17:38:30 | Remitente: Acevedo Couttolenc / Rocio Romano
2025-10-08 17:38:30 | ?? Detectada cuenta EXCHANGE, extrayendo email real...
2025-10-08 17:38:30 | ? Email REAL obtenido de Exchange: gmm3@ACEVEDOCOUTTOLENC.COM
2025-10-08 17:38:30 | Email remitente: gmm3@acevedocouttolenc.com
2025-10-08 17:38:30 | Dominio detectado: acevedocouttolenc.com
2025-10-08 17:38:30 | ?? Comparando dominio: acevedocouttolenc.com vs acevedocouttolenc.com
2025-10-08 17:38:30 | ? DOMINIO COINCIDE
2025-10-08 17:38:30 | ? CORREO ACEPTADO - Dominio coincide
2025-10-08 17:38:30 | Buscando adjuntos. Total: 10
2025-10-08 17:38:30 | Adjunto: 693759896 AARUN RAME NASTA NORMA.pdf
2025-10-08 17:38:30 | ? Verificación PDF: 693759896 AARUN RAME NASTA NORMA.pdf -> EXTENSIÓN VÁLIDA
2025-10-08 17:38:30 | ? PDF ENCONTRADO: 693759896 AARUN RAME NASTA NORMA.pdf
2025-10-08 17:38:30 | Guardando como: 20251008_173830_gmm3_RENOVACION_DE_GASTOS_MEDICOS_6_693759896_AARUN_RAME_NASTA_NORMA.pdf
2025-10-08 17:38:30 | Ruta completa: C:\laragon\www\analizer_files\data\20251008_173830_gmm3_RENOVACION_DE_GASTOS_MEDICOS_6_693759896_AARUN_RAME_NASTA_NORMA.pdf
2025-10-08 17:38:30 | ? PDF DESCARGADO EXITOSAMENTE: 20251008_173830_gmm3_RENOVACION_DE_GASTOS_MEDICOS_6_693759896_AARUN_RAME_NASTA_NORMA.pdf
2025-10-08 17:38:30 | Adjunto: 693759896 AARUN RAME NASTA NORMA_RECIBO.pdf
2025-10-08 17:38:30 | ? Verificación PDF: 693759896 AARUN RAME NASTA NORMA_RECIBO.pdf -> EXTENSIÓN VÁLIDA
2025-10-08 17:38:30 | ? PDF ENCONTRADO: 693759896 AARUN RAME NASTA NORMA_RECIBO.pdf
2025-10-08 17:38:30 | Guardando como: 20251008_173830_gmm3_RENOVACION_DE_GASTOS_MEDICOS_6_693759896_AARUN_RAME_NASTA_NORMA_RECIBO.pdf
2025-10-08 17:38:30 | Ruta completa: C:\laragon\www\analizer_files\data\20251008_173830_gmm3_RENOVACION_DE_GASTOS_MEDICOS_6_693759896_AARUN_RAME_NASTA_NORMA_RECIBO.pdf
2025-10-08 17:38:30 | ? PDF DESCARGADO EXITOSAMENTE: 20251008_173830_gmm3_RENOVACION_DE_GASTOS_MEDICOS_6_693759896_AARUN_RAME_NASTA_NORMA_RECIBO.pdf
2025-10-08 17:38:30 | Adjunto: 693759896 AARUN RAME NASTA NORMA_FACTURA.pdf
2025-10-08 17:38:30 | ? Verificación PDF: 693759896 AARUN RAME NASTA NORMA_FACTURA.pdf -> EXTENSIÓN VÁLIDA
2025-10-08 17:38:30 | ? PDF ENCONTRADO: 693759896 AARUN RAME NASTA NORMA_FACTURA.pdf
2025-10-08 17:38:30 | Guardando como: 20251008_173830_gmm3_RENOVACION_DE_GASTOS_MEDICOS_6_693759896_AARUN_RAME_NASTA_NORMA_FACTURA.pdf
2025-10-08 17:38:30 | Ruta completa: C:\laragon\www\analizer_files\data\20251008_173830_gmm3_RENOVACION_DE_GASTOS_MEDICOS_6_693759896_AARUN_RAME_NASTA_NORMA_FACTURA.pdf
2025-10-08 17:38:30 | ? PDF DESCARGADO EXITOSAMENTE: 20251008_173830_gmm3_RENOVACION_DE_GASTOS_MEDICOS_6_693759896_AARUN_RAME_NASTA_NORMA_FACTURA.pdf
2025-10-08 17:38:30 | Adjunto: 693759896 AARUN RAME NASTA NORMA_FACTURA.xml
2025-10-08 17:38:30 | ? Verificación PDF: 693759896 AARUN RAME NASTA NORMA_FACTURA.xml -> NO es PDF
2025-10-08 17:38:30 | Adjunto: INTERNACIONAL.zip
2025-10-08 17:38:30 | ? Verificación PDF: INTERNACIONAL.zip -> NO es PDF
2025-10-08 17:38:30 | Adjunto: image003.png
2025-10-08 17:38:30 | ? Verificación PDF: image003.png -> NO es PDF
2025-10-08 17:38:30 | Adjunto: image006.png
2025-10-08 17:38:30 | ? Verificación PDF: image006.png -> NO es PDF
2025-10-08 17:38:30 | Adjunto: image009.png
2025-10-08 17:38:30 | ? Verificación PDF: image009.png -> NO es PDF
2025-10-08 17:38:30 | Adjunto: image010.png
2025-10-08 17:38:30 | ? Verificación PDF: image010.png -> NO es PDF
2025-10-08 17:38:30 | Adjunto: image011.jpg
2025-10-08 17:38:30 | ? Verificación PDF: image011.jpg -> NO es PDF
2025-10-08 17:38:30 | RESUMEN: 3 PDFs encontrados, 3 descargados
2025-10-08 18:11:40 | ?? NUEVO CORREO DETECTADO - Iniciando procesamiento...
2025-10-08 18:11:40 | === PROCESANDO CORREO ENTRANTE ===
2025-10-08 18:11:40 | Asunto: 06-012-07000177-00000-02 / INDUSTRIAS COBITEL S.A. DE C.V. / RENOVACIÓN EMPRESARIAL
2025-10-08 18:11:40 | Remitente: Acevedo Couttolenc / Saúl Sánchez
2025-10-08 18:11:40 | ?? Detectada cuenta EXCHANGE, extrayendo email real...
2025-10-08 18:11:40 | ? Email REAL obtenido de Exchange: danos@ACEVEDOCOUTTOLENC.COM
2025-10-08 18:11:40 | Email remitente: danos@acevedocouttolenc.com
2025-10-08 18:11:40 | Dominio detectado: acevedocouttolenc.com
2025-10-08 18:11:40 | ?? Comparando dominio: acevedocouttolenc.com vs acevedocouttolenc.com
2025-10-08 18:11:40 | ? DOMINIO COINCIDE
2025-10-08 18:11:40 | ? CORREO ACEPTADO - Dominio coincide
2025-10-08 18:11:40 | Buscando adjuntos. Total: 6
2025-10-08 18:11:40 | Adjunto: DE - Caratula de la Poliza_006-012-07000177-00000-02.pdf
2025-10-08 18:11:40 | ? Verificación PDF: DE - Caratula de la Poliza_006-012-07000177-00000-02.pdf -> EXTENSIÓN VÁLIDA
2025-10-08 18:11:40 | ? PDF ENCONTRADO: DE - Caratula de la Poliza_006-012-07000177-00000-02.pdf
2025-10-08 18:11:40 | Guardando como: 20251008_181140_danos_06-012-07000177-00000-02___IND_DE_-_Caratula_de_la_Poliza_006-012-07000177-00000-02.pdf
2025-10-08 18:11:40 | Ruta completa: C:\laragon\www\analizer_files\data\20251008_181140_danos_06-012-07000177-00000-02___IND_DE_-_Caratula_de_la_Poliza_006-012-07000177-00000-02.pdf
2025-10-08 18:11:41 | ? PDF DESCARGADO EXITOSAMENTE: 20251008_181140_danos_06-012-07000177-00000-02___IND_DE_-_Caratula_de_la_Poliza_006-012-07000177-00000-02.pdf
2025-10-08 18:11:41 | Adjunto: DE - Especificacion_006-012-07000177-00000-02.pdf
2025-10-08 18:11:41 | ? Verificación PDF: DE - Especificacion_006-012-07000177-00000-02.pdf -> EXTENSIÓN VÁLIDA
2025-10-08 18:11:41 | ? PDF ENCONTRADO: DE - Especificacion_006-012-07000177-00000-02.pdf
2025-10-08 18:11:41 | Guardando como: 20251008_181141_danos_06-012-07000177-00000-02___IND_DE_-_Especificacion_006-012-07000177-00000-02.pdf
2025-10-08 18:11:41 | Ruta completa: C:\laragon\www\analizer_files\data\20251008_181141_danos_06-012-07000177-00000-02___IND_DE_-_Especificacion_006-012-07000177-00000-02.pdf
2025-10-08 18:11:41 | ? PDF DESCARGADO EXITOSAMENTE: 20251008_181141_danos_06-012-07000177-00000-02___IND_DE_-_Especificacion_006-012-07000177-00000-02.pdf
2025-10-08 18:11:41 | Adjunto: image004.png
2025-10-08 18:11:41 | ? Verificación PDF: image004.png -> NO es PDF
2025-10-08 18:11:41 | Adjunto: DE - Recibo de Primas_006-012-07000177-00000-02.pdf
2025-10-08 18:11:41 | ? Verificación PDF: DE - Recibo de Primas_006-012-07000177-00000-02.pdf -> EXTENSIÓN VÁLIDA
2025-10-08 18:11:41 | ? PDF ENCONTRADO: DE - Recibo de Primas_006-012-07000177-00000-02.pdf
2025-10-08 18:11:41 | Guardando como: 20251008_181141_danos_06-012-07000177-00000-02___IND_DE_-_Recibo_de_Primas_006-012-07000177-00000-02.pdf
2025-10-08 18:11:41 | Ruta completa: C:\laragon\www\analizer_files\data\20251008_181141_danos_06-012-07000177-00000-02___IND_DE_-_Recibo_de_Primas_006-012-07000177-00000-02.pdf
2025-10-08 18:11:41 | ? PDF DESCARGADO EXITOSAMENTE: 20251008_181141_danos_06-012-07000177-00000-02___IND_DE_-_Recibo_de_Primas_006-012-07000177-00000-02.pdf
2025-10-08 18:11:41 | Adjunto: 006-012-07000177-00000-02.zip
2025-10-08 18:11:41 | ? Verificación PDF: 006-012-07000177-00000-02.zip -> NO es PDF
2025-10-08 18:11:41 | Adjunto: image002.png
2025-10-08 18:11:41 | ? Verificación PDF: image002.png -> NO es PDF
2025-10-08 18:11:41 | RESUMEN: 3 PDFs encontrados, 3 descargados
2025-10-08 18:24:52 | ?? NUEVO CORREO DETECTADO - Iniciando procesamiento...
2025-10-08 18:24:52 | === PROCESANDO CORREO ENTRANTE ===
2025-10-08 18:24:52 | Asunto: RE: 0940428743	BYB TRANSPORTES DE CARGA EN GENERAL	TRACTO CAMION CONSTELLATION  26.480 6X4 MOD 2026  / USO PRUEBA DE RODAJE
2025-10-08 18:24:52 | Remitente: BBT LOGISTICA Diana Hernandez Barcelata
2025-10-08 18:24:52 | ? Email obtenido por SenderEmailAddress: gerenciaoperativa@bbtlogistica.com.mx
2025-10-08 18:24:52 | Email remitente: gerenciaoperativa@bbtlogistica.com.mx
2025-10-08 18:24:52 | Dominio detectado: bbtlogistica.com.mx
2025-10-08 18:24:52 | ?? Comparando dominio: bbtlogistica.com.mx vs acevedocouttolenc.com
2025-10-08 18:24:52 | ? DOMINIO NO COINCIDE
2025-10-08 18:24:52 | ? CORREO RECHAZADO - Dominio NO coincide. Esperado: acevedocouttolenc.com
2025-10-08 18:25:30 | ?? NUEVO CORREO DETECTADO - Iniciando procesamiento...
2025-10-08 18:25:30 | === PROCESANDO CORREO ENTRANTE ===
2025-10-08 18:25:30 | Asunto: Recuperar: 0940428743	BYB TRANSPORTES DE CARGA EN GENERAL	TRACTO CAMION CONSTELLATION  26.480 6X4 MOD 2026  / USO PRUEBA DE RODAJE
2025-10-08 18:25:30 | Remitente: BBT LOGISTICA Diana Hernandez Barcelata
2025-10-08 18:25:30 | ? Email obtenido por SenderEmailAddress: gerenciaoperativa@bbtlogistica.com.mx
2025-10-08 18:25:30 | Email remitente: gerenciaoperativa@bbtlogistica.com.mx
2025-10-08 18:25:30 | Dominio detectado: bbtlogistica.com.mx
2025-10-08 18:25:30 | ?? Comparando dominio: bbtlogistica.com.mx vs acevedocouttolenc.com
2025-10-08 18:25:30 | ? DOMINIO NO COINCIDE
2025-10-08 18:25:30 | ? CORREO RECHAZADO - Dominio NO coincide. Esperado: acevedocouttolenc.com
2025-10-08 18:26:09 | ?? NUEVO CORREO DETECTADO - Iniciando procesamiento...
2025-10-08 18:26:09 | === PROCESANDO CORREO ENTRANTE ===
2025-10-08 18:26:09 | Asunto: RE: 0940428743	BYB TRANSPORTES DE CARGA EN GENERAL	TRACTO CAMION CONSTELLATION  26.480 6X4 MOD 2026  / USO PRUEBA DE RODAJE
2025-10-08 18:26:09 | Remitente: BBT LOGISTICA Diana Hernandez Barcelata
2025-10-08 18:26:09 | ? Email obtenido por SenderEmailAddress: gerenciaoperativa@bbtlogistica.com.mx
2025-10-08 18:26:09 | Email remitente: gerenciaoperativa@bbtlogistica.com.mx
2025-10-08 18:26:09 | Dominio detectado: bbtlogistica.com.mx
2025-10-08 18:26:09 | ?? Comparando dominio: bbtlogistica.com.mx vs acevedocouttolenc.com
2025-10-08 18:26:09 | ? DOMINIO NO COINCIDE
2025-10-08 18:26:09 | ? CORREO RECHAZADO - Dominio NO coincide. Esperado: acevedocouttolenc.com
2025-10-08 18:31:55 | ?? NUEVO CORREO DETECTADO - Iniciando procesamiento...
2025-10-08 18:31:55 | === PROCESANDO CORREO ENTRANTE ===
2025-10-08 18:31:55 | Asunto: 06-012-07000177-00000-02 / VALCOB, S.A. DE C.V. / RENOVACIÓN EMPRESARIAL
2025-10-08 18:31:55 | Remitente: Acevedo Couttolenc / Saúl Sánchez
2025-10-08 18:31:55 | ?? Detectada cuenta EXCHANGE, extrayendo email real...
2025-10-08 18:31:55 | ? Email REAL obtenido de Exchange: danos@ACEVEDOCOUTTOLENC.COM
2025-10-08 18:31:55 | Email remitente: danos@acevedocouttolenc.com
2025-10-08 18:31:55 | Dominio detectado: acevedocouttolenc.com
2025-10-08 18:31:55 | ?? Comparando dominio: acevedocouttolenc.com vs acevedocouttolenc.com
2025-10-08 18:31:55 | ? DOMINIO COINCIDE
2025-10-08 18:31:55 | ? CORREO ACEPTADO - Dominio coincide
2025-10-08 18:31:55 | Buscando adjuntos. Total: 6
2025-10-08 18:31:55 | Adjunto: 01DE - Recibo de Primas_006-012-07000177-00000-02.pdf
2025-10-08 18:31:55 | ? Verificación PDF: 01DE - Recibo de Primas_006-012-07000177-00000-02.pdf -> EXTENSIÓN VÁLIDA
2025-10-08 18:31:55 | ? PDF ENCONTRADO: 01DE - Recibo de Primas_006-012-07000177-00000-02.pdf
2025-10-08 18:31:55 | Guardando como: 20251008_183155_danos_06-012-07000177-00000-02___VAL_01DE_-_Recibo_de_Primas_006-012-07000177-00000-02.pdf
2025-10-08 18:31:55 | Ruta completa: C:\laragon\www\analizer_files\data\20251008_183155_danos_06-012-07000177-00000-02___VAL_01DE_-_Recibo_de_Primas_006-012-07000177-00000-02.pdf
2025-10-08 18:31:55 | ? PDF DESCARGADO EXITOSAMENTE: 20251008_183155_danos_06-012-07000177-00000-02___VAL_01DE_-_Recibo_de_Primas_006-012-07000177-00000-02.pdf
2025-10-08 18:31:55 | Adjunto: DE - Caratula de la Poliza_006-012-07000177-00000-02.pdf
2025-10-08 18:31:55 | ? Verificación PDF: DE - Caratula de la Poliza_006-012-07000177-00000-02.pdf -> EXTENSIÓN VÁLIDA
2025-10-08 18:31:55 | ? PDF ENCONTRADO: DE - Caratula de la Poliza_006-012-07000177-00000-02.pdf
2025-10-08 18:31:55 | Guardando como: 20251008_183155_danos_06-012-07000177-00000-02___VAL_DE_-_Caratula_de_la_Poliza_006-012-07000177-00000-02.pdf
2025-10-08 18:31:55 | Ruta completa: C:\laragon\www\analizer_files\data\20251008_183155_danos_06-012-07000177-00000-02___VAL_DE_-_Caratula_de_la_Poliza_006-012-07000177-00000-02.pdf
2025-10-08 18:31:55 | ? PDF DESCARGADO EXITOSAMENTE: 20251008_183155_danos_06-012-07000177-00000-02___VAL_DE_-_Caratula_de_la_Poliza_006-012-07000177-00000-02.pdf
2025-10-08 18:31:55 | Adjunto: DE - Especificacion_006-012-07000177-00000-02.pdf
2025-10-08 18:31:55 | ? Verificación PDF: DE - Especificacion_006-012-07000177-00000-02.pdf -> EXTENSIÓN VÁLIDA
2025-10-08 18:31:55 | ? PDF ENCONTRADO: DE - Especificacion_006-012-07000177-00000-02.pdf
2025-10-08 18:31:55 | Guardando como: 20251008_183155_danos_06-012-07000177-00000-02___VAL_DE_-_Especificacion_006-012-07000177-00000-02.pdf
2025-10-08 18:31:55 | Ruta completa: C:\laragon\www\analizer_files\data\20251008_183155_danos_06-012-07000177-00000-02___VAL_DE_-_Especificacion_006-012-07000177-00000-02.pdf
2025-10-08 18:31:56 | ? PDF DESCARGADO EXITOSAMENTE: 20251008_183155_danos_06-012-07000177-00000-02___VAL_DE_-_Especificacion_006-012-07000177-00000-02.pdf
2025-10-08 18:31:56 | Adjunto: 006-012-07000177-00000-02.zip
2025-10-08 18:31:56 | ? Verificación PDF: 006-012-07000177-00000-02.zip -> NO es PDF
2025-10-08 18:31:56 | Adjunto: image001.png
2025-10-08 18:31:56 | ? Verificación PDF: image001.png -> NO es PDF
2025-10-08 18:31:56 | Adjunto: image002.png
2025-10-08 18:31:56 | ? Verificación PDF: image002.png -> NO es PDF
2025-10-08 18:31:56 | RESUMEN: 3 PDFs encontrados, 3 descargados
2025-10-08 18:37:09 | ?? NUEVO CORREO DETECTADO - Iniciando procesamiento...
2025-10-08 18:37:09 | === PROCESANDO CORREO ENTRANTE ===
2025-10-08 18:37:09 | Asunto: 06-012-07000177-00000-02 / VALORES E INMUEBLES DE PUEBLA S.A. DE C.V. / RENOVACIÓN EMPRESARIAL
2025-10-08 18:37:09 | Remitente: Acevedo Couttolenc / Saúl Sánchez
2025-10-08 18:37:09 | ?? Detectada cuenta EXCHANGE, extrayendo email real...
2025-10-08 18:37:09 | ? Email REAL obtenido de Exchange: danos@ACEVEDOCOUTTOLENC.COM
2025-10-08 18:37:09 | Email remitente: danos@acevedocouttolenc.com
2025-10-08 18:37:09 | Dominio detectado: acevedocouttolenc.com
2025-10-08 18:37:09 | ?? Comparando dominio: acevedocouttolenc.com vs acevedocouttolenc.com
2025-10-08 18:37:09 | ? DOMINIO COINCIDE
2025-10-08 18:37:09 | ? CORREO ACEPTADO - Dominio coincide
2025-10-08 18:37:09 | Buscando adjuntos. Total: 6
2025-10-08 18:37:09 | Adjunto: DE - Caratula de la Poliza_006-012-07000177-00000-02.pdf
2025-10-08 18:37:09 | ? Verificación PDF: DE - Caratula de la Poliza_006-012-07000177-00000-02.pdf -> EXTENSIÓN VÁLIDA
2025-10-08 18:37:09 | ? PDF ENCONTRADO: DE - Caratula de la Poliza_006-012-07000177-00000-02.pdf
2025-10-08 18:37:09 | Guardando como: 20251008_183709_danos_06-012-07000177-00000-02___VAL_DE_-_Caratula_de_la_Poliza_006-012-07000177-00000-02.pdf
2025-10-08 18:37:09 | Ruta completa: C:\laragon\www\analizer_files\data\20251008_183709_danos_06-012-07000177-00000-02___VAL_DE_-_Caratula_de_la_Poliza_006-012-07000177-00000-02.pdf
2025-10-08 18:37:09 | ? PDF DESCARGADO EXITOSAMENTE: 20251008_183709_danos_06-012-07000177-00000-02___VAL_DE_-_Caratula_de_la_Poliza_006-012-07000177-00000-02.pdf
2025-10-08 18:37:09 | Adjunto: DE - Especificacion_006-012-07000177-00000-02.pdf
2025-10-08 18:37:09 | ? Verificación PDF: DE - Especificacion_006-012-07000177-00000-02.pdf -> EXTENSIÓN VÁLIDA
2025-10-08 18:37:09 | ? PDF ENCONTRADO: DE - Especificacion_006-012-07000177-00000-02.pdf
2025-10-08 18:37:09 | Guardando como: 20251008_183709_danos_06-012-07000177-00000-02___VAL_DE_-_Especificacion_006-012-07000177-00000-02.pdf
2025-10-08 18:37:09 | Ruta completa: C:\laragon\www\analizer_files\data\20251008_183709_danos_06-012-07000177-00000-02___VAL_DE_-_Especificacion_006-012-07000177-00000-02.pdf
2025-10-08 18:37:10 | ? PDF DESCARGADO EXITOSAMENTE: 20251008_183709_danos_06-012-07000177-00000-02___VAL_DE_-_Especificacion_006-012-07000177-00000-02.pdf
2025-10-08 18:37:10 | Adjunto: image004.png
2025-10-08 18:37:10 | ? Verificación PDF: image004.png -> NO es PDF
2025-10-08 18:37:10 | Adjunto: 006-012-07000177-00000-02.zip
2025-10-08 18:37:10 | ? Verificación PDF: 006-012-07000177-00000-02.zip -> NO es PDF
2025-10-08 18:37:10 | Adjunto: image002.png
2025-10-08 18:37:10 | ? Verificación PDF: image002.png -> NO es PDF
2025-10-08 18:37:10 | Adjunto: 02DE - Recibo de Primas_006-012-07000177-00000-02.pdf
2025-10-08 18:37:10 | ? Verificación PDF: 02DE - Recibo de Primas_006-012-07000177-00000-02.pdf -> EXTENSIÓN VÁLIDA
2025-10-08 18:37:10 | ? PDF ENCONTRADO: 02DE - Recibo de Primas_006-012-07000177-00000-02.pdf
2025-10-08 18:37:10 | Guardando como: 20251008_183710_danos_06-012-07000177-00000-02___VAL_02DE_-_Recibo_de_Primas_006-012-07000177-00000-02.pdf
2025-10-08 18:37:10 | Ruta completa: C:\laragon\www\analizer_files\data\20251008_183710_danos_06-012-07000177-00000-02___VAL_02DE_-_Recibo_de_Primas_006-012-07000177-00000-02.pdf
2025-10-08 18:37:10 | ? PDF DESCARGADO EXITOSAMENTE: 20251008_183710_danos_06-012-07000177-00000-02___VAL_02DE_-_Recibo_de_Primas_006-012-07000177-00000-02.pdf
2025-10-08 18:37:10 | RESUMEN: 3 PDFs encontrados, 3 descargados
